date,atm_id,location_type,net_cash_out,num_withdrawals,is_holiday,replenishment,end_of_day_balance,stockout
2021-01-01,ATM001,metro_retail,1939000,606,1,0,1601000,0
2021-01-01,ATM002,urban_residential,971800,304,1,0,1148200,0
2021-01-01,ATM003,corporate_park,1672000,522,1,0,1248000,0
2021-01-01,ATM004,rural_branch,592600,185,1,0,647400,0
2021-01-01,ATM005,transit_hub,1671500,522,1,0,1618500,0
2021-01-02,ATM001,metro_retail,1601000,500,0,0,0,1
2021-01-02,ATM002,urban_residential,1024700,320,0,0,123500,0
2021-01-02,ATM003,corporate_park,1248000,390,0,0,0,1
2021-01-02,ATM004,rural_branch,528400,165,0,0,119000,0
2021-01-02,ATM005,transit_hub,1618500,506,0,0,0,1
2021-01-03,ATM001,metro_retail,1519800,475,0,3540000,2020200,0
2021-01-03,ATM002,urban_residential,852100,266,0,1997000,1268400,0
2021-01-03,ATM003,corporate_park,1288700,403,0,2920000,1631300,0
2021-01-03,ATM004,rural_branch,465200,145,0,1121000,774900,0
2021-01-03,ATM005,transit_hub,1325800,414,0,3290000,1964200,0
2021-01-04,ATM001,metro_retail,1024800,320,0,0,995400,0
2021-01-04,ATM002,urban_residential,546000,171,0,0,722400,0
2021-01-04,ATM003,corporate_park,716100,224,0,0,915200,0
2021-01-04,ATM004,rural_branch,394600,123,0,0,380300,0
2021-01-04,ATM005,transit_hub,828500,259,0,0,1135700,0
2021-01-05,ATM001,metro_retail,687000,215,0,2545000,2853400,0
2021-01-05,ATM002,urban_residential,447700,140,0,1398000,1672700,0
2021-01-05,ATM003,corporate_park,615900,192,0,2005000,2304300,0
2021-01-05,ATM004,rural_branch,279400,87,0,860000,960900,0
2021-01-05,ATM005,transit_hub,651000,203,0,2154000,2638700,0
2021-01-06,ATM001,metro_retail,633200,198,0,0,2220200,0
2021-01-06,ATM002,urban_residential,397600,124,0,0,1275200,0
2021-01-06,ATM003,corporate_park,468400,146,0,0,1835900,0
2021-01-06,ATM004,rural_branch,203600,64,0,0,757300,0
2021-01-06,ATM005,transit_hub,635900,199,0,0,2002800,0
2021-01-07,ATM001,metro_retail,874800,273,0,0,1345400,0
2021-01-07,ATM002,urban_residential,537300,168,0,0,737800,0
2021-01-07,ATM003,corporate_park,604400,189,0,0,1231500,0
2021-01-07,ATM004,rural_branch,290900,91,0,0,466400,0
2021-01-07,ATM005,transit_hub,790300,247,0,0,1212400,0
2021-01-08,ATM001,metro_retail,1099600,344,0,0,245800,0
2021-01-08,ATM002,urban_residential,635300,199,0,1382000,1484500,0
2021-01-08,ATM003,corporate_park,964100,301,0,0,267500,0
2021-01-08,ATM004,rural_branch,351200,110,0,0,115200,0
2021-01-08,ATM005,transit_hub,992200,310,0,0,220300,0
2021-01-09,ATM001,metro_retail,1433200,448,0,3294000,2106700,0
2021-01-09,ATM002,urban_residential,712700,223,0,0,771800,0
2021-01-09,ATM003,corporate_park,1216900,380,0,2653000,1703500,0
2021-01-09,ATM004,rural_branch,511100,160,0,1125000,729100,0
2021-01-09,ATM005,transit_hub,1215400,380,0,3070000,2074900,0
2021-01-10,ATM001,metro_retail,1207300,377,0,0,899400,0
2021-01-10,ATM002,urban_residential,691400,216,0,0,80500,0
2021-01-10,ATM003,corporate_park,1000900,313,0,0,702600,0
2021-01-10,ATM004,rural_branch,506100,158,0,0,223100,0
2021-01-10,ATM005,transit_hub,1100700,344,0,0,974200,0
2021-01-11,ATM001,metro_retail,919000,287,0,2641000,2621400,0
2021-01-11,ATM002,urban_residential,464000,145,0,2040000,1656500,0
2021-01-11,ATM003,corporate_park,852800,267,0,2217000,2066800,0
2021-01-11,ATM004,rural_branch,349300,109,0,1017000,890700,0
2021-01-11,ATM005,transit_hub,910900,285,0,2316000,2379300,0
2021-01-12,ATM001,metro_retail,727600,227,0,0,1893800,0
2021-01-12,ATM002,urban_residential,412000,129,0,0,1244500,0
2021-01-12,ATM003,corporate_park,597100,187,0,0,1469700,0
2021-01-12,ATM004,rural_branch,267000,83,0,0,623800,0
2021-01-12,ATM005,transit_hub,702500,220,0,0,1676800,0
2021-01-13,ATM001,metro_retail,730100,228,0,0,1163800,0
2021-01-13,ATM002,urban_residential,407800,127,0,0,836700,0
2021-01-13,ATM003,corporate_park,513000,160,0,0,956700,0
2021-01-13,ATM004,rural_branch,262400,82,0,0,361300,0
2021-01-13,ATM005,transit_hub,641700,201,0,0,1035000,0
2021-01-14,ATM001,metro_retail,819800,256,0,2376000,2720000,0
2021-01-14,ATM002,urban_residential,431400,135,0,0,405300,0
2021-01-14,ATM003,corporate_park,736300,230,0,1963000,2183400,0
2021-01-14,ATM004,rural_branch,237700,74,0,879000,1002700,0
2021-01-14,ATM005,transit_hub,618400,193,0,2255000,2671700,0
2021-01-15,ATM001,metro_retail,1125800,352,0,0,1594200,0
2021-01-15,ATM002,urban_residential,683600,214,0,1715000,1436700,0
2021-01-15,ATM003,corporate_park,853800,267,0,0,1329600,0
2021-01-15,ATM004,rural_branch,441700,138,0,0,561000,0
2021-01-15,ATM005,transit_hub,1094600,342,0,0,1577000,0
2021-01-16,ATM001,metro_retail,1361000,425,0,0,233200,0
2021-01-16,ATM002,urban_residential,799000,250,0,0,637700,0
2021-01-16,ATM003,corporate_park,1200400,375,0,0,129200,0
2021-01-16,ATM004,rural_branch,530400,166,0,0,30600,0
2021-01-16,ATM005,transit_hub,1338700,418,0,0,238300,0
2021-01-17,ATM001,metro_retail,1093700,342,0,3307000,2446500,0
2021-01-17,ATM002,urban_residential,686300,214,0,1482000,1433400,0
2021-01-17,ATM003,corporate_park,968400,303,0,2791000,1951800,0
2021-01-17,ATM004,rural_branch,396400,124,0,1209000,843300,0
2021-01-17,ATM005,transit_hub,1035800,324,0,3052000,2254500,0
2021-01-18,ATM001,metro_retail,880600,275,0,0,1565900,0
2021-01-18,ATM002,urban_residential,618200,193,0,0,815200,0
2021-01-18,ATM003,corporate_park,744300,233,0,0,1207500,0
2021-01-18,ATM004,rural_branch,307400,96,0,0,535800,0
2021-01-18,ATM005,transit_hub,869400,272,0,0,1385000,0
2021-01-19,ATM001,metro_retail,812600,254,0,0,753300,0
2021-01-19,ATM002,urban_residential,473300,148,0,0,341900,0
2021-01-19,ATM003,corporate_park,533400,167,0,0,674100,0
2021-01-19,ATM004,rural_branch,296100,93,0,0,239800,0
2021-01-19,ATM005,transit_hub,641400,200,0,0,743600,0
2021-01-20,ATM001,metro_retail,714600,223,0,2787000,2825800,0
2021-01-20,ATM002,urban_residential,391600,122,0,1778000,1728300,0
2021-01-20,ATM003,corporate_park,525200,164,0,2246000,2394900,0
2021-01-20,ATM004,rural_branch,255200,80,0,1000000,984600,0
2021-01-20,ATM005,transit_hub,754500,236,0,2546000,2535100,0
2021-01-21,ATM001,metro_retail,742900,232,0,0,2082900,0
2021-01-21,ATM002,urban_residential,492100,154,0,0,1236300,0
2021-01-21,ATM003,corporate_park,617100,193,0,0,1777800,0
2021-01-21,ATM004,rural_branch,237100,74,0,0,747500,0
2021-01-21,ATM005,transit_hub,767700,240,0,0,1767400,0
2021-01-22,ATM001,metro_retail,1013600,317,0,0,1069300,0
2021-01-22,ATM002,urban_residential,568100,178,0,0,668200,0
2021-01-22,ATM003,corporate_park,847500,265,0,0,930300,0
2021-01-22,ATM004,rural_branch,359500,112,0,0,388000,0
2021-01-22,ATM005,transit_hub,990200,309,0,0,777200,0
2021-01-23,ATM001,metro_retail,1500500,469,0,2471000,2039700,0
2021-01-23,ATM002,urban_residential,776500,243,0,1452000,1343700,0
2021-01-23,ATM003,corporate_park,1230200,384,0,1990000,1690100,0
2021-01-23,ATM004,rural_branch,462900,145,0,852000,777100,0
2021-01-23,ATM005,transit_hub,1304600,408,0,2513000,1985600,0
2021-01-24,ATM001,metro_retail,1361300,425,0,0,678500,0
2021-01-24,ATM002,urban_residential,796800,249,0,0,546900,0
2021-01-24,ATM003,corporate_park,1111500,347,0,0,578600,0
2021-01-24,ATM004,rural_branch,419500,131,0,0,357600,0
2021-01-24,ATM005,transit_hub,1041000,325,0,0,944600,0
2021-01-25,ATM001,metro_retail,922000,288,0,2862000,2618500,0
2021-01-25,ATM002,urban_residential,476200,149,0,1573000,1643600,0
2021-01-25,ATM003,corporate_park,697100,218,0,2341000,2222500,0
2021-01-25,ATM004,rural_branch,326100,102,0,882000,913500,0
2021-01-25,ATM005,transit_hub,968000,303,0,2345000,2321600,0
2021-01-26,ATM001,metro_retail,821500,257,1,0,1796900,0
2021-01-26,ATM002,urban_residential,498300,156,1,0,1145400,0
2021-01-26,ATM003,corporate_park,591900,185,1,0,1630600,0
2021-01-26,ATM004,rural_branch,275300,86,1,0,638200,0
2021-01-26,ATM005,transit_hub,633000,198,1,0,1688600,0
2021-01-27,ATM001,metro_retail,783900,245,0,0,1013000,0
2021-01-27,ATM002,urban_residential,388900,122,0,0,756500,0
2021-01-27,ATM003,corporate_park,576000,180,0,0,1054600,0
2021-01-27,ATM004,rural_branch,296000,93,0,0,342200,0
2021-01-27,ATM005,transit_hub,753200,235,0,0,935400,0
2021-01-28,ATM001,metro_retail,809200,253,0,2527000,2730800,0
2021-01-28,ATM002,urban_residential,446600,140,0,0,309900,0
2021-01-28,ATM003,corporate_park,647600,202,0,0,407000,0
2021-01-28,ATM004,rural_branch,289200,90,0,898000,951000,0
2021-01-28,ATM005,transit_hub,737200,230,0,2355000,2553200,0
2021-01-29,ATM001,metro_retail,1274700,398,0,0,1456100,0
2021-01-29,ATM002,urban_residential,817700,256,0,1810000,1302200,0
2021-01-29,ATM003,corporate_park,1234900,386,0,2513000,1685100,0
2021-01-29,ATM004,rural_branch,566600,177,0,0,384400,0
2021-01-29,ATM005,transit_hub,1399500,437,0,0,1153700,0
2021-01-30,ATM001,metro_retail,1456100,455,0,0,0,1
2021-01-30,ATM002,urban_residential,1204700,376,0,0,97500,0
2021-01-30,ATM003,corporate_park,1480300,463,0,0,204800,0
2021-01-30,ATM004,rural_branch,532800,166,0,856000,707600,0
2021-01-30,ATM005,transit_hub,1153700,361,0,0,0,1
2021-01-31,ATM001,metro_retail,1549700,484,0,3540000,1990300,0
2021-01-31,ATM002,urban_residential,880400,275,0,2023000,1240000,0
2021-01-31,ATM003,corporate_park,1229000,384,0,2715000,1690800,0
2021-01-31,ATM004,rural_branch,556000,174,0,0,151500,0
2021-01-31,ATM005,transit_hub,1533400,479,0,3290000,1756600,0
2021-02-01,ATM001,metro_retail,1260900,394,0,0,729500,0
2021-02-01,ATM002,urban_residential,804600,251,0,0,435400,0
2021-02-01,ATM003,corporate_park,1179000,368,0,0,511800,0
2021-02-01,ATM004,rural_branch,536700,168,0,1088000,702900,0
2021-02-01,ATM005,transit_hub,1454300,454,0,0,302200,0
2021-02-02,ATM001,metro_retail,1045800,327,0,2811000,2494700,0
2021-02-02,ATM002,urban_residential,614300,192,0,1685000,1506100,0
2021-02-02,ATM003,corporate_park,843700,264,0,2408000,2076100,0
2021-02-02,ATM004,rural_branch,373200,117,0,0,329700,0
2021-02-02,ATM005,transit_hub,974400,304,0,2988000,2315900,0
2021-02-03,ATM001,metro_retail,883200,276,0,0,1611400,0
2021-02-03,ATM002,urban_residential,521900,163,0,0,984200,0
2021-02-03,ATM003,corporate_park,765200,239,0,0,1310900,0
2021-02-03,ATM004,rural_branch,293000,92,0,910000,946700,0
2021-02-03,ATM005,transit_hub,721800,226,0,0,1594100,0
2021-02-04,ATM001,metro_retail,681500,213,0,0,930000,0
2021-02-04,ATM002,urban_residential,426300,133,0,0,557900,0
2021-02-04,ATM003,corporate_park,559000,175,0,0,751900,0
2021-02-04,ATM004,rural_branch,247200,77,0,0,699500,0
2021-02-04,ATM005,transit_hub,776600,243,0,0,817500,0
2021-02-05,ATM001,metro_retail,1032700,323,0,2610000,2507300,0
2021-02-05,ATM002,urban_residential,635000,198,0,1562000,1484900,0
2021-02-05,ATM003,corporate_park,912200,285,0,2168000,2007700,0
2021-02-05,ATM004,rural_branch,414400,130,0,0,285100,0
2021-02-05,ATM005,transit_hub,1092500,341,0,2473000,2198000,0
2021-02-06,ATM001,metro_retail,1267200,396,0,0,1240100,0
2021-02-06,ATM002,urban_residential,829100,259,0,0,655800,0
2021-02-06,ATM003,corporate_park,1116900,349,0,0,890800,0
2021-02-06,ATM004,rural_branch,476200,149,0,955000,763800,0
2021-02-06,ATM005,transit_hub,1284800,402,0,0,913100,0
2021-02-07,ATM001,metro_retail,1222700,382,0,0,17300,0
2021-02-07,ATM002,urban_residential,839600,262,0,1464000,1280200,0
2021-02-07,ATM003,corporate_park,1101400,344,0,2029000,1818400,0
2021-02-07,ATM004,rural_branch,497400,155,0,0,266400,0
2021-02-07,ATM005,transit_hub,1411200,441,0,2377000,1878900,0
2021-02-08,ATM001,metro_retail,863000,270,0,3523000,2677300,0
2021-02-08,ATM002,urban_residential,522500,163,0,0,757700,0
2021-02-08,ATM003,corporate_park,751600,235,0,0,1066800,0
2021-02-08,ATM004,rural_branch,334900,105,0,974000,905500,0
2021-02-08,ATM005,transit_hub,769500,240,0,0,1109400,0
2021-02-09,ATM001,metro_retail,701000,219,0,0,1976300,0
2021-02-09,ATM002,urban_residential,422400,132,0,0,335300,0
2021-02-09,ATM003,corporate_park,620700,194,0,0,446100,0
2021-02-09,ATM004,rural_branch,254500,80,0,0,651000,0
2021-02-09,ATM005,transit_hub,711300,222,0,2181000,2579100,0
2021-02-10,ATM001,metro_retail,744800,233,0,0,1231500,0
2021-02-10,ATM002,urban_residential,435100,136,0,1785000,1685200,0
2021-02-10,ATM003,corporate_park,549800,172,0,2474000,2370200,0
2021-02-10,ATM004,rural_branch,254400,79,0,0,396600,0
2021-02-10,ATM005,transit_hub,723200,226,0,0,1855900,0
2021-02-11,ATM001,metro_retail,768800,240,0,2309000,2771600,0
2021-02-11,ATM002,urban_residential,446700,140,0,0,1238500,0
2021-02-11,ATM003,corporate_park,595400,186,0,0,1774800,0
2021-02-11,ATM004,rural_branch,245900,77,0,843000,993700,0
2021-02-11,ATM005,transit_hub,717700,224,0,0,1138100,0
2021-02-12,ATM001,metro_retail,1066000,333,0,0,1705600,0
2021-02-12,ATM002,urban_residential,630000,197,0,0,608500,0
2021-02-12,ATM003,corporate_park,832200,260,0,0,942600,0
2021-02-12,ATM004,rural_branch,447200,140,0,0,546500,0
2021-02-12,ATM005,transit_hub,1007600,315,0,2152000,2282600,0
2021-02-13,ATM001,metro_retail,1418800,443,0,0,286800,0
2021-02-13,ATM002,urban_residential,823500,257,0,1511000,1296000,0
2021-02-13,ATM003,corporate_park,1194700,373,0,1977000,1724900,0
2021-02-13,ATM004,rural_branch,514800,161,0,0,31700,0
2021-02-13,ATM005,transit_hub,1167200,365,0,0,1115300,0
2021-02-14,ATM001,metro_retail,1210600,378,0,3253000,2329100,0
2021-02-14,ATM002,urban_residential,684000,214,0,0,612000,0
2021-02-14,ATM003,corporate_park,962400,301,0,0,762500,0
2021-02-14,ATM004,rural_branch,488400,153,0,1208000,751300,0
2021-02-14,ATM005,transit_hub,1224900,383,0,2175000,2065500,0
2021-02-15,ATM001,metro_retail,1061700,332,0,0,1267400,0
2021-02-15,ATM002,urban_residential,581100,182,0,1508000,1538900,0
2021-02-15,ATM003,corporate_park,868600,271,0,2157000,2050900,0
2021-02-15,ATM004,rural_branch,344600,108,0,0,406700,0
2021-02-15,ATM005,transit_hub,948300,296,0,0,1117200,0
2021-02-16,ATM001,metro_retail,722600,226,0,0,544800,0
2021-02-16,ATM002,urban_residential,450000,141,0,0,1088900,0
2021-02-16,ATM003,corporate_park,705400,220,0,0,1345600,0
2021-02-16,ATM004,rural_branch,244500,76,0,833000,995200,0
2021-02-16,ATM005,transit_hub,660800,207,0,2173000,2629400,0
2021-02-17,ATM001,metro_retail,778400,243,0,2995000,2761400,0
2021-02-17,ATM002,urban_residential,394300,123,0,0,694600,0
2021-02-17,ATM003,corporate_park,524000,164,0,0,821600,0
2021-02-17,ATM004,rural_branch,243900,76,0,0,751300,0
2021-02-17,ATM005,transit_hub,623300,195,0,0,2006100,0
2021-02-18,ATM001,metro_retail,732200,229,0,0,2029200,0
2021-02-18,ATM002,urban_residential,490900,153,0,1425000,1628700,0
2021-02-18,ATM003,corporate_park,700700,219,0,2098000,2218900,0
2021-02-18,ATM004,rural_branch,245500,77,0,0,505700,0
2021-02-18,ATM005,transit_hub,671000,210,0,0,1335100,0
2021-02-19,ATM001,metro_retail,1121600,351,0,0,907500,0
2021-02-19,ATM002,urban_residential,648600,203,0,0,980100,0
2021-02-19,ATM003,corporate_park,866800,271,0,0,1352100,0
2021-02-19,ATM004,rural_branch,404500,126,0,0,101300,0
2021-02-19,ATM005,transit_hub,1101800,344,0,0,233400,0
2021-02-20,ATM001,metro_retail,1404300,439,0,2632000,2135300,0
2021-02-20,ATM002,urban_residential,754700,236,0,0,225400,0
2021-02-20,ATM003,corporate_park,1187400,371,0,0,164700,0
2021-02-20,ATM004,rural_branch,524400,164,0,1139000,715900,0
2021-02-20,ATM005,transit_hub,1543100,482,0,3057000,1747300,0
2021-02-21,ATM001,metro_retail,1265500,395,0,0,869800,0
2021-02-21,ATM002,urban_residential,733200,229,0,1895000,1387100,0
2021-02-21,ATM003,corporate_park,1070500,335,0,2755000,1849200,0
2021-02-21,ATM004,rural_branch,404100,126,0,0,311800,0
2021-02-21,ATM005,transit_hub,1177500,368,0,0,569800,0
2021-02-22,ATM001,metro_retail,1018700,318,0,2670000,2521100,0
2021-02-22,ATM002,urban_residential,565800,177,0,0,821400,0
2021-02-22,ATM003,corporate_park,809600,253,0,0,1039500,0
2021-02-22,ATM004,rural_branch,320600,100,0,928000,919200,0
2021-02-22,ATM005,transit_hub,820600,256,0,2720000,2469300,0
2021-02-23,ATM001,metro_retail,710300,222,0,0,1810800,0
2021-02-23,ATM002,urban_residential,460700,144,0,0,360700,0
2021-02-23,ATM003,corporate_park,638300,199,0,0,401300,0
2021-02-23,ATM004,rural_branch,268500,84,0,0,650800,0
2021-02-23,ATM005,transit_hub,675500,211,0,0,1793700,0
2021-02-24,ATM001,metro_retail,696700,218,0,0,1114100,0
2021-02-24,ATM002,urban_residential,462200,144,0,1759000,1657500,0
2021-02-24,ATM003,corporate_park,568700,178,0,2519000,2351600,0
2021-02-24,ATM004,rural_branch,234000,73,0,0,416800,0
2021-02-24,ATM005,transit_hub,642100,201,0,0,1151700,0
2021-02-25,ATM001,metro_retail,744300,233,0,2426000,2795800,0
2021-02-25,ATM002,urban_residential,441400,138,0,0,1216100,0
2021-02-25,ATM003,corporate_park,625100,195,0,0,1726500,0
2021-02-25,ATM004,rural_branch,257400,80,0,823000,982400,0
2021-02-25,ATM005,transit_hub,678000,212,0,0,473700,0
2021-02-26,ATM001,metro_retail,1391900,435,0,0,1403900,0
2021-02-26,ATM002,urban_residential,791100,247,0,0,425000,0
2021-02-26,ATM003,corporate_park,1051000,328,0,0,675500,0
2021-02-26,ATM004,rural_branch,575400,180,0,0,407000,0
2021-02-26,ATM005,transit_hub,1463500,457,0,2816000,1826200,0
2021-02-27,ATM001,metro_retail,1403900,439,0,0,0,1
2021-02-27,ATM002,urban_residential,1029200,322,0,1695000,1090800,0
2021-02-27,ATM003,corporate_park,1536600,480,0,2244000,1382900,0
2021-02-27,ATM004,rural_branch,590200,184,0,833000,649700,0
2021-02-27,ATM005,transit_hub,1509500,472,0,0,316600,0
2021-02-28,ATM001,metro_retail,1379800,431,0,3540000,2160200,0
2021-02-28,ATM002,urban_residential,873300,273,0,0,217500,0
2021-02-28,ATM003,corporate_park,1243800,389,0,0,139100,0
2021-02-28,ATM004,rural_branch,526200,164,0,0,123600,0
2021-02-28,ATM005,transit_hub,1470200,459,0,2973000,1819400,0
2021-03-01,ATM001,metro_retail,1546700,483,0,0,613500,0
2021-03-01,ATM002,urban_residential,770300,241,0,1903000,1350200,0
2021-03-01,ATM003,corporate_park,1122400,351,0,2781000,1797700,0
2021-03-01,ATM004,rural_branch,617700,193,0,1116000,621900,0
2021-03-01,ATM005,transit_hub,1315100,411,0,0,504300,0
2021-03-02,ATM001,metro_retail,945900,296,0,2926000,2593600,0
2021-03-02,ATM002,urban_residential,602100,188,0,0,748100,0
2021-03-02,ATM003,corporate_park,812700,254,0,0,985000,0
2021-03-02,ATM004,rural_branch,282700,88,0,0,339200,0
2021-03-02,ATM005,transit_hub,877600,274,0,2786000,2412700,0
2021-03-03,ATM001,metro_retail,846000,264,0,0,1747600,0
2021-03-03,ATM002,urban_residential,533800,167,0,0,214400,0
2021-03-03,ATM003,corporate_park,786200,246,0,1935000,2133800,0
2021-03-03,ATM004,rural_branch,280700,88,0,901000,959500,0
2021-03-03,ATM005,transit_hub,789000,247,0,0,1623700,0
2021-03-04,ATM001,metro_retail,728600,228,0,0,1019100,0
2021-03-04,ATM002,urban_residential,438000,137,0,1906000,1682400,0
2021-03-04,ATM003,corporate_park,573400,179,0,0,1560300,0
2021-03-04,ATM004,rural_branch,321500,100,0,0,638000,0
2021-03-04,ATM005,transit_hub,729900,228,0,0,893800,0
2021-03-05,ATM001,metro_retail,969200,303,0,2521000,2570900,0
2021-03-05,ATM002,urban_residential,607800,190,0,0,1074600,0
2021-03-05,ATM003,corporate_park,809600,253,0,0,750700,0
2021-03-05,ATM004,rural_branch,364100,114,0,0,273800,0
2021-03-05,ATM005,transit_hub,1055500,330,0,2396000,2234300,0
2021-03-06,ATM001,metro_retail,1401700,438,0,0,1169200,0
2021-03-06,ATM002,urban_residential,847200,265,0,0,227400,0
2021-03-06,ATM003,corporate_park,1155600,361,0,2169000,1764100,0
2021-03-06,ATM004,rural_branch,515300,161,0,966000,724600,0
2021-03-06,ATM005,transit_hub,1429600,447,0,0,804700,0
2021-03-07,ATM001,metro_retail,1278000,399,0,2371000,2262200,0
2021-03-07,ATM002,urban_residential,764900,239,0,1893000,1355500,0
2021-03-07,ATM003,corporate_park,1136400,355,0,0,627700,0
2021-03-07,ATM004,rural_branch,580600,181,0,0,143900,0
2021-03-07,ATM005,transit_hub,1360700,425,0,2485000,1929000,0
2021-03-08,ATM001,metro_retail,1141700,357,1,0,1120400,0
2021-03-08,ATM002,urban_residential,599000,187,1,0,756400,0
2021-03-08,ATM003,corporate_park,824300,258,1,2292000,2095400,0
2021-03-08,ATM004,rural_branch,355600,111,1,1096000,884300,0
2021-03-08,ATM005,transit_hub,1028700,321,1,0,900300,0
2021-03-09,ATM001,metro_retail,744600,233,0,2420000,2795900,0
2021-03-09,ATM002,urban_residential,433000,135,0,0,323500,0
2021-03-09,ATM003,corporate_park,741100,232,0,0,1354300,0
2021-03-09,ATM004,rural_branch,244600,76,0,0,639700,0
2021-03-09,ATM005,transit_hub,683400,214,0,2390000,2606900,0
2021-03-10,ATM001,metro_retail,715700,224,0,0,2080200,0
2021-03-10,ATM002,urban_residential,419100,131,0,1797000,1701300,0
2021-03-10,ATM003,corporate_park,552800,173,0,0,801400,0
2021-03-10,ATM004,rural_branch,263900,82,0,0,375900,0
2021-03-10,ATM005,transit_hub,678800,212,0,0,1928100,0
2021-03-11,ATM001,metro_retail,796100,249,0,0,1284100,0
2021-03-11,ATM002,urban_residential,421000,132,0,0,1280300,0
2021-03-11,ATM003,corporate_park,696800,218,0,2119000,2223600,0
2021-03-11,ATM004,rural_branch,267100,83,0,864000,972700,0
2021-03-11,ATM005,transit_hub,647600,202,0,0,1280500,0
2021-03-12,ATM001,metro_retail,1210300,378,0,0,73700,0
2021-03-12,ATM002,urban_residential,678800,212,0,0,601500,0
2021-03-12,ATM003,corporate_park,906300,283,0,0,1317300,0
2021-03-12,ATM004,rural_branch,360600,113,0,0,612100,0
2021-03-12,ATM005,transit_hub,937900,293,0,0,342600,0
2021-03-13,ATM001,metro_retail,1335200,417,0,3466000,2204500,0
2021-03-13,ATM002,urban_residential,878100,274,0,1518000,1241400,0
2021-03-13,ATM003,corporate_park,1056500,330,0,0,260800,0
2021-03-13,ATM004,rural_branch,484600,151,0,0,127500,0
2021-03-13,ATM005,transit_hub,1235700,386,0,2947000,2054000,0
2021-03-14,ATM001,metro_retail,1173000,367,0,0,1031500,0
2021-03-14,ATM002,urban_residential,723000,226,0,0,518400,0
2021-03-14,ATM003,corporate_park,912800,285,0,2659000,2007000,0
2021-03-14,ATM004,rural_branch,374600,117,0,1112000,864900,0
2021-03-14,ATM005,transit_hub,1170100,366,0,0,883900,0
2021-03-15,ATM001,metro_retail,1126200,352,0,2509000,2414300,0
2021-03-15,ATM002,urban_residential,622500,195,0,1602000,1497900,0
2021-03-15,ATM003,corporate_park,979600,306,0,0,1027400,0
2021-03-15,ATM004,rural_branch,383600,120,0,0,481300,0
2021-03-15,ATM005,transit_hub,986700,308,0,2406000,2303200,0
2021-03-16,ATM001,metro_retail,664100,208,0,0,1750200,0
2021-03-16,ATM002,urban_residential,454500,142,0,0,1043400,0
2021-03-16,ATM003,corporate_park,704000,220,0,0,323400,0
2021-03-16,ATM004,rural_branch,282600,88,0,0,198700,0
2021-03-16,ATM005,transit_hub,750100,234,0,0,1553100,0
2021-03-17,ATM001,metro_retail,781000,244,0,0,969200,0
2021-03-17,ATM002,urban_residential,426500,133,0,0,617000,0
2021-03-17,ATM003,corporate_park,487600,152,0,2597000,2432800,0
2021-03-17,ATM004,rural_branch,249700,78,0,1041000,990000,0
2021-03-17,ATM005,transit_hub,708200,221,0,0,844900,0
2021-03-18,ATM001,metro_retail,731200,229,0,2571000,2809000,0
2021-03-18,ATM002,urban_residential,483400,151,0,1503000,1636600,0
2021-03-18,ATM003,corporate_park,658600,206,0,0,1774200,0
2021-03-18,ATM004,rural_branch,263700,82,0,0,726300,0
2021-03-18,ATM005,transit_hub,907200,284,0,2445000,2382700,0
2021-03-19,ATM001,metro_retail,1093700,342,0,0,1715300,0
2021-03-19,ATM002,urban_residential,720100,225,0,0,916500,0
2021-03-19,ATM003,corporate_park,937200,293,0,0,837100,0
2021-03-19,ATM004,rural_branch,402300,126,0,0,324000,0
2021-03-19,ATM005,transit_hub,892000,279,0,0,1490600,0
2021-03-20,ATM001,metro_retail,1398400,437,0,0,317000,0
2021-03-20,ATM002,urban_residential,833100,260,0,0,83400,0
2021-03-20,ATM003,corporate_park,1207300,377,0,2083000,1712700,0
2021-03-20,ATM004,rural_branch,466200,146,0,916000,773800,0
2021-03-20,ATM005,transit_hub,1267100,396,0,0,223500,0
2021-03-21,ATM001,metro_retail,1313600,410,0,3223000,2226400,0
2021-03-21,ATM002,urban_residential,744200,233,0,2037000,1376300,0
2021-03-21,ATM003,corporate_park,974100,304,0,0,738700,0
2021-03-21,ATM004,rural_branch,415600,130,0,0,358200,0
2021-03-21,ATM005,transit_hub,1103700,345,0,3066000,2185800,0
2021-03-22,ATM001,metro_retail,940100,294,0,0,1286300,0
2021-03-22,ATM002,urban_residential,596700,186,0,0,779600,0
2021-03-22,ATM003,corporate_park,705300,220,0,2181000,2214400,0
2021-03-22,ATM004,rural_branch,331200,103,0,882000,909000,0
2021-03-22,ATM005,transit_hub,811300,254,0,0,1374500,0
2021-03-23,ATM001,metro_retail,800000,250,0,0,486300,0
2021-03-23,ATM002,urban_residential,428200,134,0,0,351400,0
2021-03-23,ATM003,corporate_park,747400,234,0,0,1467000,0
2021-03-23,ATM004,rural_branch,301800,94,0,0,607200,0
2021-03-23,ATM005,transit_hub,620200,194,0,0,754300,0
2021-03-24,ATM001,metro_retail,757000,237,0,3054000,2783200,0
2021-03-24,ATM002,urban_residential,395300,124,0,1769000,1725100,0
2021-03-24,ATM003,corporate_park,633600,198,0,0,833400,0
2021-03-24,ATM004,rural_branch,253000,79,0,0,354200,0
2021-03-24,ATM005,transit_hub,674700,211,0,2536000,2615600,0
2021-03-25,ATM001,metro_retail,739100,231,0,0,2044100,0
2021-03-25,ATM002,urban_residential,484300,151,0,0,1240700,0
2021-03-25,ATM003,corporate_park,616600,193,0,2087000,2303800,0
2021-03-25,ATM004,rural_branch,267100,83,0,886000,973100,0
2021-03-25,ATM005,transit_hub,681500,213,0,0,1934100,0
2021-03-26,ATM001,metro_retail,1126200,352,0,0,917900,0
2021-03-26,ATM002,urban_residential,575100,180,0,0,665600,0
2021-03-26,ATM003,corporate_park,852600,266,0,0,1451300,0
2021-03-26,ATM004,rural_branch,375300,117,0,0,597800,0
2021-03-26,ATM005,transit_hub,1026500,321,0,0,907600,0
2021-03-27,ATM001,metro_retail,1714800,536,0,2622000,1825100,0
2021-03-27,ATM002,urban_residential,939800,294,0,1454000,1179900,0
2021-03-27,ATM003,corporate_park,1034100,323,0,0,417100,0
2021-03-27,ATM004,rural_branch,474400,148,0,0,123500,0
2021-03-27,ATM005,transit_hub,1620300,506,0,2382000,1669300,0
2021-03-28,ATM001,metro_retail,1186600,371,0,0,638500,0
2021-03-28,ATM002,urban_residential,767700,240,0,0,412200,0
2021-03-28,ATM003,corporate_park,936400,293,0,2503000,1983700,0
2021-03-28,ATM004,rural_branch,389900,122,0,1117000,850500,0
2021-03-28,ATM005,transit_hub,1164100,364,0,0,505200,0
2021-03-29,ATM001,metro_retail,1229900,384,0,2901000,2309600,0
2021-03-29,ATM002,urban_residential,740100,231,0,1708000,1380100,0
2021-03-29,ATM003,corporate_park,974600,305,0,0,1009100,0
2021-03-29,ATM004,rural_branch,396200,124,0,0,454300,0
2021-03-29,ATM005,transit_hub,1000300,313,0,2785000,2289800,0
2021-03-30,ATM001,metro_retail,989200,309,0,0,1320400,0
2021-03-30,ATM002,urban_residential,572500,179,0,0,807600,0
2021-03-30,ATM003,corporate_park,697600,218,0,1911000,2222500,0
2021-03-30,ATM004,rural_branch,369800,116,0,0,84600,0
2021-03-30,ATM005,transit_hub,916900,287,0,0,1372900,0
2021-03-31,ATM001,metro_retail,946900,296,0,0,373500,0
2021-03-31,ATM002,urban_residential,629300,197,0,0,178300,0
2021-03-31,ATM003,corporate_park,860400,269,0,0,1362100,0
2021-03-31,ATM004,rural_branch,312800,98,0,1155000,926800,0
2021-03-31,ATM005,transit_hub,801300,250,0,0,571600,0
2021-04-01,ATM001,metro_retail,1033600,323,0,3166000,2506000,0
2021-04-01,ATM002,urban_residential,617500,193,0,1942000,1502900,0
2021-04-01,ATM003,corporate_park,876800,274,0,0,485200,0
2021-04-01,ATM004,rural_branch,396100,124,0,0,530700,0
2021-04-01,ATM005,transit_hub,1074900,336,0,2718000,2214700,0
2021-04-02,ATM001,metro_retail,1355700,424,0,0,1150300,0
2021-04-02,ATM002,urban_residential,799700,250,0,0,703200,0
2021-04-02,ATM003,corporate_park,1226600,383,0,2435000,1693700,0
2021-04-02,ATM004,rural_branch,492000,154,0,0,38700,0
2021-04-02,ATM005,transit_hub,1518000,474,0,0,696800,0
2021-04-03,ATM001,metro_retail,1717100,537,0,2390000,1823200,0
2021-04-03,ATM002,urban_residential,994900,311,0,1417000,1125300,0
2021-04-03,ATM003,corporate_park,1277200,399,0,0,416400,0
2021-04-03,ATM004,rural_branch,540500,169,0,1201000,699100,0
2021-04-03,ATM005,transit_hub,1576000,493,0,2593000,1713700,0
2021-04-04,ATM001,metro_retail,1232400,385,0,0,590800,0
2021-04-04,ATM002,urban_residential,709800,222,0,0,415400,0
2021-04-04,ATM003,corporate_park,948800,296,0,2504000,1971700,0
2021-04-04,ATM004,rural_branch,410700,128,0,0,288400,0
2021-04-04,ATM005,transit_hub,1166900,365,0,0,546900,0
2021-04-05,ATM001,metro_retail,819100,256,0,2949000,2720700,0
2021-04-05,ATM002,urban_residential,524100,164,0,1705000,1596300,0
2021-04-05,ATM003,corporate_park,678800,212,0,0,1292800,0
2021-04-05,ATM004,rural_branch,384900,120,0,952000,855500,0
2021-04-05,ATM005,transit_hub,945400,295,0,2743000,2344500,0
2021-04-06,ATM001,metro_retail,848700,265,0,0,1872000,0
2021-04-06,ATM002,urban_residential,444000,139,0,0,1152300,0
2021-04-06,ATM003,corporate_park,581300,182,0,0,711500,0
2021-04-06,ATM004,rural_branch,250900,78,0,0,604700,0
2021-04-06,ATM005,transit_hub,649100,203,0,0,1695400,0
2021-04-07,ATM001,metro_retail,680000,213,0,0,1191900,0
2021-04-07,ATM002,urban_residential,476000,149,0,0,676300,0
2021-04-07,ATM003,corporate_park,524700,164,0,2208000,2394800,0
2021-04-07,ATM004,rural_branch,262300,82,0,0,342400,0
2021-04-07,ATM005,transit_hub,691900,216,0,0,1003600,0
2021-04-08,ATM001,metro_retail,746700,233,0,2348000,2793200,0
2021-04-08,ATM002,urban_residential,430200,134,0,1444000,1690100,0
2021-04-08,ATM003,corporate_park,584700,183,0,0,1810100,0
2021-04-08,ATM004,rural_branch,259800,81,0,898000,980500,0
2021-04-08,ATM005,transit_hub,729400,228,0,2286000,2560200,0
2021-04-09,ATM001,metro_retail,1091900,341,0,0,1701400,0
2021-04-09,ATM002,urban_residential,719400,225,0,0,970700,0
2021-04-09,ATM003,corporate_park,771000,241,0,0,1039100,0
2021-04-09,ATM004,rural_branch,370300,116,0,0,610200,0
2021-04-09,ATM005,transit_hub,987000,308,0,0,1573200,0
2021-04-10,ATM001,metro_retail,1392600,435,0,0,308800,0
2021-04-10,ATM002,urban_residential,753600,236,0,0,217100,0
2021-04-10,ATM003,corporate_park,1039100,325,0,0,0,1
2021-04-10,ATM004,rural_branch,506200,158,0,0,104000,0
2021-04-10,ATM005,transit_hub,1234800,386,0,0,338400,0
2021-04-11,ATM001,metro_retail,1201600,375,0,3231000,2338200,0
2021-04-11,ATM002,urban_residential,661800,207,0,1903000,1458300,0
2021-04-11,ATM003,corporate_park,928500,290,0,2920000,1991500,0
2021-04-11,ATM004,rural_branch,413700,129,0,1136000,826300,0
2021-04-11,ATM005,transit_hub,1162600,363,0,2952000,2127800,0
2021-04-12,ATM001,metro_retail,869300,272,0,0,1468900,0
2021-04-12,ATM002,urban_residential,577900,181,0,0,880300,0
2021-04-12,ATM003,corporate_park,796100,249,0,0,1195300,0
2021-04-12,ATM004,rural_branch,332100,104,0,0,494200,0
2021-04-12,ATM005,transit_hub,940800,294,0,0,1187000,0
2021-04-13,ATM001,metro_retail,709000,222,0,0,759900,0
2021-04-13,ATM002,urban_residential,433300,135,0,0,447000,0
2021-04-13,ATM003,corporate_park,570200,178,0,0,625200,0
2021-04-13,ATM004,rural_branch,249400,78,0,0,244800,0
2021-04-13,ATM005,transit_hub,681600,213,0,0,505400,0
2021-04-14,ATM001,metro_retail,802600,251,1,2780000,2737300,0
2021-04-14,ATM002,urban_residential,494700,155,1,1673000,1625300,0
2021-04-14,ATM003,corporate_park,565300,177,1,2295000,2354900,0
2021-04-14,ATM004,rural_branch,296700,93,1,995000,943100,0
2021-04-14,ATM005,transit_hub,703800,220,1,2785000,2586600,0
2021-04-15,ATM001,metro_retail,831400,260,0,0,1905900,0
2021-04-15,ATM002,urban_residential,480200,150,0,0,1145100,0
2021-04-15,ATM003,corporate_park,707600,221,0,0,1647200,0
2021-04-15,ATM004,rural_branch,308300,96,0,0,634800,0
2021-04-15,ATM005,transit_hub,853900,267,0,0,1732700,0
2021-04-16,ATM001,metro_retail,1062800,332,0,0,843100,0
2021-04-16,ATM002,urban_residential,598800,187,0,0,546300,0
2021-04-16,ATM003,corporate_park,809900,253,0,0,837400,0
2021-04-16,ATM004,rural_branch,391900,122,0,0,242900,0
2021-04-16,ATM005,transit_hub,860900,269,0,0,871800,0
2021-04-17,ATM001,metro_retail,1322000,413,0,2697000,2218100,0
2021-04-17,ATM002,urban_residential,794800,248,0,1574000,1325500,0
2021-04-17,ATM003,corporate_park,1006200,314,0,2083000,1914200,0
2021-04-17,ATM004,rural_branch,528100,165,0,997000,711800,0
2021-04-17,ATM005,transit_hub,1261900,394,0,2418000,2027900,0
2021-04-18,ATM001,metro_retail,1256100,393,0,0,962000,0
2021-04-18,ATM002,urban_residential,690500,216,0,0,635000,0
2021-04-18,ATM003,corporate_park,996200,311,0,0,918000,0
2021-04-18,ATM004,rural_branch,427600,134,0,0,284300,0
2021-04-18,ATM005,transit_hub,1119600,350,0,0,908300,0
2021-04-19,ATM001,metro_retail,1070500,335,0,2578000,2469500,0
2021-04-19,ATM002,urban_residential,584500,183,0,1485000,1535500,0
2021-04-19,ATM003,corporate_park,779600,244,0,2002000,2140400,0
2021-04-19,ATM004,rural_branch,379300,119,0,956000,861000,0
2021-04-19,ATM005,transit_hub,913600,285,0,2382000,2376700,0
2021-04-20,ATM001,metro_retail,717900,224,0,0,1751600,0
2021-04-20,ATM002,urban_residential,425500,133,0,0,1109900,0
2021-04-20,ATM003,corporate_park,690100,216,0,0,1450400,0
2021-04-20,ATM004,rural_branch,275000,86,0,0,586000,0
2021-04-20,ATM005,transit_hub,726300,227,0,0,1650400,0
2021-04-21,ATM001,metro_retail,721200,225,0,0,1030400,0
2021-04-21,ATM002,urban_residential,452900,142,0,0,657000,0
2021-04-21,ATM003,corporate_park,570200,178,0,0,880200,0
2021-04-21,ATM004,rural_branch,297200,93,0,0,288800,0
2021-04-21,ATM005,transit_hub,666300,208,0,0,984100,0
2021-04-22,ATM001,metro_retail,827300,259,0,2510000,2713100,0
2021-04-22,ATM002,urban_residential,475500,149,0,1463000,1644500,0
2021-04-22,ATM003,corporate_park,537000,168,0,2040000,2383100,0
2021-04-22,ATM004,rural_branch,270000,84,0,951000,969800,0
2021-04-22,ATM005,transit_hub,769000,240,0,2306000,2521100,0
2021-04-23,ATM001,metro_retail,1153100,360,0,0,1560000,0
2021-04-23,ATM002,urban_residential,693000,217,0,0,951600,0
2021-04-23,ATM003,corporate_park,1132400,354,0,0,1250700,0
2021-04-23,ATM004,rural_branch,395000,123,0,0,574800,0
2021-04-23,ATM005,transit_hub,1127700,352,0,0,1393400,0
2021-04-24,ATM001,metro_retail,1560000,487,0,0,0,1
2021-04-24,ATM002,urban_residential,886500,277,0,0,65100,0
2021-04-24,ATM003,corporate_park,1250700,391,0,0,0,1
2021-04-24,ATM004,rural_branch,463900,145,0,0,110900,0
2021-04-24,ATM005,transit_hub,1300500,406,0,0,92900,0
2021-04-25,ATM001,metro_retail,1268600,396,0,3540000,2271400,0
2021-04-25,ATM002,urban_residential,765900,239,0,2055000,1354100,0
2021-04-25,ATM003,corporate_park,910200,284,0,2920000,2009800,0
2021-04-25,ATM004,rural_branch,433300,135,0,1129000,806600,0
2021-04-25,ATM005,transit_hub,1091000,341,0,3197000,2198900,0
2021-04-26,ATM001,metro_retail,918900,287,0,0,1352500,0
2021-04-26,ATM002,urban_residential,595200,186,0,0,758900,0
2021-04-26,ATM003,corporate_park,784100,245,0,0,1225700,0
2021-04-26,ATM004,rural_branch,365300,114,0,0,441300,0
2021-04-26,ATM005,transit_hub,912500,285,0,0,1286500,0
2021-04-27,ATM001,metro_retail,706300,221,0,0,646200,0
2021-04-27,ATM002,urban_residential,424900,133,0,0,334100,0
2021-04-27,ATM003,corporate_park,494400,154,0,0,731400,0
2021-04-27,ATM004,rural_branch,253500,79,0,0,187800,0
2021-04-27,ATM005,transit_hub,804600,251,0,0,481800,0
2021-04-28,ATM001,metro_retail,886900,277,0,2894000,2653200,0
2021-04-28,ATM002,urban_residential,548600,171,0,1786000,1571500,0
2021-04-28,ATM003,corporate_park,761200,238,0,2189000,2159200,0
2021-04-28,ATM004,rural_branch,387200,121,0,1052000,852500,0
2021-04-28,ATM005,transit_hub,889000,278,0,2808000,2400800,0
2021-04-29,ATM001,metro_retail,1064100,333,0,0,1589100,0
2021-04-29,ATM002,urban_residential,522400,163,0,0,1049100,0
2021-04-29,ATM003,corporate_park,783400,245,0,0,1375800,0
2021-04-29,ATM004,rural_branch,355400,111,0,0,497100,0
2021-04-29,ATM005,transit_hub,936400,293,0,0,1464500,0
2021-04-30,ATM001,metro_retail,1540700,481,0,0,48400,0
2021-04-30,ATM002,urban_residential,855700,267,0,0,193400,0
2021-04-30,ATM003,corporate_park,1036600,324,0,0,339200,0
2021-04-30,ATM004,rural_branch,497100,155,0,0,0,1
2021-04-30,ATM005,transit_hub,1235300,386,0,0,229200,0
2021-05-01,ATM001,metro_retail,1846400,577,0,3492000,1694000,0
2021-05-01,ATM002,urban_residential,1152300,360,0,1927000,968100,0
2021-05-01,ATM003,corporate_park,1695300,530,0,2581000,1224900,0
2021-05-01,ATM004,rural_branch,649600,203,0,1240000,590400,0
2021-05-01,ATM005,transit_hub,1847200,577,0,3061000,1443000,0
2021-05-02,ATM001,metro_retail,1615000,505,0,0,79000,0
2021-05-02,ATM002,urban_residential,968100,303,0,0,0,1
2021-05-02,ATM003,corporate_park,1224900,383,0,0,0,1
2021-05-02,ATM004,rural_branch,569200,178,0,0,21200,0
2021-05-02,ATM005,transit_hub,1363700,426,0,0,79300,0
2021-05-03,ATM001,metro_retail,1191000,372,0,3461000,2349000,0
2021-05-03,ATM002,urban_residential,732200,229,0,2120000,1387800,0
2021-05-03,ATM003,corporate_park,1058800,331,0,2920000,1861200,0
2021-05-03,ATM004,rural_branch,401100,125,0,1219000,839100,0
2021-05-03,ATM005,transit_hub,1020700,319,0,3211000,2269600,0
2021-05-04,ATM001,metro_retail,745400,233,0,0,1603600,0
2021-05-04,ATM002,urban_residential,401100,125,0,0,986700,0
2021-05-04,ATM003,corporate_park,565600,177,0,0,1295600,0
2021-05-04,ATM004,rural_branch,291400,91,0,0,547700,0
2021-05-04,ATM005,transit_hub,675700,211,0,0,1593900,0
2021-05-05,ATM001,metro_retail,723800,226,0,0,879800,0
2021-05-05,ATM002,urban_residential,400700,125,0,0,586000,0
2021-05-05,ATM003,corporate_park,576500,180,0,0,719100,0
2021-05-05,ATM004,rural_branch,274100,86,0,0,273500,0
2021-05-05,ATM005,transit_hub,612500,191,0,0,981400,0
2021-05-06,ATM001,metro_retail,781600,244,0,2660000,2758200,0
2021-05-06,ATM002,urban_residential,446100,139,0,1534000,1673800,0
2021-05-06,ATM003,corporate_park,609900,191,0,2201000,2310200,0
2021-05-06,ATM004,rural_branch,271100,85,0,966000,968400,0
2021-05-06,ATM005,transit_hub,704200,220,0,2309000,2586300,0
2021-05-07,ATM001,metro_retail,1342500,420,0,0,1415700,0
2021-05-07,ATM002,urban_residential,684800,214,0,0,989100,0
2021-05-07,ATM003,corporate_park,990400,309,0,0,1319800,0
2021-05-07,ATM004,rural_branch,405500,127,0,0,562900,0
2021-05-07,ATM005,transit_hub,999200,312,0,0,1587100,0
2021-05-08,ATM001,metro_retail,1337800,418,0,0,77800,0
2021-05-08,ATM002,urban_residential,843700,264,0,0,145400,0
2021-05-08,ATM003,corporate_park,1004600,314,0,0,315200,0
2021-05-08,ATM004,rural_branch,497100,155,0,0,65800,0
2021-05-08,ATM005,transit_hub,1257900,393,0,0,329200,0
2021-05-09,ATM001,metro_retail,1260500,394,0,3462000,2279300,0
2021-05-09,ATM002,urban_residential,670000,209,0,1975000,1450400,0
2021-05-09,ATM003,corporate_park,921000,288,0,2605000,1999200,0
2021-05-09,ATM004,rural_branch,466900,146,0,1174000,772900,0
2021-05-09,ATM005,transit_hub,1079000,337,0,2961000,2211200,0
2021-05-10,ATM001,metro_retail,914200,286,0,0,1365100,0
2021-05-10,ATM002,urban_residential,566900,177,0,0,883500,0
2021-05-10,ATM003,corporate_park,859600,269,0,0,1139600,0
2021-05-10,ATM004,rural_branch,367300,115,0,0,405600,0
2021-05-10,ATM005,transit_hub,978400,306,0,0,1232800,0
2021-05-11,ATM001,metro_retail,837900,262,0,0,527200,0
2021-05-11,ATM002,urban_residential,392100,123,0,0,491400,0
2021-05-11,ATM003,corporate_park,776500,243,0,0,363100,0
2021-05-11,ATM004,rural_branch,262300,82,0,834000,977300,0
2021-05-11,ATM005,transit_hub,743100,232,0,0,489700,0
2021-05-12,ATM001,metro_retail,761400,238,0,3013000,2778800,0
2021-05-12,ATM002,urban_residential,370300,116,0,1629000,1750000,0
2021-05-12,ATM003,corporate_park,634600,198,0,2557000,2285500,0
2021-05-12,ATM004,rural_branch,246300,77,0,0,731000,0
2021-05-12,ATM005,transit_hub,716100,224,0,2800000,2573700,0
2021-05-13,ATM001,metro_retail,793300,248,0,0,1985500,0
2021-05-13,ATM002,urban_residential,481100,150,0,0,1268900,0
2021-05-13,ATM003,corporate_park,603500,189,0,0,1682000,0
2021-05-13,ATM004,rural_branch,276500,86,0,0,454500,0
2021-05-13,ATM005,transit_hub,821400,257,0,0,1752200,0
2021-05-14,ATM001,metro_retail,1084600,339,0,0,900900,0
2021-05-14,ATM002,urban_residential,589700,184,0,0,679200,0
2021-05-14,ATM003,corporate_park,817400,255,0,0,864600,0
2021-05-14,ATM004,rural_branch,391600,122,0,0,62900,0
2021-05-14,ATM005,transit_hub,1073900,336,0,0,678300,0
2021-05-15,ATM001,metro_retail,1519400,475,0,2639000,2020500,0
2021-05-15,ATM002,urban_residential,882900,276,0,1441000,1237300,0
2021-05-15,ATM003,corporate_park,1265200,395,0,2055000,1654500,0
2021-05-15,ATM004,rural_branch,563400,176,0,1177000,676500,0
2021-05-15,ATM005,transit_hub,1603900,501,0,2612000,1686400,0
2021-05-16,ATM001,metro_retail,1233300,385,0,0,787200,0
2021-05-16,ATM002,urban_residential,658400,206,0,0,578900,0
2021-05-16,ATM003,corporate_park,789900,247,0,0,864600,0
2021-05-16,ATM004,rural_branch,415800,130,0,0,260800,0
2021-05-16,ATM005,transit_hub,1279000,400,0,0,407400,0
2021-05-17,ATM001,metro_retail,964100,301,0,2753000,2576100,0
2021-05-17,ATM002,urban_residential,512500,160,0,1541000,1607500,0
2021-05-17,ATM003,corporate_park,767000,240,0,2055000,2152500,0
2021-05-17,ATM004,rural_branch,402800,126,0,979000,836900,0
2021-05-17,ATM005,transit_hub,908300,284,0,2883000,2382200,0
2021-05-18,ATM001,metro_retail,675400,211,0,0,1900700,0
2021-05-18,ATM002,urban_residential,429600,134,0,0,1177900,0
2021-05-18,ATM003,corporate_park,609600,190,0,0,1542900,0
2021-05-18,ATM004,rural_branch,248300,78,0,0,588600,0
2021-05-18,ATM005,transit_hub,753900,236,0,0,1628300,0
2021-05-19,ATM001,metro_retail,765100,239,0,0,1135600,0
2021-05-19,ATM002,urban_residential,418800,131,0,0,759100,0
2021-05-19,ATM003,corporate_park,588000,184,0,0,954900,0
2021-05-19,ATM004,rural_branch,300200,94,0,0,288500,0
2021-05-19,ATM005,transit_hub,733100,229,0,0,895200,0
2021-05-20,ATM001,metro_retail,814800,255,0,2404000,2724800,0
2021-05-20,ATM002,urban_residential,490600,153,0,0,268400,0
2021-05-20,ATM003,corporate_park,699800,219,0,1965000,2220100,0
2021-05-20,ATM004,rural_branch,315200,99,0,952000,925300,0
2021-05-20,ATM005,transit_hub,760400,238,0,2395000,2529800,0
2021-05-21,ATM001,metro_retail,1047300,327,0,0,1677500,0
2021-05-21,ATM002,urban_residential,667400,209,0,1852000,1453000,0
2021-05-21,ATM003,corporate_park,788800,246,0,0,1431300,0
2021-05-21,ATM004,rural_branch,425700,133,0,0,499600,0
2021-05-21,ATM005,transit_hub,1073700,336,0,0,1456100,0
2021-05-22,ATM001,metro_retail,1394700,436,0,0,282800,0
2021-05-22,ATM002,urban_residential,820300,256,0,0,632700,0
2021-05-22,ATM003,corporate_park,1130400,353,0,0,301000,0
2021-05-22,ATM004,rural_branch,499600,156,0,0,0,1
2021-05-22,ATM005,transit_hub,1181000,369,0,0,275100,0
2021-05-23,ATM001,metro_retail,1287900,402,0,3257000,2252000,0
2021-05-23,ATM002,urban_residential,767400,240,0,1487000,1352300,0
2021-05-23,ATM003,corporate_park,915200,286,0,2619000,2004800,0
2021-05-23,ATM004,rural_branch,460800,144,0,1240000,779200,0
2021-05-23,ATM005,transit_hub,1006000,314,0,3015000,2284000,0
2021-05-24,ATM001,metro_retail,916600,286,0,0,1335400,0
2021-05-24,ATM002,urban_residential,612100,191,0,0,740200,0
2021-05-24,ATM003,corporate_park,742800,232,0,0,1261900,0
2021-05-24,ATM004,rural_branch,328500,103,0,0,450700,0
2021-05-24,ATM005,transit_hub,867200,271,0,0,1416800,0
2021-05-25,ATM001,metro_retail,762500,238,0,0,572900,0
2021-05-25,ATM002,urban_residential,455100,142,0,0,285100,0
2021-05-25,ATM003,corporate_park,538000,168,0,0,723900,0
2021-05-25,ATM004,rural_branch,251400,79,0,0,199300,0
2021-05-25,ATM005,transit_hub,689100,215,0,0,727700,0
2021-05-26,ATM001,metro_retail,786000,246,0,2967000,2753900,0
2021-05-26,ATM002,urban_residential,419300,131,0,1835000,1700700,0
2021-05-26,ATM003,corporate_park,652700,204,0,2196000,2267300,0
2021-05-26,ATM004,rural_branch,241700,76,0,1041000,998600,0
2021-05-26,ATM005,transit_hub,727900,227,0,2562000,2561900,0
2021-05-27,ATM001,metro_retail,772900,242,0,0,1981000,0
2021-05-27,ATM002,urban_residential,492300,154,0,0,1208400,0
2021-05-27,ATM003,corporate_park,574700,180,0,0,1692600,0
2021-05-27,ATM004,rural_branch,298700,93,0,0,699900,0
2021-05-27,ATM005,transit_hub,699500,219,0,0,1862400,0
2021-05-28,ATM001,metro_retail,1054000,329,0,0,927000,0
2021-05-28,ATM002,urban_residential,732600,229,0,0,475800,0
2021-05-28,ATM003,corporate_park,839500,262,0,0,853100,0
2021-05-28,ATM004,rural_branch,334600,105,0,0,365300,0
2021-05-28,ATM005,transit_hub,992800,310,0,0,869500,0
2021-05-29,ATM001,metro_retail,1710800,535,0,2613000,1829300,0
2021-05-29,ATM002,urban_residential,1138600,356,0,1644000,981200,0
2021-05-29,ATM003,corporate_park,1474300,461,0,2067000,1445700,0
2021-05-29,ATM004,rural_branch,565200,177,0,875000,675100,0
2021-05-29,ATM005,transit_hub,1785700,558,0,2420000,1503900,0
2021-05-30,ATM001,metro_retail,1829300,572,0,0,0,1
2021-05-30,ATM002,urban_residential,981200,307,0,0,0,1
2021-05-30,ATM003,corporate_park,1320500,413,0,0,125300,0
2021-05-30,ATM004,rural_branch,661700,207,0,0,13400,0
2021-05-30,ATM005,transit_hub,1446300,452,0,0,57600,0
2021-05-31,ATM001,metro_retail,1202100,376,0,3540000,2337900,0
2021-05-31,ATM002,urban_residential,786000,246,0,2120000,1334000,0
2021-05-31,ATM003,corporate_park,1087700,340,0,2795000,1832600,0
2021-05-31,ATM004,rural_branch,488700,153,0,1227000,751700,0
2021-05-31,ATM005,transit_hub,973700,304,0,3232000,2315900,0
2021-06-01,ATM001,metro_retail,1032600,323,0,0,1305400,0
2021-06-01,ATM002,urban_residential,681000,213,0,0,653000,0
2021-06-01,ATM003,corporate_park,931600,291,0,0,900900,0
2021-06-01,ATM004,rural_branch,401100,125,0,0,350600,0
2021-06-01,ATM005,transit_hub,1012300,316,0,0,1303600,0
2021-06-02,ATM001,metro_retail,958800,300,0,0,346600,0
2021-06-02,ATM002,urban_residential,540200,169,0,1467000,1579800,0
2021-06-02,ATM003,corporate_park,834900,261,0,2019000,2085000,0
2021-06-02,ATM004,rural_branch,383400,120,0,889000,856100,0
2021-06-02,ATM005,transit_hub,1033800,323,0,0,269800,0
2021-06-03,ATM001,metro_retail,969200,303,0,3193000,2570400,0
2021-06-03,ATM002,urban_residential,530600,166,0,0,1049200,0
2021-06-03,ATM003,corporate_park,778200,243,0,0,1306800,0
2021-06-03,ATM004,rural_branch,371700,116,0,0,484400,0
2021-06-03,ATM005,transit_hub,961000,300,0,3020000,2328800,0
2021-06-04,ATM001,metro_retail,1108100,346,0,0,1462300,0
2021-06-04,ATM002,urban_residential,645700,202,0,0,403500,0
2021-06-04,ATM003,corporate_park,930500,291,0,0,376300,0
2021-06-04,ATM004,rural_branch,381500,119,0,0,102900,0
2021-06-04,ATM005,transit_hub,1113800,348,0,0,1215000,0
2021-06-05,ATM001,metro_retail,1462300,457,0,0,0,1
2021-06-05,ATM002,urban_residential,744700,233,0,1716000,1374800,0
2021-06-05,ATM003,corporate_park,1127000,352,0,2544000,1793300,0
2021-06-05,ATM004,rural_branch,433600,135,0,1137000,806400,0
2021-06-05,ATM005,transit_hub,1215000,380,0,0,0,1
2021-06-06,ATM001,metro_retail,1191600,372,0,3540000,2348400,0
2021-06-06,ATM002,urban_residential,699500,219,0,0,675300,0
2021-06-06,ATM003,corporate_park,962700,301,0,0,830600,0
2021-06-06,ATM004,rural_branch,497400,155,0,0,309000,0
2021-06-06,ATM005,transit_hub,1230900,385,0,3290000,2059100,0
2021-06-07,ATM001,metro_retail,1034100,323,0,0,1314300,0
2021-06-07,ATM002,urban_residential,662900,207,0,1445000,1457400,0
2021-06-07,ATM003,corporate_park,937500,293,0,2089000,1982100,0
2021-06-07,ATM004,rural_branch,391500,122,0,931000,848500,0
2021-06-07,ATM005,transit_hub,945300,295,0,0,1113700,0
2021-06-08,ATM001,metro_retail,754500,236,0,0,559800,0
2021-06-08,ATM002,urban_residential,422800,132,0,0,1034500,0
2021-06-08,ATM003,corporate_park,624300,195,0,0,1357800,0
2021-06-08,ATM004,rural_branch,231700,72,0,0,616800,0
2021-06-08,ATM005,transit_hub,635900,199,0,2176000,2653800,0
2021-06-09,ATM001,metro_retail,749900,234,0,2980000,2789900,0
2021-06-09,ATM002,urban_residential,448700,140,0,0,585800,0
2021-06-09,ATM003,corporate_park,654500,205,0,0,703200,0
2021-06-09,ATM004,rural_branch,263200,82,0,0,353700,0
2021-06-09,ATM005,transit_hub,741000,232,0,0,1912800,0
2021-06-10,ATM001,metro_retail,756500,236,0,0,2033300,0
2021-06-10,ATM002,urban_residential,417900,131,0,1534000,1702000,0
2021-06-10,ATM003,corporate_park,572200,179,0,2217000,2348000,0
2021-06-10,ATM004,rural_branch,263100,82,0,886000,976600,0
2021-06-10,ATM005,transit_hub,738700,231,0,0,1174100,0
2021-06-11,ATM001,metro_retail,1065800,333,0,0,967500,0
2021-06-11,ATM002,urban_residential,626500,196,0,0,1075500,0
2021-06-11,ATM003,corporate_park,901800,282,0,0,1446200,0
2021-06-11,ATM004,rural_branch,384900,120,0,0,591600,0
2021-06-11,ATM005,transit_hub,958600,300,0,0,215500,0
2021-06-12,ATM001,metro_retail,1568500,490,0,2572000,1971000,0
2021-06-12,ATM002,urban_residential,900000,281,0,0,175400,0
2021-06-12,ATM003,corporate_park,1118900,350,0,0,327300,0
2021-06-12,ATM004,rural_branch,486900,152,0,0,104800,0
2021-06-12,ATM005,transit_hub,1349400,422,0,3074000,1940100,0
2021-06-13,ATM001,metro_retail,1158500,362,0,0,812600,0
2021-06-13,ATM002,urban_residential,740500,231,0,1945000,1379900,0
2021-06-13,ATM003,corporate_park,928400,290,0,2593000,1992000,0
2021-06-13,ATM004,rural_branch,463100,145,0,1135000,776700,0
2021-06-13,ATM005,transit_hub,1150100,359,0,0,790000,0
2021-06-14,ATM001,metro_retail,1002500,313,0,2727000,2537100,0
2021-06-14,ATM002,urban_residential,579400,181,0,0,800500,0
2021-06-14,ATM003,corporate_park,739300,231,0,0,1252700,0
2021-06-14,ATM004,rural_branch,333900,104,0,0,442700,0
2021-06-14,ATM005,transit_hub,832800,260,0,2500000,2457300,0
2021-06-15,ATM001,metro_retail,843600,264,0,0,1693500,0
2021-06-15,ATM002,urban_residential,549600,172,0,0,250900,0
2021-06-15,ATM003,corporate_park,781200,244,0,0,471500,0
2021-06-15,ATM004,rural_branch,261000,82,0,0,181700,0
2021-06-15,ATM005,transit_hub,914600,286,0,0,1542700,0
2021-06-16,ATM001,metro_retail,719500,225,0,0,974000,0
2021-06-16,ATM002,urban_residential,473800,148,0,1869000,1646200,0
2021-06-16,ATM003,corporate_park,676000,211,0,2449000,2244500,0
2021-06-16,ATM004,rural_branch,278000,87,0,1058000,961700,0
2021-06-16,ATM005,transit_hub,700800,219,0,0,841900,0
2021-06-17,ATM001,metro_retail,752400,235,0,2566000,2787600,0
2021-06-17,ATM002,urban_residential,432400,135,0,0,1213800,0
2021-06-17,ATM003,corporate_park,707300,221,0,0,1537200,0
2021-06-17,ATM004,rural_branch,290000,91,0,0,671700,0
2021-06-17,ATM005,transit_hub,712700,223,0,2448000,2577300,0
2021-06-18,ATM001,metro_retail,1211200,379,0,0,1576400,0
2021-06-18,ATM002,urban_residential,711900,222,0,0,501900,0
2021-06-18,ATM003,corporate_park,820200,256,0,0,716900,0
2021-06-18,ATM004,rural_branch,338300,106,0,0,333400,0
2021-06-18,ATM005,transit_hub,999800,312,0,0,1577500,0
2021-06-19,ATM001,metro_retail,1576400,493,0,0,0,1
2021-06-19,ATM002,urban_residential,803300,251,0,1618000,1316600,0
2021-06-19,ATM003,corporate_park,1030800,322,0,2203000,1889100,0
2021-06-19,ATM004,rural_branch,525100,164,0,907000,715300,0
2021-06-19,ATM005,transit_hub,1189900,372,0,0,387600,0
2021-06-20,ATM001,metro_retail,1166400,364,0,3540000,2373600,0
2021-06-20,ATM002,urban_residential,729600,228,0,0,587000,0
2021-06-20,ATM003,corporate_park,1142600,357,0,0,746600,0
2021-06-20,ATM004,rural_branch,479800,150,0,0,235500,0
2021-06-20,ATM005,transit_hub,1184700,370,0,2902000,2104800,0
2021-06-21,ATM001,metro_retail,936800,293,0,0,1436800,0
2021-06-21,ATM002,urban_residential,568800,178,0,1533000,1551200,0
2021-06-21,ATM003,corporate_park,972000,304,0,2173000,1947600,0
2021-06-21,ATM004,rural_branch,336400,105,0,1005000,904100,0
2021-06-21,ATM005,transit_hub,973200,304,0,0,1131600,0
2021-06-22,ATM001,metro_retail,771500,241,0,0,665300,0
2021-06-22,ATM002,urban_residential,478400,150,0,0,1072700,0
2021-06-22,ATM003,corporate_park,609200,190,0,0,1338300,0
2021-06-22,ATM004,rural_branch,271900,85,0,0,632200,0
2021-06-22,ATM005,transit_hub,694800,217,0,2158000,2594800,0
2021-06-23,ATM001,metro_retail,661100,207,0,2875000,2879200,0
2021-06-23,ATM002,urban_residential,400100,125,0,0,672600,0
2021-06-23,ATM003,corporate_park,627100,196,0,0,711200,0
2021-06-23,ATM004,rural_branch,241200,75,0,0,390900,0
2021-06-23,ATM005,transit_hub,757700,237,0,0,1837100,0
2021-06-24,ATM001,metro_retail,789200,247,0,0,2090000,0
2021-06-24,ATM002,urban_residential,475000,148,0,1447000,1644600,0
2021-06-24,ATM003,corporate_park,670400,210,0,2209000,2249800,0
2021-06-24,ATM004,rural_branch,232300,73,0,849000,1007600,0
2021-06-24,ATM005,transit_hub,762400,238,0,0,1074700,0
2021-06-25,ATM001,metro_retail,1131600,354,0,0,958400,0
2021-06-25,ATM002,urban_residential,674000,211,0,0,970600,0
2021-06-25,ATM003,corporate_park,980900,307,0,0,1268800,0
2021-06-25,ATM004,rural_branch,411700,129,0,0,595800,0
2021-06-25,ATM005,transit_hub,1146000,358,0,2215000,2143700,0
2021-06-26,ATM001,metro_retail,1346400,421,0,2582000,2194000,0
2021-06-26,ATM002,urban_residential,888500,278,0,0,82100,0
2021-06-26,ATM003,corporate_park,1224500,383,0,0,44300,0
2021-06-26,ATM004,rural_branch,500500,156,0,0,95300,0
2021-06-26,ATM005,transit_hub,1271000,397,0,0,872700,0
2021-06-27,ATM001,metro_retail,1275100,398,0,0,918900,0
2021-06-27,ATM002,urban_residential,720500,225,0,2038000,1399600,0
2021-06-27,ATM003,corporate_park,984600,308,0,2876000,1935800,0
2021-06-27,ATM004,rural_branch,459200,144,0,1145000,781100,0
2021-06-27,ATM005,transit_hub,1166000,364,0,2417000,2123700,0
2021-06-28,ATM001,metro_retail,1142200,357,0,2621000,2397700,0
2021-06-28,ATM002,urban_residential,793200,248,0,0,606400,0
2021-06-28,ATM003,corporate_park,965500,302,0,0,970300,0
2021-06-28,ATM004,rural_branch,434600,136,0,0,346600,0
2021-06-28,ATM005,transit_hub,1101900,344,0,0,1021800,0
2021-06-29,ATM001,metro_retail,1000800,313,0,0,1396900,0
2021-06-29,ATM002,urban_residential,549500,172,0,1514000,1571000,0
2021-06-29,ATM003,corporate_park,816700,255,0,1950000,2103600,0
2021-06-29,ATM004,rural_branch,338600,106,0,893000,901000,0
2021-06-29,ATM005,transit_hub,852900,267,0,2268000,2436900,0
2021-06-30,ATM001,metro_retail,883700,276,0,0,513200,0
2021-06-30,ATM002,urban_residential,610600,191,0,0,960400,0
2021-06-30,ATM003,corporate_park,726000,227,0,0,1377500,0
2021-06-30,ATM004,rural_branch,344700,108,0,0,556300,0
2021-06-30,ATM005,transit_hub,786300,246,0,0,1650700,0
2021-07-01,ATM001,metro_retail,973600,304,0,3027000,2566500,0
2021-07-01,ATM002,urban_residential,684600,214,0,0,275800,0
2021-07-01,ATM003,corporate_park,849300,265,0,0,528200,0
2021-07-01,ATM004,rural_branch,399500,125,0,0,156800,0
2021-07-01,ATM005,transit_hub,1077100,337,0,0,573600,0
2021-07-02,ATM001,metro_retail,1567700,490,0,0,998800,0
2021-07-02,ATM002,urban_residential,796000,249,0,1844000,1323700,0
2021-07-02,ATM003,corporate_park,1358200,424,0,2392000,1562100,0
2021-07-02,ATM004,rural_branch,576400,180,0,1083000,663400,0
2021-07-02,ATM005,transit_hub,1423700,445,0,2716000,1865800,0
2021-07-03,ATM001,metro_retail,1848700,578,0,2541000,1691100,0
2021-07-03,ATM002,urban_residential,1080600,338,0,0,243100,0
2021-07-03,ATM003,corporate_park,1470700,460,0,0,91400,0
2021-07-03,ATM004,rural_branch,606100,189,0,0,57300,0
2021-07-03,ATM005,transit_hub,1590700,497,0,0,275200,0
2021-07-04,ATM001,metro_retail,1167200,365,0,0,523900,0
2021-07-04,ATM002,urban_residential,741100,232,0,1877000,1379000,0
2021-07-04,ATM003,corporate_park,1041900,326,0,2829000,1878500,0
2021-07-04,ATM004,rural_branch,381400,119,0,1183000,858900,0
2021-07-04,ATM005,transit_hub,1185100,370,0,3015000,2105100,0
2021-07-05,ATM001,metro_retail,1070400,335,0,3016000,2469500,0
2021-07-05,ATM002,urban_residential,555300,174,0,0,823700,0
2021-07-05,ATM003,corporate_park,873400,273,0,0,1005100,0
2021-07-05,ATM004,rural_branch,347800,109,0,0,511000,0
2021-07-05,ATM005,transit_hub,958600,300,0,0,1146500,0
2021-07-06,ATM001,metro_retail,756000,236,0,0,1713500,0
2021-07-06,ATM002,urban_residential,422300,132,0,0,401400,0
2021-07-06,ATM003,corporate_park,546500,171,0,1915000,2373600,0
2021-07-06,ATM004,rural_branch,235100,73,0,0,275900,0
2021-07-06,ATM005,transit_hub,678900,212,0,2144000,2611600,0
2021-07-07,ATM001,metro_retail,843500,264,0,0,870000,0
2021-07-07,ATM002,urban_residential,469300,147,0,1719000,1651100,0
2021-07-07,ATM003,corporate_park,715000,223,0,0,1658500,0
2021-07-07,ATM004,rural_branch,223100,70,0,964000,1016800,0
2021-07-07,ATM005,transit_hub,777300,243,0,0,1834300,0
2021-07-08,ATM001,metro_retail,738400,231,0,2670000,2801600,0
2021-07-08,ATM002,urban_residential,416800,130,0,0,1234300,0
2021-07-08,ATM003,corporate_park,657600,205,0,0,1001000,0
2021-07-08,ATM004,rural_branch,248900,78,0,0,767900,0
2021-07-08,ATM005,transit_hub,786600,246,0,0,1047700,0
2021-07-09,ATM001,metro_retail,1129000,353,0,0,1672600,0
2021-07-09,ATM002,urban_residential,732800,229,0,0,501500,0
2021-07-09,ATM003,corporate_park,1029500,322,0,1919000,1890400,0
2021-07-09,ATM004,rural_branch,375400,117,0,0,392500,0
2021-07-09,ATM005,transit_hub,1017800,318,0,2242000,2271900,0
2021-07-10,ATM001,metro_retail,1418200,443,0,0,254400,0
2021-07-10,ATM002,urban_residential,777100,243,0,1618000,1342400,0
2021-07-10,ATM003,corporate_park,1164400,364,0,0,726100,0
2021-07-10,ATM004,rural_branch,468000,146,0,848000,772500,0
2021-07-10,ATM005,transit_hub,1262200,394,0,0,1009700,0
2021-07-11,ATM001,metro_retail,1302600,407,0,3286000,2237900,0
2021-07-11,ATM002,urban_residential,699400,219,0,0,643000,0
2021-07-11,ATM003,corporate_park,972600,304,0,2194000,1947400,0
2021-07-11,ATM004,rural_branch,378600,118,0,0,393800,0
2021-07-11,ATM005,transit_hub,1212000,379,0,2280000,2077700,0
2021-07-12,ATM001,metro_retail,1026300,321,0,0,1211500,0
2021-07-12,ATM002,urban_residential,617400,193,0,1477000,1502600,0
2021-07-12,ATM003,corporate_park,902700,282,0,0,1044700,0
2021-07-12,ATM004,rural_branch,335900,105,0,846000,904000,0
2021-07-12,ATM005,transit_hub,957200,299,0,0,1120600,0
2021-07-13,ATM001,metro_retail,734400,230,0,2328000,2805100,0
2021-07-13,ATM002,urban_residential,463700,145,0,0,1038900,0
2021-07-13,ATM003,corporate_park,679000,212,0,0,365700,0
2021-07-13,ATM004,rural_branch,303000,95,0,0,601000,0
2021-07-13,ATM005,transit_hub,693900,217,0,2169000,2595700,0
2021-07-14,ATM001,metro_retail,775500,242,0,0,2029600,0
2021-07-14,ATM002,urban_residential,456700,143,0,0,582200,0
2021-07-14,ATM003,corporate_park,612800,191,0,2554000,2306900,0
2021-07-14,ATM004,rural_branch,284500,89,0,0,316500,0
2021-07-14,ATM005,transit_hub,618600,193,0,0,1977100,0
2021-07-15,ATM001,metro_retail,814700,255,0,0,1214900,0
2021-07-15,ATM002,urban_residential,564500,176,0,1538000,1555700,0
2021-07-15,ATM003,corporate_park,747700,234,0,0,1559200,0
2021-07-15,ATM004,rural_branch,306400,96,0,924000,934100,0
2021-07-15,ATM005,transit_hub,876400,274,0,0,1100700,0
2021-07-16,ATM001,metro_retail,1376700,430,0,2325000,2163100,0
2021-07-16,ATM002,urban_residential,637500,199,0,0,918200,0
2021-07-16,ATM003,corporate_park,833000,260,0,0,726200,0
2021-07-16,ATM004,rural_branch,430900,135,0,0,503300,0
2021-07-16,ATM005,transit_hub,907500,284,0,2189000,2382200,0
2021-07-17,ATM001,metro_retail,1537800,481,0,0,625300,0
2021-07-17,ATM002,urban_residential,782300,244,0,0,135900,0
2021-07-17,ATM003,corporate_park,1173000,367,0,2194000,1747200,0
2021-07-17,ATM004,rural_branch,485800,152,0,0,17400,0
2021-07-17,ATM005,transit_hub,1391000,435,0,0,991200,0
2021-07-18,ATM001,metro_retail,1353100,423,0,2915000,2187200,0
2021-07-18,ATM002,urban_residential,777900,243,0,1984000,1342000,0
2021-07-18,ATM003,corporate_park,1077500,337,0,0,669600,0
2021-07-18,ATM004,rural_branch,405000,127,0,1223000,835500,0
2021-07-18,ATM005,transit_hub,1059400,331,0,2299000,2230800,0
2021-07-19,ATM001,metro_retail,847300,265,0,0,1339900,0
2021-07-19,ATM002,urban_residential,603100,188,0,0,739000,0
2021-07-19,ATM003,corporate_park,717500,224,0,2250000,2202200,0
2021-07-19,ATM004,rural_branch,368300,115,0,0,467200,0
2021-07-19,ATM005,transit_hub,836700,261,0,0,1394100,0
2021-07-20,ATM001,metro_retail,841400,263,0,0,498500,0
2021-07-20,ATM002,urban_residential,435400,136,0,1381000,1684600,0
2021-07-20,ATM003,corporate_park,563700,176,0,0,1638500,0
2021-07-20,ATM004,rural_branch,241200,75,0,0,226000,0
2021-07-20,ATM005,transit_hub,719000,225,0,0,675100,0
2021-07-21,ATM001,metro_retail,702100,219,0,3041000,2837400,0
2021-07-21,ATM002,urban_residential,397800,124,0,0,1286700,0
2021-07-21,ATM003,corporate_park,541700,169,0,0,1096800,0
2021-07-21,ATM004,rural_branch,271200,85,0,1014000,968800,0
2021-07-21,ATM005,transit_hub,777000,243,0,2615000,2513100,0
2021-07-22,ATM001,metro_retail,813800,254,0,0,2023600,0
2021-07-22,ATM002,urban_residential,503800,157,0,0,783000,0
2021-07-22,ATM003,corporate_park,576400,180,0,0,520300,0
2021-07-22,ATM004,rural_branch,278100,87,0,0,690700,0
2021-07-22,ATM005,transit_hub,763800,239,0,0,1749300,0
2021-07-23,ATM001,metro_retail,1178400,368,0,0,845200,0
2021-07-23,ATM002,urban_residential,679000,212,0,0,103900,0
2021-07-23,ATM003,corporate_park,825800,258,0,2400000,2094600,0
2021-07-23,ATM004,rural_branch,379600,119,0,0,311100,0
2021-07-23,ATM005,transit_hub,993300,310,0,0,756000,0
2021-07-24,ATM001,metro_retail,1453800,454,0,2695000,2086400,0
2021-07-24,ATM002,urban_residential,765300,239,0,2016000,1354600,0
2021-07-24,ATM003,corporate_park,1042100,326,0,0,1052500,0
2021-07-24,ATM004,rural_branch,485900,152,0,929000,754200,0
2021-07-24,ATM005,transit_hub,1435400,449,0,2534000,1854600,0
2021-07-25,ATM001,metro_retail,1325400,414,0,0,761000,0
2021-07-25,ATM002,urban_residential,775100,242,0,0,579500,0
2021-07-25,ATM003,corporate_park,1052500,329,0,0,0,1
2021-07-25,ATM004,rural_branch,496500,155,0,0,257700,0
2021-07-25,ATM005,transit_hub,1125300,352,0,0,729400,0
2021-07-26,ATM001,metro_retail,1026400,321,0,2779000,2513600,0
2021-07-26,ATM002,urban_residential,516100,161,0,1540000,1603400,0
2021-07-26,ATM003,corporate_park,690900,216,0,2920000,2229100,0
2021-07-26,ATM004,rural_branch,294100,92,0,982000,945700,0
2021-07-26,ATM005,transit_hub,806400,252,0,2561000,2483900,0
2021-07-27,ATM001,metro_retail,775300,242,0,0,1738300,0
2021-07-27,ATM002,urban_residential,431100,135,0,0,1172300,0
2021-07-27,ATM003,corporate_park,545700,171,0,0,1683500,0
2021-07-27,ATM004,rural_branch,276600,86,0,0,669000,0
2021-07-27,ATM005,transit_hub,754400,236,0,0,1729500,0
2021-07-28,ATM001,metro_retail,776300,243,0,0,962000,0
2021-07-28,ATM002,urban_residential,402200,126,0,0,770100,0
2021-07-28,ATM003,corporate_park,582700,182,0,0,1100800,0
2021-07-28,ATM004,rural_branch,255300,80,0,0,413700,0
2021-07-28,ATM005,transit_hub,758100,237,0,0,971400,0
2021-07-29,ATM001,metro_retail,1018900,318,0,2578000,2521100,0
2021-07-29,ATM002,urban_residential,574800,180,0,0,195300,0
2021-07-29,ATM003,corporate_park,764100,239,0,0,336700,0
2021-07-29,ATM004,rural_branch,337100,105,0,826000,902600,0
2021-07-29,ATM005,transit_hub,930200,291,0,2319000,2360200,0
2021-07-30,ATM001,metro_retail,1465500,458,0,0,1055600,0
2021-07-30,ATM002,urban_residential,800600,250,0,1925000,1319800,0
2021-07-30,ATM003,corporate_park,1127600,352,0,2583000,1792200,0
2021-07-30,ATM004,rural_branch,514700,161,0,0,387900,0
2021-07-30,ATM005,transit_hub,1032700,323,0,0,1327500,0
2021-07-31,ATM001,metro_retail,1750100,547,0,2484000,1789500,0
2021-07-31,ATM002,urban_residential,1050200,328,0,0,269500,0
2021-07-31,ATM003,corporate_park,1461700,457,0,0,330400,0
2021-07-31,ATM004,rural_branch,683700,214,0,852000,556200,0
2021-07-31,ATM005,transit_hub,1327500,415,0,0,0,1
2021-08-01,ATM001,metro_retail,1587500,496,0,0,202000,0
2021-08-01,ATM002,urban_residential,1120600,350,0,1850000,999000,0
2021-08-01,ATM003,corporate_park,1500400,469,0,2590000,1420100,0
2021-08-01,ATM004,rural_branch,556200,174,0,0,0,1
2021-08-01,ATM005,transit_hub,1632100,510,0,3290000,1657900,0
2021-08-02,ATM001,metro_retail,1409300,440,0,3338000,2130700,0
2021-08-02,ATM002,urban_residential,787500,246,0,0,211400,0
2021-08-02,ATM003,corporate_park,1090500,341,0,0,329600,0
2021-08-02,ATM004,rural_branch,477800,149,0,1240000,762200,0
2021-08-02,ATM005,transit_hub,1287800,402,0,0,370100,0
2021-08-03,ATM001,metro_retail,1025700,321,0,0,1105000,0
2021-08-03,ATM002,urban_residential,583000,182,0,1909000,1537400,0
2021-08-03,ATM003,corporate_park,747800,234,0,2590000,2171800,0
2021-08-03,ATM004,rural_branch,388500,121,0,0,373700,0
2021-08-03,ATM005,transit_hub,898100,281,0,2920000,2392100,0
2021-08-04,ATM001,metro_retail,740200,231,0,2435000,2799800,0
2021-08-04,ATM002,urban_residential,470100,147,0,0,1067300,0
2021-08-04,ATM003,corporate_park,628100,196,0,0,1543700,0
2021-08-04,ATM004,rural_branch,247900,77,0,866000,991800,0
2021-08-04,ATM005,transit_hub,796200,249,0,0,1595800,0
2021-08-05,ATM001,metro_retail,783000,245,0,0,2016900,0
2021-08-05,ATM002,urban_residential,450900,141,0,0,616500,0
2021-08-05,ATM003,corporate_park,609200,190,0,0,934500,0
2021-08-05,ATM004,rural_branch,291700,91,0,0,700100,0
2021-08-05,ATM005,transit_hub,839600,262,0,0,756200,0
2021-08-06,ATM001,metro_retail,1075900,336,0,0,941000,0
2021-08-06,ATM002,urban_residential,657100,205,0,1504000,1463400,0
2021-08-06,ATM003,corporate_park,807200,252,0,1986000,2113300,0
2021-08-06,ATM004,rural_branch,332100,104,0,0,368000,0
2021-08-06,ATM005,transit_hub,1044100,326,0,2534000,2246200,0
2021-08-07,ATM001,metro_retail,1511400,472,0,2599000,2028600,0
2021-08-07,ATM002,urban_residential,964200,301,0,0,499200,0
2021-08-07,ATM003,corporate_park,1215800,380,0,0,897500,0
2021-08-07,ATM004,rural_branch,587800,184,0,872000,652300,0
2021-08-07,ATM005,transit_hub,1419900,444,0,0,826300,0
2021-08-08,ATM001,metro_retail,1457400,455,0,0,571300,0
2021-08-08,ATM002,urban_residential,828600,259,0,1621000,1291600,0
2021-08-08,ATM003,corporate_park,1029200,322,0,2023000,1891300,0
2021-08-08,ATM004,rural_branch,369000,115,0,0,283300,0
2021-08-08,ATM005,transit_hub,1084700,339,0,2464000,2205600,0
2021-08-09,ATM001,metro_retail,912500,285,0,2969000,2627800,0
2021-08-09,ATM002,urban_residential,609100,190,0,0,682500,0
2021-08-09,ATM003,corporate_park,748600,234,0,0,1142700,0
2021-08-09,ATM004,rural_branch,368500,115,0,957000,871700,0
2021-08-09,ATM005,transit_hub,813500,254,0,0,1392100,0
2021-08-10,ATM001,metro_retail,734600,230,0,0,1893200,0
2021-08-10,ATM002,urban_residential,492100,154,0,1437000,1627400,0
2021-08-10,ATM003,corporate_park,634300,198,0,0,508300,0
2021-08-10,ATM004,rural_branch,257700,81,0,0,614000,0
2021-08-10,ATM005,transit_hub,676400,211,0,0,715700,0
2021-08-11,ATM001,metro_retail,742700,232,0,0,1150500,0
2021-08-11,ATM002,urban_residential,468100,146,0,0,1159300,0
2021-08-11,ATM003,corporate_park,543600,170,0,2412000,2376700,0
2021-08-11,ATM004,rural_branch,268100,84,0,0,345900,0
2021-08-11,ATM005,transit_hub,711600,222,0,2574000,2578100,0
2021-08-12,ATM001,metro_retail,773400,242,0,2390000,2767100,0
2021-08-12,ATM002,urban_residential,498800,156,0,0,660500,0
2021-08-12,ATM003,corporate_park,570200,178,0,0,1806500,0
2021-08-12,ATM004,rural_branch,242300,76,0,894000,997600,0
2021-08-12,ATM005,transit_hub,710500,222,0,0,1867600,0
2021-08-13,ATM001,metro_retail,1048600,328,0,0,1718500,0
2021-08-13,ATM002,urban_residential,577200,180,0,1459000,1542300,0
2021-08-13,ATM003,corporate_park,705500,220,0,0,1101000,0
2021-08-13,ATM004,rural_branch,396800,124,0,0,600800,0
2021-08-13,ATM005,transit_hub,1101800,344,0,0,765800,0
2021-08-14,ATM001,metro_retail,1389700,434,0,0,328800,0
2021-08-14,ATM002,urban_residential,898600,281,0,0,643700,0
2021-08-14,ATM003,corporate_park,850300,266,0,0,250700,0
2021-08-14,ATM004,rural_branch,555300,174,0,0,45500,0
2021-08-14,ATM005,transit_hub,1346800,421,0,2524000,1942900,0
2021-08-15,ATM001,metro_retail,1550600,485,1,3211000,1989200,0
2021-08-15,ATM002,urban_residential,903900,282,1,1476000,1215800,0
2021-08-15,ATM003,corporate_park,1102600,345,1,2669000,1817100,0
2021-08-15,ATM004,rural_branch,573600,179,1,1195000,666900,0
2021-08-15,ATM005,transit_hub,1465400,458,1,0,477500,0
2021-08-16,ATM001,metro_retail,949100,297,0,0,1040100,0
2021-08-16,ATM002,urban_residential,574700,180,0,0,641100,0
2021-08-16,ATM003,corporate_park,754800,236,0,0,1062300,0
2021-08-16,ATM004,rural_branch,346000,108,0,0,320900,0
2021-08-16,ATM005,transit_hub,950700,297,0,2812000,2338800,0
2021-08-17,ATM001,metro_retail,780800,244,0,2500000,2759300,0
2021-08-17,ATM002,urban_residential,431000,135,0,1479000,1689100,0
2021-08-17,ATM003,corporate_park,641900,201,0,0,420500,0
2021-08-17,ATM004,rural_branch,270600,85,0,919000,969300,0
2021-08-17,ATM005,transit_hub,665800,208,0,0,1673000,0
2021-08-18,ATM001,metro_retail,739600,231,0,0,2019700,0
2021-08-18,ATM002,urban_residential,423500,132,0,0,1265600,0
2021-08-18,ATM003,corporate_park,632900,198,0,2500000,2287500,0
2021-08-18,ATM004,rural_branch,296300,93,0,0,673000,0
2021-08-18,ATM005,transit_hub,664100,208,0,0,1009000,0
2021-08-19,ATM001,metro_retail,816100,255,0,0,1203600,0
2021-08-19,ATM002,urban_residential,477300,149,0,0,788300,0
2021-08-19,ATM003,corporate_park,615400,192,0,0,1672100,0
2021-08-19,ATM004,rural_branch,302300,94,0,0,370800,0
2021-08-19,ATM005,transit_hub,735900,230,0,2281000,2554100,0
2021-08-20,ATM001,metro_retail,1202500,376,0,2336000,2337200,0
2021-08-20,ATM002,urban_residential,694300,217,0,0,94000,0
2021-08-20,ATM003,corporate_park,902100,282,0,0,770100,0
2021-08-20,ATM004,rural_branch,372500,116,0,869000,867300,0
2021-08-20,ATM005,transit_hub,992600,310,0,0,1561500,0
2021-08-21,ATM001,metro_retail,1414000,442,0,0,923200,0
2021-08-21,ATM002,urban_residential,761500,238,0,2026000,1358500,0
2021-08-21,ATM003,corporate_park,1145700,358,0,2150000,1774400,0
2021-08-21,ATM004,rural_branch,483500,151,0,0,383800,0
2021-08-21,ATM005,transit_hub,1146400,358,0,0,415100,0
2021-08-22,ATM001,metro_retail,1208300,378,0,2617000,2331900,0
2021-08-22,ATM002,urban_residential,748000,234,0,0,610500,0
2021-08-22,ATM003,corporate_park,1015600,317,0,0,758800,0
2021-08-22,ATM004,rural_branch,417000,130,0,856000,822800,0
2021-08-22,ATM005,transit_hub,1282200,401,0,2875000,2007900,0
2021-08-23,ATM001,metro_retail,1071700,335,0,0,1260200,0
2021-08-23,ATM002,urban_residential,551000,172,0,1509000,1568500,0
2021-08-23,ATM003,corporate_park,871800,272,0,2161000,2048000,0
2021-08-23,ATM004,rural_branch,346000,108,0,0,476800,0
2021-08-23,ATM005,transit_hub,886400,277,0,0,1121400,0
2021-08-24,ATM001,metro_retail,832400,260,0,0,427800,0
2021-08-24,ATM002,urban_residential,418800,131,0,0,1149800,0
2021-08-24,ATM003,corporate_park,692500,216,0,0,1355500,0
2021-08-24,ATM004,rural_branch,241500,75,0,0,235300,0
2021-08-24,ATM005,transit_hub,617100,193,0,2169000,2673300,0
2021-08-25,ATM001,metro_retail,746500,233,0,3112000,2793300,0
2021-08-25,ATM002,urban_residential,448900,140,0,0,700900,0
2021-08-25,ATM003,corporate_park,661600,207,0,0,693900,0
2021-08-25,ATM004,rural_branch,213300,67,0,1005000,1027000,0
2021-08-25,ATM005,transit_hub,693200,217,0,0,1980100,0
2021-08-26,ATM001,metro_retail,858300,268,0,0,1935000,0
2021-08-26,ATM002,urban_residential,453500,142,0,1419000,1666400,0
2021-08-26,ATM003,corporate_park,618500,193,0,2226000,2301500,0
2021-08-26,ATM004,rural_branch,275200,86,0,0,751700,0
2021-08-26,ATM005,transit_hub,693300,217,0,0,1286700,0
2021-08-27,ATM001,metro_retail,1068100,334,0,0,866900,0
2021-08-27,ATM002,urban_residential,625700,196,0,0,1040700,0
2021-08-27,ATM003,corporate_park,780200,244,0,0,1521300,0
2021-08-27,ATM004,rural_branch,407400,127,0,0,344300,0
2021-08-27,ATM005,transit_hub,1085800,339,0,0,201000,0
2021-08-28,ATM001,metro_retail,1384200,433,0,2673000,2155700,0
2021-08-28,ATM002,urban_residential,802100,251,0,0,238600,0
2021-08-28,ATM003,corporate_park,1160400,363,0,0,360900,0
2021-08-28,ATM004,rural_branch,522900,163,0,896000,717400,0
2021-08-28,ATM005,transit_hub,1189500,372,0,3089000,2100400,0
2021-08-29,ATM001,metro_retail,1535800,480,0,0,619900,0
2021-08-29,ATM002,urban_residential,977600,306,0,1881000,1142000,0
2021-08-29,ATM003,corporate_park,1127600,352,0,2559000,1792200,0
2021-08-29,ATM004,rural_branch,647900,202,0,0,69500,0
2021-08-29,ATM005,transit_hub,1286300,402,0,0,814100,0
2021-08-30,ATM001,metro_retail,1533600,479,1,2920000,2006300,0
2021-08-30,ATM002,urban_residential,931400,291,1,0,210600,0
2021-08-30,ATM003,corporate_park,1387900,434,1,0,404300,0
2021-08-30,ATM004,rural_branch,496700,155,1,1170000,742800,0
2021-08-30,ATM005,transit_hub,1347500,421,1,2476000,1942700,0
2021-08-31,ATM001,metro_retail,1031700,322,0,0,974600,0
2021-08-31,ATM002,urban_residential,539500,169,0,1909000,1580100,0
2021-08-31,ATM003,corporate_park,765700,239,0,2516000,2154600,0
2021-08-31,ATM004,rural_branch,335600,105,0,0,407200,0
2021-08-31,ATM005,transit_hub,863000,270,0,0,1079700,0
2021-09-01,ATM001,metro_retail,1064600,333,0,2565000,2475000,0
2021-09-01,ATM002,urban_residential,597600,187,0,0,982500,0
2021-09-01,ATM003,corporate_park,867300,271,0,0,1287300,0
2021-09-01,ATM004,rural_branch,332900,104,0,833000,907300,0
2021-09-01,ATM005,transit_hub,956100,299,0,2210000,2333600,0
2021-09-02,ATM001,metro_retail,1060600,331,0,0,1414400,0
2021-09-02,ATM002,urban_residential,619100,193,0,0,363400,0
2021-09-02,ATM003,corporate_park,993600,311,0,0,293700,0
2021-09-02,ATM004,rural_branch,389900,122,0,0,517400,0
2021-09-02,ATM005,transit_hub,970300,303,0,0,1363300,0
2021-09-03,ATM001,metro_retail,1340300,419,0,0,74100,0
2021-09-03,ATM002,urban_residential,843400,264,0,1757000,1277000,0
2021-09-03,ATM003,corporate_park,1152000,360,0,2626000,1767700,0
2021-09-03,ATM004,rural_branch,492300,154,0,0,25100,0
2021-09-03,ATM005,transit_hub,1157700,362,0,0,205600,0
2021-09-04,ATM001,metro_retail,1347400,421,0,3466000,2192700,0
2021-09-04,ATM002,urban_residential,787200,246,0,0,489800,0
2021-09-04,ATM003,corporate_park,1134500,355,0,0,633200,0
2021-09-04,ATM004,rural_branch,490000,153,0,1215000,750100,0
2021-09-04,ATM005,transit_hub,1359800,425,0,3084000,1929800,0
2021-09-05,ATM001,metro_retail,1330900,416,0,0,861800,0
2021-09-05,ATM002,urban_residential,763700,239,0,1630000,1356100,0
2021-09-05,ATM003,corporate_park,1079600,337,0,2287000,1840600,0
2021-09-05,ATM004,rural_branch,449800,141,0,0,300300,0
2021-09-05,ATM005,transit_hub,1171500,366,0,0,758300,0
2021-09-06,ATM001,metro_retail,964700,301,0,2678000,2575200,0
2021-09-06,ATM002,urban_residential,541900,169,0,0,814200,0
2021-09-06,ATM003,corporate_park,742800,232,0,0,1097800,0
2021-09-06,ATM004,rural_branch,324700,101,0,940000,915600,0
2021-09-06,ATM005,transit_hub,908500,284,0,2532000,2381800,0
2021-09-07,ATM001,metro_retail,885300,277,0,0,1689800,0
2021-09-07,ATM002,urban_residential,597000,187,0,0,217100,0
2021-09-07,ATM003,corporate_park,664400,208,0,0,433500,0
2021-09-07,ATM004,rural_branch,270400,84,0,0,645200,0
2021-09-07,ATM005,transit_hub,718300,224,0,0,1663500,0
2021-09-08,ATM001,metro_retail,747500,234,0,0,942400,0
2021-09-08,ATM002,urban_residential,409600,128,0,1903000,1710500,0
2021-09-08,ATM003,corporate_park,517400,162,0,2487000,2403100,0
2021-09-08,ATM004,rural_branch,311100,97,0,0,334100,0
2021-09-08,ATM005,transit_hub,709400,222,0,0,954000,0
2021-09-09,ATM001,metro_retail,775900,242,0,2598000,2764500,0
2021-09-09,ATM002,urban_residential,439900,137,0,0,1270600,0
2021-09-09,ATM003,corporate_park,659600,206,0,0,1743500,0
2021-09-09,ATM004,rural_branch,306200,96,0,906000,934000,0
2021-09-09,ATM005,transit_hub,675500,211,0,2336000,2614500,0
2021-09-10,ATM001,metro_retail,910300,284,0,0,1854200,0
2021-09-10,ATM002,urban_residential,665400,208,0,0,605200,0
2021-09-10,ATM003,corporate_park,905700,283,0,0,837800,0
2021-09-10,ATM004,rural_branch,391400,122,0,0,542500,0
2021-09-10,ATM005,transit_hub,1147300,359,0,0,1467200,0
2021-09-11,ATM001,metro_retail,1532100,479,0,0,322100,0
2021-09-11,ATM002,urban_residential,796100,249,0,1515000,1324000,0
2021-09-11,ATM003,corporate_park,1033000,323,0,2082000,1886800,0
2021-09-11,ATM004,rural_branch,441500,138,0,0,101000,0
2021-09-11,ATM005,transit_hub,1179800,369,0,0,287400,0
2021-09-12,ATM001,metro_retail,1291900,404,0,3218000,2248200,0
2021-09-12,ATM002,urban_residential,782800,245,0,0,541300,0
2021-09-12,ATM003,corporate_park,1042000,326,0,0,844800,0
2021-09-12,ATM004,rural_branch,439200,137,0,1139000,800800,0
2021-09-12,ATM005,transit_hub,1177700,368,0,3003000,2112800,0
2021-09-13,ATM001,metro_retail,981200,307,0,0,1267000,0
2021-09-13,ATM002,urban_residential,651900,204,0,1579000,1468400,0
2021-09-13,ATM003,corporate_park,806700,252,0,2075000,2113100,0
2021-09-13,ATM004,rural_branch,369700,116,0,0,431100,0
2021-09-13,ATM005,transit_hub,1010600,316,0,0,1102200,0
2021-09-14,ATM001,metro_retail,775200,242,0,0,491700,0
2021-09-14,ATM002,urban_residential,436800,137,0,0,1031600,0
2021-09-14,ATM003,corporate_park,628400,196,0,0,1484700,0
2021-09-14,ATM004,rural_branch,277400,87,0,0,153700,0
2021-09-14,ATM005,transit_hub,696700,218,0,2188000,2593500,0
2021-09-15,ATM001,metro_retail,861800,269,0,3048000,2677900,0
2021-09-15,ATM002,urban_residential,487600,152,0,0,544000,0
2021-09-15,ATM003,corporate_park,556700,174,0,0,928000,0
2021-09-15,ATM004,rural_branch,323800,101,0,1086000,915900,0
2021-09-15,ATM005,transit_hub,749600,234,0,0,1843800,0
2021-09-16,ATM001,metro_retail,890500,278,0,0,1787500,0
2021-09-16,ATM002,urban_residential,448800,140,0,1576000,1671200,0
2021-09-16,ATM003,corporate_park,567300,177,0,1992000,2352700,0
2021-09-16,ATM004,rural_branch,319800,100,0,0,596100,0
2021-09-16,ATM005,transit_hub,739400,231,0,0,1104500,0
2021-09-17,ATM001,metro_retail,1067800,334,0,0,719700,0
2021-09-17,ATM002,urban_residential,657100,205,0,0,1014200,0
2021-09-17,ATM003,corporate_park,1014500,317,0,0,1338200,0
2021-09-17,ATM004,rural_branch,396000,124,0,0,200100,0
2021-09-17,ATM005,transit_hub,953300,298,0,2186000,2337200,0
2021-09-18,ATM001,metro_retail,1512800,473,0,2820000,2026900,0
2021-09-18,ATM002,urban_residential,938300,293,0,0,75900,0
2021-09-18,ATM003,corporate_park,1329300,415,0,0,8900,0
2021-09-18,ATM004,rural_branch,492400,154,0,1040000,747600,0
2021-09-18,ATM005,transit_hub,1320300,413,0,0,1016900,0
2021-09-19,ATM001,metro_retail,1214800,380,0,0,812100,0
2021-09-19,ATM002,urban_residential,787200,246,0,2044000,1332700,0
2021-09-19,ATM003,corporate_park,1046200,327,0,2911000,1873700,0
2021-09-19,ATM004,rural_branch,427900,134,0,0,319800,0
2021-09-19,ATM005,transit_hub,1184700,370,0,2273000,2105100,0
2021-09-20,ATM001,metro_retail,1046400,327,0,2728000,2493700,0
2021-09-20,ATM002,urban_residential,539900,169,0,0,792800,0
2021-09-20,ATM003,corporate_park,604000,189,0,0,1269700,0
2021-09-20,ATM004,rural_branch,335600,105,0,920000,904200,0
2021-09-20,ATM005,transit_hub,862800,270,0,0,1242400,0
2021-09-21,ATM001,metro_retail,844600,264,0,0,1649100,0
2021-09-21,ATM002,urban_residential,500600,156,0,0,292200,0
2021-09-21,ATM003,corporate_park,566300,177,0,0,703300,0
2021-09-21,ATM004,rural_branch,299100,93,0,0,605100,0
2021-09-21,ATM005,transit_hub,696400,218,0,0,546000,0
2021-09-22,ATM001,metro_retail,731800,229,0,0,917200,0
2021-09-22,ATM002,urban_residential,475500,149,0,1828000,1644800,0
2021-09-22,ATM003,corporate_park,684300,214,0,2217000,2236000,0
2021-09-22,ATM004,rural_branch,255500,80,0,0,349600,0
2021-09-22,ATM005,transit_hub,649500,203,0,2744000,2640500,0
2021-09-23,ATM001,metro_retail,735900,230,0,2623000,2804300,0
2021-09-23,ATM002,urban_residential,481900,151,0,0,1162800,0
2021-09-23,ATM003,corporate_park,702900,220,0,0,1533100,0
2021-09-23,ATM004,rural_branch,239500,75,0,890000,1000100,0
2021-09-23,ATM005,transit_hub,729700,228,0,0,1910900,0
2021-09-24,ATM001,metro_retail,1227000,383,0,0,1577300,0
2021-09-24,ATM002,urban_residential,628000,196,0,0,534800,0
2021-09-24,ATM003,corporate_park,897000,280,0,0,636100,0
2021-09-24,ATM004,rural_branch,419200,131,0,0,581000,0
2021-09-24,ATM005,transit_hub,1166400,365,0,0,744400,0
2021-09-25,ATM001,metro_retail,1442800,451,0,0,134500,0
2021-09-25,ATM002,urban_residential,853500,267,0,1585000,1266300,0
2021-09-25,ATM003,corporate_park,1073600,336,0,2284000,1846500,0
2021-09-25,ATM004,rural_branch,511900,160,0,0,69100,0
2021-09-25,ATM005,transit_hub,1387200,433,0,2546000,1903300,0
2021-09-26,ATM001,metro_retail,1413600,442,0,3405000,2126000,0
2021-09-26,ATM002,urban_residential,700000,219,0,0,566300,0
2021-09-26,ATM003,corporate_park,1113000,348,0,0,733500,0
2021-09-26,ATM004,rural_branch,429800,134,0,1171000,810300,0
2021-09-26,ATM005,transit_hub,1084200,339,0,0,819100,0
2021-09-27,ATM001,metro_retail,990000,309,0,0,1135900,0
2021-09-27,ATM002,urban_residential,594800,186,0,1554000,1525500,0
2021-09-27,ATM003,corporate_park,784300,245,0,2186000,2135200,0
2021-09-27,ATM004,rural_branch,287900,90,0,0,522400,0
2021-09-27,ATM005,transit_hub,952900,298,0,2471000,2337100,0
2021-09-28,ATM001,metro_retail,973200,304,0,2404000,2566700,0
2021-09-28,ATM002,urban_residential,571700,179,0,0,953700,0
2021-09-28,ATM003,corporate_park,723500,226,0,0,1411700,0
2021-09-28,ATM004,rural_branch,400000,125,0,0,122400,0
2021-09-28,ATM005,transit_hub,847500,265,0,0,1489700,0
2021-09-29,ATM001,metro_retail,1061500,332,0,0,1505200,0
2021-09-29,ATM002,urban_residential,487800,152,0,0,466000,0
2021-09-29,ATM003,corporate_park,889600,278,0,0,522100,0
2021-09-29,ATM004,rural_branch,372200,116,0,1118000,868200,0
2021-09-29,ATM005,transit_hub,847900,265,0,0,641800,0
2021-09-30,ATM001,metro_retail,1068300,334,0,0,436900,0
2021-09-30,ATM002,urban_residential,646700,202,0,1654000,1473300,0
2021-09-30,ATM003,corporate_park,632400,198,0,2398000,2287700,0
2021-09-30,ATM004,rural_branch,329300,103,0,0,538900,0
2021-09-30,ATM005,transit_hub,961500,300,0,2648000,2328300,0
2021-10-01,ATM001,metro_retail,1613500,504,0,3103000,1926400,0
2021-10-01,ATM002,urban_residential,967400,302,0,0,505900,0
2021-10-01,ATM003,corporate_park,1448200,453,0,0,839500,0
2021-10-01,ATM004,rural_branch,538900,168,0,0,0,1
2021-10-01,ATM005,transit_hub,1597600,499,0,0,730700,0
2021-10-02,ATM001,metro_retail,1926400,602,1,0,0,1
2021-10-02,ATM002,urban_residential,1361900,426,1,1614000,758000,0
2021-10-02,ATM003,corporate_park,1739000,543,1,2080000,1180500,0
2021-10-02,ATM004,rural_branch,690000,216,1,1240000,550000,0
2021-10-02,ATM005,transit_hub,1915000,598,1,2559000,1374700,0
2021-10-03,ATM001,metro_retail,1614700,505,0,3540000,1925300,0
2021-10-03,ATM002,urban_residential,758000,237,0,0,0,1
2021-10-03,ATM003,corporate_park,1180500,369,0,0,0,1
2021-10-03,ATM004,rural_branch,492200,154,0,0,57700,0
2021-10-03,ATM005,transit_hub,1374700,430,0,0,0,1
2021-10-04,ATM001,metro_retail,942500,295,0,0,982800,0
2021-10-04,ATM002,urban_residential,583900,182,0,2120000,1536100,0
2021-10-04,ATM003,corporate_park,820800,257,0,2920000,2099200,0
2021-10-04,ATM004,rural_branch,284500,89,0,1182000,955200,0
2021-10-04,ATM005,transit_hub,989200,309,0,3290000,2300800,0
2021-10-05,ATM001,metro_retail,758200,237,0,2557000,2781500,0
2021-10-05,ATM002,urban_residential,486600,152,0,0,1049500,0
2021-10-05,ATM003,corporate_park,548600,171,0,0,1550600,0
2021-10-05,ATM004,rural_branch,296400,93,0,0,658800,0
2021-10-05,ATM005,transit_hub,743200,232,0,0,1557500,0
2021-10-06,ATM001,metro_retail,697000,218,0,0,2084500,0
2021-10-06,ATM002,urban_residential,451200,141,0,0,598300,0
2021-10-06,ATM003,corporate_park,550100,172,0,0,1000400,0
2021-10-06,ATM004,rural_branch,292200,91,0,0,366600,0
2021-10-06,ATM005,transit_hub,743800,232,0,0,813700,0
2021-10-07,ATM001,metro_retail,828800,259,0,0,1255800,0
2021-10-07,ATM002,urban_residential,523800,164,0,1522000,1596500,0
2021-10-07,ATM003,corporate_park,783900,245,0,1920000,2136500,0
2021-10-07,ATM004,rural_branch,303200,95,0,873000,936400,0
2021-10-07,ATM005,transit_hub,825200,258,0,2476000,2464600,0
2021-10-08,ATM001,metro_retail,1155800,361,0,0,99900,0
2021-10-08,ATM002,urban_residential,825200,258,0,0,771400,0
2021-10-08,ATM003,corporate_park,865400,270,0,0,1271100,0
2021-10-08,ATM004,rural_branch,399100,125,0,0,537200,0
2021-10-08,ATM005,transit_hub,1120900,350,0,0,1343700,0
2021-10-09,ATM001,metro_retail,1580900,494,0,3440000,1959100,0
2021-10-09,ATM002,urban_residential,771400,241,0,0,0,1
2021-10-09,ATM003,corporate_park,1113700,348,0,0,157400,0
2021-10-09,ATM004,rural_branch,537200,168,0,0,0,1
2021-10-09,ATM005,transit_hub,1343700,420,0,0,0,1
2021-10-10,ATM001,metro_retail,1261700,394,0,0,697400,0
2021-10-10,ATM002,urban_residential,750300,234,0,2120000,1369700,0
2021-10-10,ATM003,corporate_park,1050300,328,0,2763000,1870200,0
2021-10-10,ATM004,rural_branch,419100,131,0,1240000,820900,0
2021-10-10,ATM005,transit_hub,1170300,366,0,3290000,2119700,0
2021-10-11,ATM001,metro_retail,1058300,331,0,2843000,2482100,0
2021-10-11,ATM002,urban_residential,651200,203,0,0,718500,0
2021-10-11,ATM003,corporate_park,823300,257,0,0,1046900,0
2021-10-11,ATM004,rural_branch,312300,98,0,0,508600,0
2021-10-11,ATM005,transit_hub,867600,271,0,0,1252000,0
2021-10-12,ATM001,metro_retail,849200,265,0,0,1632900,0
2021-10-12,ATM002,urban_residential,425800,133,0,1401000,1693700,0
2021-10-12,ATM003,corporate_park,618700,193,0,0,428300,0
2021-10-12,ATM004,rural_branch,278200,87,0,0,230400,0
2021-10-12,ATM005,transit_hub,756200,236,0,0,495900,0
2021-10-13,ATM001,metro_retail,705300,220,0,0,927600,0
2021-10-13,ATM002,urban_residential,408700,128,0,0,1285100,0
2021-10-13,ATM003,corporate_park,617000,193,0,2492000,2303300,0
2021-10-13,ATM004,rural_branch,283200,88,0,1010000,957200,0
2021-10-13,ATM005,transit_hub,744500,233,0,2794000,2545300,0
2021-10-14,ATM001,metro_retail,843200,263,0,2612000,2696400,0
2021-10-14,ATM002,urban_residential,422500,132,0,0,862500,0
2021-10-14,ATM003,corporate_park,609100,190,0,0,1694200,0
2021-10-14,ATM004,rural_branch,276500,86,0,0,680700,0
2021-10-14,ATM005,transit_hub,652500,204,0,0,1892900,0
2021-10-15,ATM001,metro_retail,1286100,402,0,0,1410300,0
2021-10-15,ATM002,urban_residential,753100,235,0,0,109500,0
2021-10-15,ATM003,corporate_park,1047700,327,0,0,646400,0
2021-10-15,ATM004,rural_branch,383700,120,0,0,297000,0
2021-10-15,ATM005,transit_hub,1148200,359,0,0,744700,0
2021-10-16,ATM001,metro_retail,1410300,441,0,0,0,1
2021-10-16,ATM002,urban_residential,890100,278,0,2011000,1230400,0
2021-10-16,ATM003,corporate_park,1073800,336,0,2274000,1846700,0
2021-10-16,ATM004,rural_branch,481300,150,0,943000,758700,0
2021-10-16,ATM005,transit_hub,1386600,433,0,2545000,1903100,0
2021-10-17,ATM001,metro_retail,1277600,399,0,3540000,2262400,0
2021-10-17,ATM002,urban_residential,781700,244,0,0,448700,0
2021-10-17,ATM003,corporate_park,991200,310,0,0,855500,0
2021-10-17,ATM004,rural_branch,484900,152,0,0,273800,0
2021-10-17,ATM005,transit_hub,1292400,404,0,0,610700,0
2021-10-18,ATM001,metro_retail,1000200,313,0,0,1262200,0
2021-10-18,ATM002,urban_residential,525100,164,0,1671000,1594600,0
2021-10-18,ATM003,corporate_park,769500,240,0,2064000,2150100,0
2021-10-18,ATM004,rural_branch,378300,118,0,966000,861500,0
2021-10-18,ATM005,transit_hub,900800,281,0,2679000,2389000,0
2021-10-19,ATM001,metro_retail,709700,222,0,0,552500,0
2021-10-19,ATM002,urban_residential,483800,151,0,0,1110800,0
2021-10-19,ATM003,corporate_park,571600,179,0,0,1578500,0
2021-10-19,ATM004,rural_branch,232800,73,0,0,628700,0
2021-10-19,ATM005,transit_hub,666300,208,0,0,1722700,0
2021-10-20,ATM001,metro_retail,748200,234,0,2988000,2792300,0
2021-10-20,ATM002,urban_residential,478400,150,0,0,632400,0
2021-10-20,ATM003,corporate_park,587400,184,0,0,991100,0
2021-10-20,ATM004,rural_branch,237600,74,0,0,391100,0
2021-10-20,ATM005,transit_hub,782000,244,0,0,940700,0
2021-10-21,ATM001,metro_retail,883900,276,0,0,1908400,0
2021-10-21,ATM002,urban_residential,464300,145,0,1488000,1656000,0
2021-10-21,ATM003,corporate_park,759400,237,0,1929000,2160600,0
2021-10-21,ATM004,rural_branch,258600,81,0,849000,981500,0
2021-10-21,ATM005,transit_hub,779100,243,0,2349000,2510700,0
2021-10-22,ATM001,metro_retail,1065200,333,0,0,843200,0
2021-10-22,ATM002,urban_residential,661600,207,0,0,994400,0
2021-10-22,ATM003,corporate_park,1028500,321,0,0,1132100,0
2021-10-22,ATM004,rural_branch,401900,126,0,0,579500,0
2021-10-22,ATM005,transit_hub,955200,299,0,0,1555400,0
2021-10-23,ATM001,metro_retail,1432100,448,0,2697000,2108100,0
2021-10-23,ATM002,urban_residential,894000,279,0,0,100400,0
2021-10-23,ATM003,corporate_park,1132100,354,0,0,0,1
2021-10-23,ATM004,rural_branch,579500,181,0,0,0,1
2021-10-23,ATM005,transit_hub,1555400,486,0,0,0,1
2021-10-24,ATM001,metro_retail,2020500,631,1,0,87600,0
2021-10-24,ATM002,urban_residential,1181300,369,1,2020000,939000,0
2021-10-24,ATM003,corporate_park,1896300,593,1,2920000,1023700,0
2021-10-24,ATM004,rural_branch,683200,214,1,1240000,556800,0
2021-10-24,ATM005,transit_hub,1998500,625,1,3290000,1291500,0
2021-10-25,ATM001,metro_retail,991800,310,0,3452000,2547800,0
2021-10-25,ATM002,urban_residential,604400,189,0,0,334700,0
2021-10-25,ATM003,corporate_park,895600,280,0,0,128100,0
2021-10-25,ATM004,rural_branch,355100,111,0,0,201700,0
2021-10-25,ATM005,transit_hub,966300,302,0,0,325100,0
2021-10-26,ATM001,metro_retail,851900,266,0,0,1695900,0
2021-10-26,ATM002,urban_residential,418300,131,0,1785000,1701400,0
2021-10-26,ATM003,corporate_park,642300,201,0,2792000,2277700,0
2021-10-26,ATM004,rural_branch,254500,80,0,1038000,985200,0
2021-10-26,ATM005,transit_hub,663200,207,0,2965000,2627000,0
2021-10-27,ATM001,metro_retail,691900,216,0,0,1004000,0
2021-10-27,ATM002,urban_residential,435000,136,0,0,1266400,0
2021-10-27,ATM003,corporate_park,492300,154,0,0,1785500,0
2021-10-27,ATM004,rural_branch,348300,109,0,0,636800,0
2021-10-27,ATM005,transit_hub,715100,223,0,0,1911900,0
2021-10-28,ATM001,metro_retail,719200,225,0,2536000,2820700,0
2021-10-28,ATM002,urban_residential,429900,134,0,0,836500,0
2021-10-28,ATM003,corporate_park,762800,238,0,0,1022700,0
2021-10-28,ATM004,rural_branch,269200,84,0,0,367700,0
2021-10-28,ATM005,transit_hub,701200,219,0,0,1210700,0
2021-10-29,ATM001,metro_retail,1426000,446,0,0,1394700,0
2021-10-29,ATM002,urban_residential,836500,261,0,0,0,1
2021-10-29,ATM003,corporate_park,1022700,320,0,0,0,1
2021-10-29,ATM004,rural_branch,498600,156,0,872000,741100,0
2021-10-29,ATM005,transit_hub,1210700,378,0,0,0,1
2021-10-30,ATM001,metro_retail,1394700,436,0,0,0,1
2021-10-30,ATM002,urban_residential,1151600,360,0,2120000,968400,0
2021-10-30,ATM003,corporate_park,1712500,535,0,2920000,1207500,0
2021-10-30,ATM004,rural_branch,688700,215,0,0,52300,0
2021-10-30,ATM005,transit_hub,1862800,582,0,3290000,1427200,0
2021-10-31,ATM001,metro_retail,1629700,509,0,3540000,1910300,0
2021-10-31,ATM002,urban_residential,959900,300,0,0,8600,0
2021-10-31,ATM003,corporate_park,1207500,377,0,0,0,1
2021-10-31,ATM004,rural_branch,517400,162,0,1188000,722900,0
2021-10-31,ATM005,transit_hub,1427200,446,0,0,0,1
2021-11-01,ATM001,metro_retail,1490600,466,0,0,419700,0
2021-11-01,ATM002,urban_residential,856200,268,0,2111000,1263300,0
2021-11-01,ATM003,corporate_park,1141200,357,0,2920000,1778800,0
2021-11-01,ATM004,rural_branch,555700,174,0,0,167200,0
2021-11-01,ATM005,transit_hub,1469700,459,0,3290000,1820300,0
2021-11-02,ATM001,metro_retail,1085200,339,0,3120000,2454500,0
2021-11-02,ATM002,urban_residential,546900,171,0,0,716500,0
2021-11-02,ATM003,corporate_park,956000,299,0,0,822800,0
2021-11-02,ATM004,rural_branch,372500,116,0,1073000,867700,0
2021-11-02,ATM005,transit_hub,948900,297,0,0,871400,0
2021-11-03,ATM001,metro_retail,1030000,322,0,0,1424500,0
2021-11-03,ATM002,urban_residential,585100,183,0,1404000,1535400,0
2021-11-03,ATM003,corporate_park,805500,252,0,2097000,2114200,0
2021-11-03,ATM004,rural_branch,309600,97,0,0,558100,0
2021-11-03,ATM005,transit_hub,942600,295,0,2419000,2347800,0
2021-11-04,ATM001,metro_retail,754000,236,0,0,670500,0
2021-11-04,ATM002,urban_residential,453300,142,0,0,1082100,0
2021-11-04,ATM003,corporate_park,557100,174,0,0,1557200,0
2021-11-04,ATM004,rural_branch,269800,84,0,0,288300,0
2021-11-04,ATM005,transit_hub,731200,229,0,0,1616600,0
2021-11-05,ATM001,metro_retail,1231700,385,0,2869000,2307800,0
2021-11-05,ATM002,urban_residential,667300,209,0,0,414800,0
2021-11-05,ATM003,corporate_park,858500,268,0,0,698700,0
2021-11-05,ATM004,rural_branch,334600,105,0,952000,905700,0
2021-11-05,ATM005,transit_hub,1053400,329,0,0,563100,0
2021-11-06,ATM001,metro_retail,1327900,415,0,0,979800,0
2021-11-06,ATM002,urban_residential,923700,289,0,1705000,1196100,0
2021-11-06,ATM003,corporate_park,1058400,331,0,2221000,1861300,0
2021-11-06,ATM004,rural_branch,494200,154,0,0,411400,0
2021-11-06,ATM005,transit_hub,1367000,427,0,2727000,1923200,0
2021-11-07,ATM001,metro_retail,1420300,444,0,2560000,2119500,0
2021-11-07,ATM002,urban_residential,776400,243,0,0,419700,0
2021-11-07,ATM003,corporate_park,1045400,327,0,0,815900,0
2021-11-07,ATM004,rural_branch,398800,125,0,829000,841600,0
2021-11-07,ATM005,transit_hub,1313700,411,0,0,609500,0
2021-11-08,ATM001,metro_retail,1037900,324,0,0,1081600,0
2021-11-08,ATM002,urban_residential,629500,197,0,1700000,1490200,0
2021-11-08,ATM003,corporate_park,761500,238,0,2104000,2158500,0
2021-11-08,ATM004,rural_branch,338500,106,0,0,503100,0
2021-11-08,ATM005,transit_hub,865600,270,0,2681000,2424900,0
2021-11-09,ATM001,metro_retail,843300,264,0,2458000,2696300,0
2021-11-09,ATM002,urban_residential,456100,143,0,0,1034100,0
2021-11-09,ATM003,corporate_park,564900,177,0,0,1593500,0
2021-11-09,ATM004,rural_branch,263200,82,0,0,239800,0
2021-11-09,ATM005,transit_hub,645700,202,0,0,1779200,0
2021-11-10,ATM001,metro_retail,806200,252,0,0,1890100,0
2021-11-10,ATM002,urban_residential,442000,138,0,0,592100,0
2021-11-10,ATM003,corporate_park,631100,197,0,0,962500,0
2021-11-10,ATM004,rural_branch,254500,80,0,1000000,985300,0
2021-11-10,ATM005,transit_hub,762300,238,0,0,1016900,0
2021-11-11,ATM001,metro_retail,842200,263,0,0,1047900,0
2021-11-11,ATM002,urban_residential,487400,152,0,1528000,1632600,0
2021-11-11,ATM003,corporate_park,563200,176,0,1958000,2357200,0
2021-11-11,ATM004,rural_branch,270600,85,0,0,714700,0
2021-11-11,ATM005,transit_hub,753400,235,0,2273000,2536500,0
2021-11-12,ATM001,metro_retail,1581400,494,1,2492000,1958500,0
2021-11-12,ATM002,urban_residential,879600,275,1,0,753100,0
2021-11-12,ATM003,corporate_park,1136800,355,1,0,1220500,0
2021-11-12,ATM004,rural_branch,540000,169,1,0,174700,0
2021-11-12,ATM005,transit_hub,1460400,456,1,0,1076100,0
2021-11-13,ATM001,metro_retail,1431100,447,0,0,527400,0
2021-11-13,ATM002,urban_residential,753100,235,0,0,0,1
2021-11-13,ATM003,corporate_park,1220500,381,0,0,0,1
2021-11-13,ATM004,rural_branch,592200,185,0,1065000,647500,0
2021-11-13,ATM005,transit_hub,1613200,504,0,2214000,1676800,0
2021-11-14,ATM001,metro_retail,1248400,390,0,3013000,2292100,0
2021-11-14,ATM002,urban_residential,748100,234,0,2120000,1371900,0
2021-11-14,ATM003,corporate_park,1075100,336,0,2920000,1844900,0
2021-11-14,ATM004,rural_branch,526600,165,0,0,121000,0
2021-11-14,ATM005,transit_hub,1248600,390,0,0,428200,0
2021-11-15,ATM001,metro_retail,1219500,381,0,0,1072500,0
2021-11-15,ATM002,urban_residential,685300,214,0,0,686600,0
2021-11-15,ATM003,corporate_park,834800,261,0,0,1010100,0
2021-11-15,ATM004,rural_branch,383700,120,0,1119000,856300,0
2021-11-15,ATM005,transit_hub,1156100,361,0,2862000,2134100,0
2021-11-16,ATM001,metro_retail,738200,231,0,2467000,2801400,0
2021-11-16,ATM002,urban_residential,445700,139,0,1433000,1673900,0
2021-11-16,ATM003,corporate_park,757400,237,0,1910000,2162800,0
2021-11-16,ATM004,rural_branch,310700,97,0,0,545600,0
2021-11-16,ATM005,transit_hub,661400,207,0,0,1472700,0
2021-11-17,ATM001,metro_retail,844800,264,0,0,1956600,0
2021-11-17,ATM002,urban_residential,430500,135,0,0,1243400,0
2021-11-17,ATM003,corporate_park,516600,161,0,0,1646100,0
2021-11-17,ATM004,rural_branch,262300,82,0,0,283400,0
2021-11-17,ATM005,transit_hub,697200,218,0,0,775500,0
2021-11-18,ATM001,metro_retail,792600,248,0,0,1163900,0
2021-11-18,ATM002,urban_residential,481500,150,0,0,761800,0
2021-11-18,ATM003,corporate_park,749700,234,0,0,896500,0
2021-11-18,ATM004,rural_branch,278800,87,0,957000,961500,0
2021-11-18,ATM005,transit_hub,727900,227,0,2515000,2562600,0
2021-11-19,ATM001,metro_retail,1149000,359,0,2376000,2390900,0
2021-11-19,ATM002,urban_residential,659800,206,0,0,102000,0
2021-11-19,ATM003,corporate_park,897800,281,0,2024000,2022600,0
2021-11-19,ATM004,rural_branch,373600,117,0,0,588000,0
2021-11-19,ATM005,transit_hub,1026400,321,0,0,1536200,0
2021-11-20,ATM001,metro_retail,1456400,455,0,0,934500,0
2021-11-20,ATM002,urban_residential,788400,246,0,2018000,1331700,0
2021-11-20,ATM003,corporate_park,1169800,366,0,0,852800,0
2021-11-20,ATM004,rural_branch,562200,176,0,0,25800,0
2021-11-20,ATM005,transit_hub,1295800,405,0,0,240400,0
2021-11-21,ATM001,metro_retail,1274600,398,0,2605000,2264900,0
2021-11-21,ATM002,urban_residential,735500,230,0,0,596200,0
2021-11-21,ATM003,corporate_park,1035900,324,0,2067000,1884000,0
2021-11-21,ATM004,rural_branch,485900,152,0,1214000,753900,0
2021-11-21,ATM005,transit_hub,1151700,360,0,3050000,2138800,0
2021-11-22,ATM001,metro_retail,944000,295,0,0,1320900,0
2021-11-22,ATM002,urban_residential,633800,198,0,1524000,1486400,0
2021-11-22,ATM003,corporate_park,682100,213,0,0,1201900,0
2021-11-22,ATM004,rural_branch,312300,98,0,0,441500,0
2021-11-22,ATM005,transit_hub,915500,286,0,0,1223300,0
2021-11-23,ATM001,metro_retail,858100,268,0,0,462800,0
2021-11-23,ATM002,urban_residential,450000,141,0,0,1036400,0
2021-11-23,ATM003,corporate_park,608300,190,0,0,593700,0
2021-11-23,ATM004,rural_branch,282100,88,0,0,159400,0
2021-11-23,ATM005,transit_hub,729500,228,0,0,493700,0
2021-11-24,ATM001,metro_retail,725500,227,0,3077000,2814400,0
2021-11-24,ATM002,urban_residential,415900,130,0,0,620500,0
2021-11-24,ATM003,corporate_park,544000,170,0,2326000,2375700,0
2021-11-24,ATM004,rural_branch,257200,80,0,1081000,983200,0
2021-11-24,ATM005,transit_hub,764100,239,0,2796000,2525700,0
2021-11-25,ATM001,metro_retail,867000,271,0,0,1947400,0
2021-11-25,ATM002,urban_residential,493800,154,0,1499000,1625700,0
2021-11-25,ATM003,corporate_park,611000,191,0,0,1764700,0
2021-11-25,ATM004,rural_branch,263100,82,0,0,720100,0
2021-11-25,ATM005,transit_hub,758400,237,0,0,1767300,0
2021-11-26,ATM001,metro_retail,1049000,328,0,0,898300,0
2021-11-26,ATM002,urban_residential,582500,182,0,0,1043200,0
2021-11-26,ATM003,corporate_park,837800,262,0,0,926900,0
2021-11-26,ATM004,rural_branch,405500,127,0,0,314600,0
2021-11-26,ATM005,transit_hub,1143200,357,0,0,624100,0
2021-11-27,ATM001,metro_retail,1455600,455,0,2642000,2084700,0
2021-11-27,ATM002,urban_residential,738500,231,0,0,304700,0
2021-11-27,ATM003,corporate_park,1289600,403,0,1993000,1630300,0
2021-11-27,ATM004,rural_branch,433500,135,0,925000,806100,0
2021-11-27,ATM005,transit_hub,1338600,418,0,2666000,1951400,0
2021-11-28,ATM001,metro_retail,1851400,579,0,0,233300,0
2021-11-28,ATM002,urban_residential,969800,303,0,1815000,1149900,0
2021-11-28,ATM003,corporate_park,1376000,430,0,0,254300,0
2021-11-28,ATM004,rural_branch,569600,178,0,0,236500,0
2021-11-28,ATM005,transit_hub,1669900,522,0,0,281500,0
2021-11-29,ATM001,metro_retail,1425500,445,0,3307000,2114800,0
2021-11-29,ATM002,urban_residential,764200,239,0,0,385600,0
2021-11-29,ATM003,corporate_park,1045000,327,0,2666000,1875300,0
2021-11-29,ATM004,rural_branch,559000,175,0,1004000,681400,0
2021-11-29,ATM005,transit_hub,1178600,368,0,3008000,2110900,0
2021-11-30,ATM001,metro_retail,1093400,342,0,0,1021400,0
2021-11-30,ATM002,urban_residential,598600,187,0,1734000,1521100,0
2021-11-30,ATM003,corporate_park,879100,275,0,0,996200,0
2021-11-30,ATM004,rural_branch,377600,118,0,0,303800,0
2021-11-30,ATM005,transit_hub,886000,277,0,0,1225000,0
2021-12-01,ATM001,metro_retail,1132400,354,0,2519000,2408000,0
2021-12-01,ATM002,urban_residential,602600,188,0,0,918500,0
2021-12-01,ATM003,corporate_park,886200,277,0,1924000,2034100,0
2021-12-01,ATM004,rural_branch,351200,110,0,936000,888500,0
2021-12-01,ATM005,transit_hub,1002600,313,0,0,222400,0
2021-12-02,ATM001,metro_retail,1055300,330,0,0,1352600,0
2021-12-02,ATM002,urban_residential,628000,196,0,0,290500,0
2021-12-02,ATM003,corporate_park,923700,289,0,0,1110300,0
2021-12-02,ATM004,rural_branch,411500,129,0,0,477000,0
2021-12-02,ATM005,transit_hub,982300,307,0,3068000,2308100,0
2021-12-03,ATM001,metro_retail,1352600,423,0,0,0,1
2021-12-03,ATM002,urban_residential,752300,235,0,1830000,1368200,0
2021-12-03,ATM003,corporate_park,1110300,347,0,0,0,1
2021-12-03,ATM004,rural_branch,477000,149,0,0,0,1
2021-12-03,ATM005,transit_hub,1176300,368,0,0,1131800,0
2021-12-04,ATM001,metro_retail,1386900,433,0,3540000,2153100,0
2021-12-04,ATM002,urban_residential,870700,272,0,0,497400,0
2021-12-04,ATM003,corporate_park,1083600,339,0,2920000,1836400,0
2021-12-04,ATM004,rural_branch,509600,159,0,1240000,730400,0
2021-12-04,ATM005,transit_hub,1269900,397,0,2158000,2019900,0
2021-12-05,ATM001,metro_retail,1238300,387,0,0,914800,0
2021-12-05,ATM002,urban_residential,667100,208,0,1623000,1453300,0
2021-12-05,ATM003,corporate_park,915400,286,0,0,920900,0
2021-12-05,ATM004,rural_branch,432300,135,0,0,298100,0
2021-12-05,ATM005,transit_hub,1229800,384,0,0,790200,0
2021-12-06,ATM001,metro_retail,1104500,345,0,2625000,2435300,0
2021-12-06,ATM002,urban_residential,575000,180,0,0,878400,0
2021-12-06,ATM003,corporate_park,747000,233,0,1999000,2172900,0
2021-12-06,ATM004,rural_branch,356600,111,0,942000,883500,0
2021-12-06,ATM005,transit_hub,924800,289,0,2500000,2365400,0
2021-12-07,ATM001,metro_retail,859900,269,0,0,1575400,0
2021-12-07,ATM002,urban_residential,508400,159,0,0,369900,0
2021-12-07,ATM003,corporate_park,624300,195,0,0,1548600,0
2021-12-07,ATM004,rural_branch,288800,90,0,0,594700,0
2021-12-07,ATM005,transit_hub,761000,238,0,0,1604400,0
2021-12-08,ATM001,metro_retail,771400,241,0,0,804000,0
2021-12-08,ATM002,urban_residential,391600,122,0,1750000,1728400,0
2021-12-08,ATM003,corporate_park,605800,189,0,0,942800,0
2021-12-08,ATM004,rural_branch,267200,83,0,0,327500,0
2021-12-08,ATM005,transit_hub,798400,250,0,0,806000,0
2021-12-09,ATM001,metro_retail,824400,258,0,2736000,2715600,0
2021-12-09,ATM002,urban_residential,453600,142,0,0,1274800,0
2021-12-09,ATM003,corporate_park,631500,197,0,1977000,2288300,0
2021-12-09,ATM004,rural_branch,311100,97,0,913000,929400,0
2021-12-09,ATM005,transit_hub,724900,227,0,2484000,2565100,0
2021-12-10,ATM001,metro_retail,1201300,375,0,0,1514300,0
2021-12-10,ATM002,urban_residential,702100,219,0,0,572700,0
2021-12-10,ATM003,corporate_park,879000,275,0,0,1409300,0
2021-12-10,ATM004,rural_branch,442700,138,0,0,486700,0
2021-12-10,ATM005,transit_hub,1025200,320,0,0,1539900,0
2021-12-11,ATM001,metro_retail,1514300,473,0,0,0,1
2021-12-11,ATM002,urban_residential,956500,299,0,1547000,1163200,0
2021-12-11,ATM003,corporate_park,1323900,414,0,0,85400,0
2021-12-11,ATM004,rural_branch,463000,145,0,0,23700,0
2021-12-11,ATM005,transit_hub,1340400,419,0,0,199400,0
2021-12-12,ATM001,metro_retail,1142900,357,0,3540000,2397100,0
2021-12-12,ATM002,urban_residential,672900,210,0,0,490300,0
2021-12-12,ATM003,corporate_park,1113000,348,0,2835000,1807400,0
2021-12-12,ATM004,rural_branch,438200,137,0,1216000,801500,0
2021-12-12,ATM005,transit_hub,1164500,364,0,3091000,2126000,0
2021-12-13,ATM001,metro_retail,984800,308,0,0,1412300,0
2021-12-13,ATM002,urban_residential,595600,186,0,1630000,1524700,0
2021-12-13,ATM003,corporate_park,754800,236,0,0,1052600,0
2021-12-13,ATM004,rural_branch,419500,131,0,0,382000,0
2021-12-13,ATM005,transit_hub,870200,272,0,0,1255800,0
2021-12-14,ATM001,metro_retail,850300,266,0,0,562000,0
2021-12-14,ATM002,urban_residential,416600,130,0,0,1108100,0
2021-12-14,ATM003,corporate_park,623800,195,0,0,428800,0
2021-12-14,ATM004,rural_branch,334000,104,0,858000,906000,0
2021-12-14,ATM005,transit_hub,743500,232,0,0,512300,0
2021-12-15,ATM001,metro_retail,731600,229,0,2978000,2808400,0
2021-12-15,ATM002,urban_residential,443700,139,0,0,664400,0
2021-12-15,ATM003,corporate_park,703200,220,0,2491000,2216500,0
2021-12-15,ATM004,rural_branch,310800,97,0,0,595200,0
2021-12-15,ATM005,transit_hub,821700,257,0,2778000,2468500,0
2021-12-16,ATM001,metro_retail,895200,280,0,0,1913200,0
2021-12-16,ATM002,urban_residential,526600,165,0,1456000,1593800,0
2021-12-16,ATM003,corporate_park,592600,185,0,0,1623900,0
2021-12-16,ATM004,rural_branch,340000,106,0,0,255200,0
2021-12-16,ATM005,transit_hub,673500,210,0,0,1795100,0
2021-12-17,ATM001,metro_retail,996400,311,0,0,916800,0
2021-12-17,ATM002,urban_residential,696800,218,0,0,897000,0
2021-12-17,ATM003,corporate_park,1132100,354,0,0,491800,0
2021-12-17,ATM004,rural_branch,461200,144,0,985000,779000,0
2021-12-17,ATM005,transit_hub,1055600,330,0,0,739400,0
2021-12-18,ATM001,metro_retail,1431600,447,0,2623000,2108200,0
2021-12-18,ATM002,urban_residential,812000,254,0,0,84900,0
2021-12-18,ATM003,corporate_park,1167000,365,0,2428000,1752900,0
2021-12-18,ATM004,rural_branch,521100,163,0,0,257900,0
2021-12-18,ATM005,transit_hub,1333900,417,0,2551000,1956600,0
2021-12-19,ATM001,metro_retail,1450700,453,0,0,657500,0
2021-12-19,ATM002,urban_residential,759900,237,0,2035000,1360100,0
2021-12-19,ATM003,corporate_park,1057500,330,0,0,695300,0
2021-12-19,ATM004,rural_branch,376800,118,0,982000,863200,0
2021-12-19,ATM005,transit_hub,1271000,397,0,0,685500,0
2021-12-20,ATM001,metro_retail,1113300,348,0,2883000,2427200,0
2021-12-20,ATM002,urban_residential,608800,190,0,0,751300,0
2021-12-20,ATM003,corporate_park,900800,281,0,2225000,2019500,0
2021-12-20,ATM004,rural_branch,355700,111,0,0,507500,0
2021-12-20,ATM005,transit_hub,839500,262,0,2604000,2450100,0
2021-12-21,ATM001,metro_retail,836500,261,0,0,1590700,0
2021-12-21,ATM002,urban_residential,460400,144,0,0,290800,0
2021-12-21,ATM003,corporate_park,673800,211,0,0,1345800,0
2021-12-21,ATM004,rural_branch,245900,77,0,0,261600,0
2021-12-21,ATM005,transit_hub,721000,225,0,0,1729000,0
2021-12-22,ATM001,metro_retail,877000,274,0,0,713700,0
2021-12-22,ATM002,urban_residential,519200,162,0,1829000,1600600,0
2021-12-22,ATM003,corporate_park,662700,207,0,0,683100,0
2021-12-22,ATM004,rural_branch,276500,86,0,978000,963000,0
2021-12-22,ATM005,transit_hub,753400,235,0,0,975600,0
2021-12-23,ATM001,metro_retail,809200,253,0,2826000,2730500,0
2021-12-23,ATM002,urban_residential,491800,154,0,0,1108800,0
2021-12-23,ATM003,corporate_park,716200,224,0,2237000,2203900,0
2021-12-23,ATM004,rural_branch,345200,108,0,0,617800,0
2021-12-23,ATM005,transit_hub,768100,240,0,2314000,2521500,0
2021-12-24,ATM001,metro_retail,1179100,368,0,0,1551400,0
2021-12-24,ATM002,urban_residential,539800,169,0,0,569000,0
2021-12-24,ATM003,corporate_park,1076600,336,0,0,1127300,0
2021-12-24,ATM004,rural_branch,419700,131,0,0,198100,0
2021-12-24,ATM005,transit_hub,1040300,325,0,0,1481100,0
2021-12-25,ATM001,metro_retail,1551400,485,1,0,0,1
2021-12-25,ATM002,urban_residential,1095300,342,1,1551000,1024700,0
2021-12-25,ATM003,corporate_park,1127300,352,1,0,0,1
2021-12-25,ATM004,rural_branch,635700,199,1,1042000,604400,0
2021-12-25,ATM005,transit_hub,1481100,463,1,0,0,1
2021-12-26,ATM001,metro_retail,1340500,419,0,3540000,2199500,0
2021-12-26,ATM002,urban_residential,711300,222,0,0,313400,0
2021-12-26,ATM003,corporate_park,1156800,362,0,2920000,1763200,0
2021-12-26,ATM004,rural_branch,410000,128,0,0,194400,0
2021-12-26,ATM005,transit_hub,1363700,426,0,3290000,1926300,0
2021-12-27,ATM001,metro_retail,971700,304,0,0,1227800,0
2021-12-27,ATM002,urban_residential,574300,179,0,1807000,1546100,0
2021-12-27,ATM003,corporate_park,790200,247,0,0,973000,0
2021-12-27,ATM004,rural_branch,294600,92,0,1046000,945800,0
2021-12-27,ATM005,transit_hub,870600,272,0,0,1055600,0
2021-12-28,ATM001,metro_retail,845000,264,0,2312000,2694800,0
2021-12-28,ATM002,urban_residential,455500,142,0,0,1090600,0
2021-12-28,ATM003,corporate_park,673200,210,0,1947000,2246800,0
2021-12-28,ATM004,rural_branch,231400,72,0,0,714300,0
2021-12-28,ATM005,transit_hub,708000,221,0,2234000,2581700,0
2021-12-29,ATM001,metro_retail,937100,293,0,0,1757700,0
2021-12-29,ATM002,urban_residential,551500,172,0,0,539100,0
2021-12-29,ATM003,corporate_park,818600,256,0,0,1428200,0
2021-12-29,ATM004,rural_branch,418000,131,0,0,296300,0
2021-12-29,ATM005,transit_hub,830300,259,0,0,1751300,0
2021-12-30,ATM001,metro_retail,1051900,329,0,0,705800,0
2021-12-30,ATM002,urban_residential,568500,178,0,1581000,1551600,0
2021-12-30,ATM003,corporate_park,806700,252,0,0,621500,0
2021-12-30,ATM004,rural_branch,411300,129,0,944000,829000,0
2021-12-30,ATM005,transit_hub,963700,301,0,0,787700,0
2021-12-31,ATM001,metro_retail,1933300,604,1,2834000,1606500,0
2021-12-31,ATM002,urban_residential,1286300,402,1,0,265300,0
2021-12-31,ATM003,corporate_park,1491700,466,1,2299000,1428800,0
2021-12-31,ATM004,rural_branch,710400,222,1,0,118600,0
2021-12-31,ATM005,transit_hub,1865200,583,1,2502000,1424400,0
2022-01-01,ATM001,metro_retail,1606500,502,1,0,0,1
2022-01-01,ATM002,urban_residential,1561400,488,1,1855000,558900,0
2022-01-01,ATM003,corporate_park,1428800,446,1,0,0,1
2022-01-01,ATM004,rural_branch,908000,284,1,1121000,331600,0
2022-01-01,ATM005,transit_hub,1424400,445,1,0,0,1
2022-01-02,ATM001,metro_retail,1741800,544,0,3540000,1798200,0
2022-01-02,ATM002,urban_residential,965600,302,0,1561000,1154300,0
2022-01-02,ATM003,corporate_park,1344600,420,0,2920000,1575400,0
2022-01-02,ATM004,rural_branch,620000,194,0,908000,619700,0
2022-01-02,ATM005,transit_hub,1593300,498,0,3290000,1696700,0
2022-01-03,ATM001,metro_retail,1251600,391,0,0,546600,0
2022-01-03,ATM002,urban_residential,764500,239,0,0,389800,0
2022-01-03,ATM003,corporate_park,928600,290,0,0,646800,0
2022-01-03,ATM004,rural_branch,448400,140,0,0,171300,0
2022-01-03,ATM005,transit_hub,1264000,395,0,0,432700,0
2022-01-04,ATM001,metro_retail,838800,262,0,2993000,2700900,0
2022-01-04,ATM002,urban_residential,477500,149,0,1730000,1642300,0
2022-01-04,ATM003,corporate_park,571000,178,0,2273000,2348900,0
2022-01-04,ATM004,rural_branch,322400,101,0,1069000,917900,0
2022-01-04,ATM005,transit_hub,687800,215,0,2857000,2601900,0
2022-01-05,ATM001,metro_retail,740400,231,0,0,1960400,0
2022-01-05,ATM002,urban_residential,485600,152,0,0,1156700,0
2022-01-05,ATM003,corporate_park,536400,168,0,0,1812400,0
2022-01-05,ATM004,rural_branch,284600,89,0,0,633200,0
2022-01-05,ATM005,transit_hub,748700,234,0,0,1853200,0
2022-01-06,ATM001,metro_retail,798600,250,0,0,1161900,0
2022-01-06,ATM002,urban_residential,438600,137,0,0,718000,0
2022-01-06,ATM003,corporate_park,709400,222,0,0,1103100,0
2022-01-06,ATM004,rural_branch,238600,75,0,0,394600,0
2022-01-06,ATM005,transit_hub,773200,242,0,0,1080000,0
2022-01-07,ATM001,metro_retail,1147200,359,0,2378000,2392700,0
2022-01-07,ATM002,urban_residential,774600,242,0,1402000,1345400,0
2022-01-07,ATM003,corporate_park,995100,311,0,0,107900,0
2022-01-07,ATM004,rural_branch,502500,157,0,845000,737100,0
2022-01-07,ATM005,transit_hub,1226300,383,0,2210000,2063800,0
2022-01-08,ATM001,metro_retail,1444500,451,0,0,948100,0
2022-01-08,ATM002,urban_residential,825500,258,0,0,519900,0
2022-01-08,ATM003,corporate_park,1219500,381,0,2812000,1700400,0
2022-01-08,ATM004,rural_branch,437600,137,0,0,299500,0
2022-01-08,ATM005,transit_hub,1266400,396,0,0,797300,0
2022-01-09,ATM001,metro_retail,1230000,384,0,2592000,2310200,0
2022-01-09,ATM002,urban_residential,813500,254,0,1600000,1306300,0
2022-01-09,ATM003,corporate_park,1066900,333,0,0,633500,0
2022-01-09,ATM004,rural_branch,444000,139,0,941000,796500,0
2022-01-09,ATM005,transit_hub,1290500,403,0,2493000,1999800,0
2022-01-10,ATM001,metro_retail,1090100,341,0,0,1220100,0
2022-01-10,ATM002,urban_residential,575900,180,0,0,730500,0
2022-01-10,ATM003,corporate_park,787100,246,0,2287000,2133400,0
2022-01-10,ATM004,rural_branch,313200,98,0,0,483300,0
2022-01-10,ATM005,transit_hub,935400,292,0,0,1064400,0
2022-01-11,ATM001,metro_retail,816100,255,0,2320000,2724000,0
2022-01-11,ATM002,urban_residential,388900,122,0,1390000,1731600,0
2022-01-11,ATM003,corporate_park,611100,191,0,0,1522300,0
2022-01-11,ATM004,rural_branch,282200,88,0,0,201100,0
2022-01-11,ATM005,transit_hub,893600,279,0,2226000,2396900,0
2022-01-12,ATM001,metro_retail,747800,234,0,0,1976300,0
2022-01-12,ATM002,urban_residential,445900,139,0,0,1285700,0
2022-01-12,ATM003,corporate_park,570300,178,0,0,952000,0
2022-01-12,ATM004,rural_branch,241800,76,0,1039000,998300,0
2022-01-12,ATM005,transit_hub,604200,189,0,0,1792700,0
2022-01-13,ATM001,metro_retail,852900,267,0,0,1123300,0
2022-01-13,ATM002,urban_residential,417200,130,0,0,868500,0
2022-01-13,ATM003,corporate_park,548000,171,0,1968000,2372000,0
2022-01-13,ATM004,rural_branch,253900,79,0,0,744300,0
2022-01-13,ATM005,transit_hub,742300,232,0,0,1050300,0
2022-01-14,ATM001,metro_retail,1216100,380,0,2417000,2324200,0
2022-01-14,ATM002,urban_residential,657300,205,0,0,211200,0
2022-01-14,ATM003,corporate_park,993700,311,0,0,1378300,0
2022-01-14,ATM004,rural_branch,370700,116,0,0,373700,0
2022-01-14,ATM005,transit_hub,934800,292,0,2240000,2355600,0
2022-01-15,ATM001,metro_retail,1512400,473,0,0,811800,0
2022-01-15,ATM002,urban_residential,944500,295,0,1909000,1175600,0
2022-01-15,ATM003,corporate_park,1276300,399,0,0,102000,0
2022-01-15,ATM004,rural_branch,634500,198,0,866000,605200,0
2022-01-15,ATM005,transit_hub,1326800,415,0,0,1028700,0
2022-01-16,ATM001,metro_retail,1274400,398,0,2728000,2265300,0
2022-01-16,ATM002,urban_residential,730200,228,0,0,445400,0
2022-01-16,ATM003,corporate_park,1041700,326,0,2818000,1878200,0
2022-01-16,ATM004,rural_branch,454700,142,0,0,150500,0
2022-01-16,ATM005,transit_hub,1322700,413,0,2261000,1967000,0
2022-01-17,ATM001,metro_retail,1058100,331,0,0,1207200,0
2022-01-17,ATM002,urban_residential,526500,165,0,1675000,1593900,0
2022-01-17,ATM003,corporate_park,812100,254,0,0,1066200,0
2022-01-17,ATM004,rural_branch,385200,120,0,1090000,855200,0
2022-01-17,ATM005,transit_hub,836700,261,0,0,1130300,0
2022-01-18,ATM001,metro_retail,747800,234,0,2333000,2792400,0
2022-01-18,ATM002,urban_residential,422000,132,0,0,1171900,0
2022-01-18,ATM003,corporate_park,554900,173,0,0,511300,0
2022-01-18,ATM004,rural_branch,322500,101,0,0,532700,0
2022-01-18,ATM005,transit_hub,793000,248,0,2160000,2497300,0
2022-01-19,ATM001,metro_retail,793800,248,0,0,1998600,0
2022-01-19,ATM002,urban_residential,419700,131,0,0,752200,0
2022-01-19,ATM003,corporate_park,665200,208,0,2409000,2255100,0
2022-01-19,ATM004,rural_branch,281300,88,0,0,251400,0
2022-01-19,ATM005,transit_hub,713300,223,0,0,1783900,0
2022-01-20,ATM001,metro_retail,808900,253,0,0,1189800,0
2022-01-20,ATM002,urban_residential,465000,145,0,0,287300,0
2022-01-20,ATM003,corporate_park,682300,213,0,0,1572700,0
2022-01-20,ATM004,rural_branch,309100,97,0,989000,931300,0
2022-01-20,ATM005,transit_hub,737600,230,0,0,1046400,0
2022-01-21,ATM001,metro_retail,1187500,371,0,2350000,2352300,0
2022-01-21,ATM002,urban_residential,731100,228,0,1833000,1389200,0
2022-01-21,ATM003,corporate_park,948400,296,0,0,624300,0
2022-01-21,ATM004,rural_branch,374200,117,0,0,557100,0
2022-01-21,ATM005,transit_hub,1098900,343,0,2244000,2191400,0
2022-01-22,ATM001,metro_retail,1313700,411,0,0,1038600,0
2022-01-22,ATM002,urban_residential,906900,283,0,0,482300,0
2022-01-22,ATM003,corporate_park,1211800,379,0,2296000,1708500,0
2022-01-22,ATM004,rural_branch,528200,165,0,0,29000,0
2022-01-22,ATM005,transit_hub,1490000,466,0,0,701500,0
2022-01-23,ATM001,metro_retail,1388600,434,0,2501000,2151000,0
2022-01-23,ATM002,urban_residential,727300,227,0,1638000,1393000,0
2022-01-23,ATM003,corporate_park,985000,308,0,0,723500,0
2022-01-23,ATM004,rural_branch,413700,129,0,1211000,826300,0
2022-01-23,ATM005,transit_hub,1101700,344,0,2589000,2188700,0
2022-01-24,ATM001,metro_retail,952900,298,0,0,1198100,0
2022-01-24,ATM002,urban_residential,639300,200,0,0,753700,0
2022-01-24,ATM003,corporate_park,809800,253,0,2197000,2110700,0
2022-01-24,ATM004,rural_branch,381600,119,0,0,444700,0
2022-01-24,ATM005,transit_hub,983200,307,0,0,1205500,0
2022-01-25,ATM001,metro_retail,701600,219,0,2342000,2838600,0
2022-01-25,ATM002,urban_residential,415000,130,0,0,338700,0
2022-01-25,ATM003,corporate_park,533100,167,0,0,1577600,0
2022-01-25,ATM004,rural_branch,308700,96,0,0,136000,0
2022-01-25,ATM005,transit_hub,748400,234,0,0,457100,0
2022-01-26,ATM001,metro_retail,814400,254,1,0,2024200,0
2022-01-26,ATM002,urban_residential,514300,161,1,1781000,1605500,0
2022-01-26,ATM003,corporate_park,802700,251,1,0,774900,0
2022-01-26,ATM004,rural_branch,333400,104,1,1104000,906600,0
2022-01-26,ATM005,transit_hub,857800,268,1,2833000,2432200,0
2022-01-27,ATM001,metro_retail,790100,247,0,0,1234000,0
2022-01-27,ATM002,urban_residential,467800,146,0,0,1137700,0
2022-01-27,ATM003,corporate_park,791500,247,0,2145000,2128400,0
2022-01-27,ATM004,rural_branch,291600,91,0,0,615000,0
2022-01-27,ATM005,transit_hub,725000,227,0,0,1707300,0
2022-01-28,ATM001,metro_retail,1152100,360,0,2306000,2388000,0
2022-01-28,ATM002,urban_residential,679800,212,0,0,457900,0
2022-01-28,ATM003,corporate_park,970200,303,0,0,1158200,0
2022-01-28,ATM004,rural_branch,451700,141,0,0,163300,0
2022-01-28,ATM005,transit_hub,1009900,316,0,0,697400,0
2022-01-29,ATM001,metro_retail,1937100,605,0,0,450800,0
2022-01-29,ATM002,urban_residential,1174200,367,0,1662000,945700,0
2022-01-29,ATM003,corporate_park,1158200,362,0,0,0,1
2022-01-29,ATM004,rural_branch,683600,214,0,1077000,556600,0
2022-01-29,ATM005,transit_hub,1695600,530,0,2593000,1594900,0
2022-01-30,ATM001,metro_retail,1663900,520,0,3089000,1876000,0
2022-01-30,ATM002,urban_residential,932700,291,0,0,13000,0
2022-01-30,ATM003,corporate_park,1508800,472,0,2920000,1411200,0
2022-01-30,ATM004,rural_branch,556600,174,0,0,0,1
2022-01-30,ATM005,transit_hub,1542800,482,0,0,52100,0
2022-01-31,ATM001,metro_retail,1397300,437,0,0,478700,0
2022-01-31,ATM002,urban_residential,804700,251,0,2107000,1315300,0
2022-01-31,ATM003,corporate_park,1037500,324,0,0,373700,0
2022-01-31,ATM004,rural_branch,494300,154,0,1240000,745700,0
2022-01-31,ATM005,transit_hub,1253100,392,0,3238000,2037000,0
2022-02-01,ATM001,metro_retail,1059800,331,0,3061000,2479800,0
2022-02-01,ATM002,urban_residential,662400,207,0,0,652900,0
2022-02-01,ATM003,corporate_park,785000,245,0,2546000,2134700,0
2022-02-01,ATM004,rural_branch,440400,138,0,0,305200,0
2022-02-01,ATM005,transit_hub,1238900,387,0,0,798100,0
2022-02-02,ATM001,metro_retail,996700,311,0,0,1483100,0
2022-02-02,ATM002,urban_residential,712900,223,0,1467000,1407000,0
2022-02-02,ATM003,corporate_park,859700,269,0,0,1275100,0
2022-02-02,ATM004,rural_branch,463900,145,0,935000,776300,0
2022-02-02,ATM005,transit_hub,917100,287,0,2492000,2373100,0
2022-02-03,ATM001,metro_retail,960300,300,0,0,522900,0
2022-02-03,ATM002,urban_residential,580000,181,0,0,827000,0
2022-02-03,ATM003,corporate_park,774000,242,0,0,501100,0
2022-02-03,ATM004,rural_branch,393900,123,0,0,382400,0
2022-02-03,ATM005,transit_hub,888500,278,0,0,1484600,0
2022-02-04,ATM001,metro_retail,1172100,366,0,3017000,2367800,0
2022-02-04,ATM002,urban_residential,731400,229,0,0,95600,0
2022-02-04,ATM003,corporate_park,873000,273,0,2419000,2047100,0
2022-02-04,ATM004,rural_branch,370600,116,0,858000,869900,0
2022-02-04,ATM005,transit_hub,1149400,359,0,0,335100,0
2022-02-05,ATM001,metro_retail,1516100,474,0,0,851700,0
2022-02-05,ATM002,urban_residential,904600,283,0,2024000,1214900,0
2022-02-05,ATM003,corporate_park,1041700,326,0,0,1005400,0
2022-02-05,ATM004,rural_branch,484700,151,0,0,385200,0
2022-02-05,ATM005,transit_hub,1376100,430,0,2955000,1914100,0
2022-02-06,ATM001,metro_retail,1389500,434,0,2688000,2150200,0
2022-02-06,ATM002,urban_residential,693700,217,0,0,521300,0
2022-02-06,ATM003,corporate_park,1095800,342,0,1915000,1824600,0
2022-02-06,ATM004,rural_branch,408800,128,0,855000,831400,0
2022-02-06,ATM005,transit_hub,1235600,386,0,0,678400,0
2022-02-07,ATM001,metro_retail,1214100,379,0,0,936100,0
2022-02-07,ATM002,urban_residential,708800,221,0,1599000,1411500,0
2022-02-07,ATM003,corporate_park,893900,279,0,0,930700,0
2022-02-07,ATM004,rural_branch,401600,125,0,0,429800,0
2022-02-07,ATM005,transit_hub,882400,276,0,2612000,2408000,0
2022-02-08,ATM001,metro_retail,742600,232,0,2604000,2797500,0
2022-02-08,ATM002,urban_residential,424800,133,0,0,986700,0
2022-02-08,ATM003,corporate_park,601300,188,0,1989000,2318400,0
2022-02-08,ATM004,rural_branch,253500,79,0,810000,986300,0
2022-02-08,ATM005,transit_hub,693800,217,0,0,1714200,0
2022-02-09,ATM001,metro_retail,780600,244,0,0,2016800,0
2022-02-09,ATM002,urban_residential,381900,119,0,0,604800,0
2022-02-09,ATM003,corporate_park,682300,213,0,0,1636100,0
2022-02-09,ATM004,rural_branch,316400,99,0,0,669800,0
2022-02-09,ATM005,transit_hub,734500,230,0,0,979700,0
2022-02-10,ATM001,metro_retail,837900,262,0,0,1179000,0
2022-02-10,ATM002,urban_residential,503600,157,0,1515000,1616200,0
2022-02-10,ATM003,corporate_park,701700,219,0,0,934500,0
2022-02-10,ATM004,rural_branch,285000,89,0,0,384800,0
2022-02-10,ATM005,transit_hub,708400,221,0,2310000,2581400,0
2022-02-11,ATM001,metro_retail,1063400,332,0,2361000,2476600,0
2022-02-11,ATM002,urban_residential,721900,226,0,0,894300,0
2022-02-11,ATM003,corporate_park,841100,263,0,1986000,2079400,0
2022-02-11,ATM004,rural_branch,441900,138,0,855000,797900,0
2022-02-11,ATM005,transit_hub,1025700,321,0,0,1555700,0
2022-02-12,ATM001,metro_retail,1482800,463,0,0,993800,0
2022-02-12,ATM002,urban_residential,868500,271,0,0,25800,0
2022-02-12,ATM003,corporate_park,1117000,349,0,0,962400,0
2022-02-12,ATM004,rural_branch,543600,170,0,0,254300,0
2022-02-12,ATM005,transit_hub,1239800,387,0,0,315800,0
2022-02-13,ATM001,metro_retail,1230800,385,0,2546000,2308900,0
2022-02-13,ATM002,urban_residential,740100,231,0,2094000,1379700,0
2022-02-13,ATM003,corporate_park,1100700,344,0,1958000,1819600,0
2022-02-13,ATM004,rural_branch,482800,151,0,986000,757600,0
2022-02-13,ATM005,transit_hub,1411800,441,0,2974000,1878000,0
2022-02-14,ATM001,metro_retail,1114500,348,0,0,1194400,0
2022-02-14,ATM002,urban_residential,655100,205,0,0,724600,0
2022-02-14,ATM003,corporate_park,779400,244,0,0,1040300,0
2022-02-14,ATM004,rural_branch,327200,102,0,0,430400,0
2022-02-14,ATM005,transit_hub,1125000,352,0,0,753100,0
2022-02-15,ATM001,metro_retail,871100,272,0,2346000,2669300,0
2022-02-15,ATM002,urban_residential,529500,165,0,1395000,1590100,0
2022-02-15,ATM003,corporate_park,713900,223,0,0,326300,0
2022-02-15,ATM004,rural_branch,310800,97,0,0,119600,0
2022-02-15,ATM005,transit_hub,828600,259,0,2537000,2461500,0
2022-02-16,ATM001,metro_retail,706000,221,0,0,1963300,0
2022-02-16,ATM002,urban_residential,426800,133,0,0,1163300,0
2022-02-16,ATM003,corporate_park,639300,200,0,2594000,2281000,0
2022-02-16,ATM004,rural_branch,265000,83,0,1120000,974600,0
2022-02-16,ATM005,transit_hub,698400,218,0,0,1763100,0
2022-02-17,ATM001,metro_retail,825900,258,0,0,1137400,0
2022-02-17,ATM002,urban_residential,499800,156,0,0,663500,0
2022-02-17,ATM003,corporate_park,709100,222,0,0,1572000,0
2022-02-17,ATM004,rural_branch,291000,91,0,0,683600,0
2022-02-17,ATM005,transit_hub,879400,275,0,0,883700,0
2022-02-18,ATM001,metro_retail,1205500,377,0,2403000,2334900,0
2022-02-18,ATM002,urban_residential,614600,192,0,1456000,1505000,0
2022-02-18,ATM003,corporate_park,960900,300,0,0,611000,0
2022-02-18,ATM004,rural_branch,420300,131,0,0,263200,0
2022-02-18,ATM005,transit_hub,980800,307,0,2406000,2308900,0
2022-02-19,ATM001,metro_retail,1565200,489,0,0,769700,0
2022-02-19,ATM002,urban_residential,832900,260,0,0,672100,0
2022-02-19,ATM003,corporate_park,1060600,331,0,2309000,1859400,0
2022-02-19,ATM004,rural_branch,574200,179,0,977000,666100,0
2022-02-19,ATM005,transit_hub,1306900,408,0,0,1002000,0
2022-02-20,ATM001,metro_retail,1313200,410,0,2770000,2226400,0
2022-02-20,ATM002,urban_residential,700900,219,0,1448000,1419100,0
2022-02-20,ATM003,corporate_park,949400,297,0,0,910000,0
2022-02-20,ATM004,rural_branch,446000,139,0,0,220100,0
2022-02-20,ATM005,transit_hub,1303100,407,0,2288000,1986900,0
2022-02-21,ATM001,metro_retail,904000,283,0,0,1322400,0
2022-02-21,ATM002,urban_residential,503100,157,0,0,916000,0
2022-02-21,ATM003,corporate_park,813900,254,0,2010000,2106100,0
2022-02-21,ATM004,rural_branch,394700,123,0,1020000,845400,0
2022-02-21,ATM005,transit_hub,959400,300,0,0,1027500,0
2022-02-22,ATM001,metro_retail,807100,252,0,0,515300,0
2022-02-22,ATM002,urban_residential,422100,132,0,0,493900,0
2022-02-22,ATM003,corporate_park,541400,169,0,0,1564700,0
2022-02-22,ATM004,rural_branch,293500,92,0,0,551900,0
2022-02-22,ATM005,transit_hub,712200,223,0,2263000,2578200,0
2022-02-23,ATM001,metro_retail,817600,256,0,3025000,2722700,0
2022-02-23,ATM002,urban_residential,487200,152,0,1626000,1632700,0
2022-02-23,ATM003,corporate_park,652800,204,0,0,911900,0
2022-02-23,ATM004,rural_branch,326400,102,0,0,225500,0
2022-02-23,ATM005,transit_hub,657700,206,0,0,1920500,0
2022-02-24,ATM001,metro_retail,844700,264,0,0,1878000,0
2022-02-24,ATM002,urban_residential,440100,138,0,0,1192600,0
2022-02-24,ATM003,corporate_park,577200,180,0,2008000,2342700,0
2022-02-24,ATM004,rural_branch,211400,66,0,1015000,1029000,0
2022-02-24,ATM005,transit_hub,869100,272,0,0,1051500,0
2022-02-25,ATM001,metro_retail,1129500,353,0,0,748500,0
2022-02-25,ATM002,urban_residential,645700,202,0,0,546900,0
2022-02-25,ATM003,corporate_park,876700,274,0,0,1466100,0
2022-02-25,ATM004,rural_branch,390000,122,0,0,639100,0
2022-02-25,ATM005,transit_hub,1035700,324,0,2239000,2254700,0
2022-02-26,ATM001,metro_retail,1893900,592,0,2792000,1646600,0
2022-02-26,ATM002,urban_residential,1039000,325,0,1573000,1080900,0
2022-02-26,ATM003,corporate_park,1466100,458,0,0,0,1
2022-02-26,ATM004,rural_branch,639100,200,0,0,0,1
2022-02-26,ATM005,transit_hub,1550000,484,0,0,704700,0
2022-02-27,ATM001,metro_retail,1646600,515,0,0,0,1
2022-02-27,ATM002,urban_residential,1043000,326,0,0,37900,0
2022-02-27,ATM003,corporate_park,1143600,357,0,2920000,1776400,0
2022-02-27,ATM004,rural_branch,472900,148,0,1240000,767100,0
2022-02-27,ATM005,transit_hub,1641200,513,0,2585000,1648500,0
2022-02-28,ATM001,metro_retail,1236300,386,0,3540000,2303700,0
2022-02-28,ATM002,urban_residential,763700,239,0,2082000,1356200,0
2022-02-28,ATM003,corporate_park,1023400,320,0,0,753000,0
2022-02-28,ATM004,rural_branch,549100,172,0,0,218000,0
2022-02-28,ATM005,transit_hub,1135800,355,0,0,512700,0
2022-03-01,ATM001,metro_retail,1154600,361,0,0,1149100,0
2022-03-01,ATM002,urban_residential,688500,215,0,0,667700,0
2022-03-01,ATM003,corporate_park,891900,279,0,2167000,2028100,0
2022-03-01,ATM004,rural_branch,415800,130,0,1022000,824100,0
2022-03-01,ATM005,transit_hub,973000,304,0,2777000,2316700,0
2022-03-02,ATM001,metro_retail,1141200,357,0,2391000,2398900,0
2022-03-02,ATM002,urban_residential,599900,187,0,1452000,1519800,0
2022-03-02,ATM003,corporate_park,841100,263,0,0,1186900,0
2022-03-02,ATM004,rural_branch,305500,95,0,0,518600,0
2022-03-02,ATM005,transit_hub,995900,311,0,0,1320800,0
2022-03-03,ATM001,metro_retail,1136900,355,0,0,1261900,0
2022-03-03,ATM002,urban_residential,547800,171,0,0,971900,0
2022-03-03,ATM003,corporate_park,961900,301,0,0,225000,0
2022-03-03,ATM004,rural_branch,396500,124,0,0,122200,0
2022-03-03,ATM005,transit_hub,1093000,342,0,0,227800,0
2022-03-04,ATM001,metro_retail,1166200,364,0,0,95800,0
2022-03-04,ATM002,urban_residential,627400,196,0,0,344500,0
2022-03-04,ATM003,corporate_park,794200,248,0,2695000,2125800,0
2022-03-04,ATM004,rural_branch,374900,117,0,1118000,865200,0
2022-03-04,ATM005,transit_hub,987300,309,0,3062000,2302500,0
2022-03-05,ATM001,metro_retail,1506800,471,0,3444000,2033000,0
2022-03-05,ATM002,urban_residential,920100,288,0,1775000,1199500,0
2022-03-05,ATM003,corporate_park,1122500,351,0,0,1003300,0
2022-03-05,ATM004,rural_branch,491200,154,0,0,374000,0
2022-03-05,ATM005,transit_hub,1448100,453,0,0,854400,0
2022-03-06,ATM001,metro_retail,1271500,397,0,0,761600,0
2022-03-06,ATM002,urban_residential,752800,235,0,0,446700,0
2022-03-06,ATM003,corporate_park,1023200,320,0,1917000,1897100,0
2022-03-06,ATM004,rural_branch,542800,170,0,866000,697200,0
2022-03-06,ATM005,transit_hub,1159200,362,0,2436000,2131200,0
2022-03-07,ATM001,metro_retail,1082600,338,0,2778000,2457000,0
2022-03-07,ATM002,urban_residential,682800,213,0,1673000,1436900,0
2022-03-07,ATM003,corporate_park,774700,242,0,0,1122300,0
2022-03-07,ATM004,rural_branch,386000,121,0,0,311200,0
2022-03-07,ATM005,transit_hub,1025200,320,0,0,1106000,0
2022-03-08,ATM001,metro_retail,929600,290,1,0,1527400,0
2022-03-08,ATM002,urban_residential,423200,132,1,0,1013700,0
2022-03-08,ATM003,corporate_park,714000,223,1,0,408300,0
2022-03-08,ATM004,rural_branch,297700,93,1,929000,942500,0
2022-03-08,ATM005,transit_hub,800900,250,1,2184000,2489100,0
2022-03-09,ATM001,metro_retail,831700,260,0,0,695700,0
2022-03-09,ATM002,urban_residential,484300,151,0,0,529400,0
2022-03-09,ATM003,corporate_park,474400,148,0,2512000,2445900,0
2022-03-09,ATM004,rural_branch,339900,106,0,0,602600,0
2022-03-09,ATM005,transit_hub,744600,233,0,0,1744500,0
2022-03-10,ATM001,metro_retail,808700,253,0,2844000,2731000,0
2022-03-10,ATM002,urban_residential,460000,144,0,1591000,1660500,0
2022-03-10,ATM003,corporate_park,615900,192,0,0,1830000,0
2022-03-10,ATM004,rural_branch,324300,101,0,0,278300,0
2022-03-10,ATM005,transit_hub,848900,265,0,0,895600,0
2022-03-11,ATM001,metro_retail,1215100,380,0,0,1515900,0
2022-03-11,ATM002,urban_residential,782700,245,0,0,877800,0
2022-03-11,ATM003,corporate_park,1119900,350,0,0,710200,0
2022-03-11,ATM004,rural_branch,403500,126,0,962000,836800,0
2022-03-11,ATM005,transit_hub,1008800,315,0,2394000,2280900,0
2022-03-12,ATM001,metro_retail,1515900,474,0,0,0,1
2022-03-12,ATM002,urban_residential,838000,262,0,0,39800,0
2022-03-12,ATM003,corporate_park,1153600,360,0,2210000,1766600,0
2022-03-12,ATM004,rural_branch,498200,156,0,0,338600,0
2022-03-12,ATM005,transit_hub,1312700,410,0,0,968100,0
2022-03-13,ATM001,metro_retail,1361000,425,0,3540000,2179000,0
2022-03-13,ATM002,urban_residential,758000,237,0,2080000,1361800,0
2022-03-13,ATM003,corporate_park,1153500,360,0,0,613100,0
2022-03-13,ATM004,rural_branch,460200,144,0,901000,779400,0
2022-03-13,ATM005,transit_hub,1129700,353,0,2322000,2160400,0
2022-03-14,ATM001,metro_retail,965300,302,0,0,1213700,0
2022-03-14,ATM002,urban_residential,616300,193,0,0,745500,0
2022-03-14,ATM003,corporate_park,907200,284,0,2307000,2012900,0
2022-03-14,ATM004,rural_branch,427800,134,0,0,351600,0
2022-03-14,ATM005,transit_hub,904900,283,0,0,1255500,0
2022-03-15,ATM001,metro_retail,900600,281,0,2326000,2639100,0
2022-03-15,ATM002,urban_residential,475500,149,0,0,269900,0
2022-03-15,ATM003,corporate_park,631900,197,0,0,1381000,0
2022-03-15,ATM004,rural_branch,284600,89,0,888000,955000,0
2022-03-15,ATM005,transit_hub,807000,252,0,0,448500,0
2022-03-16,ATM001,metro_retail,713700,223,0,0,1925400,0
2022-03-16,ATM002,urban_residential,476700,149,0,1850000,1643200,0
2022-03-16,ATM003,corporate_park,584700,183,0,0,796300,0
2022-03-16,ATM004,rural_branch,245200,77,0,0,709800,0
2022-03-16,ATM005,transit_hub,797200,249,0,2841000,2492400,0
2022-03-17,ATM001,metro_retail,894500,280,0,0,1030900,0
2022-03-17,ATM002,urban_residential,455500,142,0,0,1187700,0
2022-03-17,ATM003,corporate_park,604900,189,0,2124000,2315400,0
2022-03-17,ATM004,rural_branch,336200,105,0,0,373600,0
2022-03-17,ATM005,transit_hub,694500,217,0,0,1797800,0
2022-03-18,ATM001,metro_retail,1158300,362,0,2509000,2381700,0
2022-03-18,ATM002,urban_residential,736400,230,0,0,451300,0
2022-03-18,ATM003,corporate_park,790900,247,0,0,1524600,0
2022-03-18,ATM004,rural_branch,406400,127,0,866000,833200,0
2022-03-18,ATM005,transit_hub,1164500,364,0,0,633300,0
2022-03-19,ATM001,metro_retail,1698000,531,0,0,683700,0
2022-03-19,ATM002,urban_residential,918900,287,0,1669000,1201400,0
2022-03-19,ATM003,corporate_park,1361800,426,0,0,162800,0
2022-03-19,ATM004,rural_branch,545500,170,0,0,287700,0
2022-03-19,ATM005,transit_hub,1246700,390,0,2657000,2043600,0
2022-03-20,ATM001,metro_retail,1261400,394,0,2856000,2278300,0
2022-03-20,ATM002,urban_residential,783900,245,0,0,417500,0
2022-03-20,ATM003,corporate_park,979300,306,0,2757000,1940500,0
2022-03-20,ATM004,rural_branch,495800,155,0,952000,743900,0
2022-03-20,ATM005,transit_hub,1209000,378,0,0,834600,0
2022-03-21,ATM001,metro_retail,948800,297,0,0,1329500,0
2022-03-21,ATM002,urban_residential,559900,175,0,1703000,1560600,0
2022-03-21,ATM003,corporate_park,822700,257,0,0,1117800,0
2022-03-21,ATM004,rural_branch,352000,110,0,0,391900,0
2022-03-21,ATM005,transit_hub,839400,262,0,2455000,2450200,0
2022-03-22,ATM001,metro_retail,748900,234,0,0,580600,0
2022-03-22,ATM002,urban_residential,453300,142,0,0,1107300,0
2022-03-22,ATM003,corporate_park,623600,195,0,0,494200,0
2022-03-22,ATM004,rural_branch,224400,70,0,848000,1015500,0
2022-03-22,ATM005,transit_hub,670700,210,0,0,1779600,0
2022-03-23,ATM001,metro_retail,694600,217,0,2959000,2845000,0
2022-03-23,ATM002,urban_residential,458400,143,0,0,648900,0
2022-03-23,ATM003,corporate_park,605100,189,0,2426000,2315100,0
2022-03-23,ATM004,rural_branch,273100,85,0,0,742400,0
2022-03-23,ATM005,transit_hub,633400,198,0,0,1146200,0
2022-03-24,ATM001,metro_retail,823700,257,0,0,2021300,0
2022-03-24,ATM002,urban_residential,413700,129,0,1471000,1706100,0
2022-03-24,ATM003,corporate_park,660900,207,0,0,1654200,0
2022-03-24,ATM004,rural_branch,335700,105,0,0,406700,0
2022-03-24,ATM005,transit_hub,839700,262,0,2144000,2450500,0
2022-03-25,ATM001,metro_retail,1032700,323,0,0,988600,0
2022-03-25,ATM002,urban_residential,648000,202,0,0,1058200,0
2022-03-25,ATM003,corporate_park,1054200,329,0,0,600000,0
2022-03-25,ATM004,rural_branch,520300,163,0,833000,719400,0
2022-03-25,ATM005,transit_hub,1015600,317,0,0,1434900,0
2022-03-26,ATM001,metro_retail,1451600,454,0,2551000,2088000,0
2022-03-26,ATM002,urban_residential,929100,290,0,0,129100,0
2022-03-26,ATM003,corporate_park,1246300,389,0,2320000,1673700,0
2022-03-26,ATM004,rural_branch,534600,167,0,0,184700,0
2022-03-26,ATM005,transit_hub,1373500,429,0,0,61400,0
2022-03-27,ATM001,metro_retail,1309900,409,0,0,778200,0
2022-03-27,ATM002,urban_residential,693500,217,0,1991000,1426600,0
2022-03-27,ATM003,corporate_park,901800,282,0,0,771900,0
2022-03-27,ATM004,rural_branch,469900,147,0,1055000,769800,0
2022-03-27,ATM005,transit_hub,1202200,376,0,3229000,2088200,0
2022-03-28,ATM001,metro_retail,954600,298,0,2762000,2585600,0
2022-03-28,ATM002,urban_residential,644800,201,0,0,781800,0
2022-03-28,ATM003,corporate_park,791900,247,0,2148000,2128000,0
2022-03-28,ATM004,rural_branch,420300,131,0,0,349500,0
2022-03-28,ATM005,transit_hub,946500,296,0,0,1141600,0
2022-03-29,ATM001,metro_retail,1034800,323,0,0,1550800,0
2022-03-29,ATM002,urban_residential,572800,179,0,0,209000,0
2022-03-29,ATM003,corporate_park,736300,230,0,0,1391700,0
2022-03-29,ATM004,rural_branch,395200,123,0,890000,844400,0
2022-03-29,ATM005,transit_hub,944000,295,0,2148000,2345600,0
2022-03-30,ATM001,metro_retail,1059200,331,0,0,491600,0
2022-03-30,ATM002,urban_residential,597400,187,0,1911000,1522500,0
2022-03-30,ATM003,corporate_park,788100,246,0,0,603600,0
2022-03-30,ATM004,rural_branch,374200,117,0,0,470200,0
2022-03-30,ATM005,transit_hub,907300,284,0,0,1438300,0
2022-03-31,ATM001,metro_retail,1006900,315,0,3048000,2532800,0
2022-03-31,ATM002,urban_residential,572700,179,0,0,949800,0
2022-03-31,ATM003,corporate_park,828700,259,0,2316000,2090900,0
2022-03-31,ATM004,rural_branch,316800,99,0,0,153400,0
2022-03-31,ATM005,transit_hub,967600,302,0,0,470600,0
2022-04-01,ATM001,metro_retail,1567700,490,0,0,965100,0
2022-04-01,ATM002,urban_residential,949800,297,0,0,0,1
2022-04-01,ATM003,corporate_park,1273400,398,0,0,817500,0
2022-04-01,ATM004,rural_branch,583400,182,0,1087000,657000,0
2022-04-01,ATM005,transit_hub,1671200,522,0,2819000,1618500,0
2022-04-02,ATM001,metro_retail,1875000,586,0,2575000,1665100,0
2022-04-02,ATM002,urban_residential,1214300,379,0,2120000,905700,0
2022-04-02,ATM003,corporate_park,1405900,439,0,2103000,1514600,0
2022-04-02,ATM004,rural_branch,657000,205,0,0,0,1
2022-04-02,ATM005,transit_hub,1618500,506,0,0,0,1
2022-04-03,ATM001,metro_retail,1625700,508,0,0,39400,0
2022-04-03,ATM002,urban_residential,905700,283,0,0,0,1
2022-04-03,ATM003,corporate_park,1244200,389,0,0,270400,0
2022-04-03,ATM004,rural_branch,507200,158,0,1240000,732800,0
2022-04-03,ATM005,transit_hub,1177100,368,0,3290000,2112900,0
2022-04-04,ATM001,metro_retail,1019400,319,0,3501000,2521000,0
2022-04-04,ATM002,urban_residential,648700,203,0,2120000,1471300,0
2022-04-04,ATM003,corporate_park,786000,246,0,2650000,2134400,0
2022-04-04,ATM004,rural_branch,354100,111,0,0,378700,0
2022-04-04,ATM005,transit_hub,930900,291,0,0,1182000,0
2022-04-05,ATM001,metro_retail,818500,256,0,0,1702600,0
2022-04-05,ATM002,urban_residential,503100,157,0,0,968100,0
2022-04-05,ATM003,corporate_park,671500,210,0,0,1462900,0
2022-04-05,ATM004,rural_branch,340300,106,0,861000,899400,0
2022-04-05,ATM005,transit_hub,704900,220,0,0,477100,0
2022-04-06,ATM001,metro_retail,771600,241,0,0,931000,0
2022-04-06,ATM002,urban_residential,456300,143,0,0,511800,0
2022-04-06,ATM003,corporate_park,571300,179,0,0,891600,0
2022-04-06,ATM004,rural_branch,272800,85,0,0,626600,0
2022-04-06,ATM005,transit_hub,873100,273,0,2813000,2417000,0
2022-04-07,ATM001,metro_retail,955100,298,0,2609000,2584800,0
2022-04-07,ATM002,urban_residential,482400,151,0,1608000,1637400,0
2022-04-07,ATM003,corporate_park,706400,221,0,2028000,2213200,0
2022-04-07,ATM004,rural_branch,283500,89,0,0,343000,0
2022-04-07,ATM005,transit_hub,747000,233,0,0,1670000,0
2022-04-08,ATM001,metro_retail,1133700,354,0,0,1451100,0
2022-04-08,ATM002,urban_residential,740200,231,0,0,897200,0
2022-04-08,ATM003,corporate_park,947600,296,0,0,1265600,0
2022-04-08,ATM004,rural_branch,347900,109,0,897000,892100,0
2022-04-08,ATM005,transit_hub,1131300,354,0,0,538600,0
2022-04-09,ATM001,metro_retail,1451100,453,0,0,0,1
2022-04-09,ATM002,urban_residential,795600,249,0,0,101600,0
2022-04-09,ATM003,corporate_park,1059800,331,0,0,205800,0
2022-04-09,ATM004,rural_branch,542200,169,0,0,349900,0
2022-04-09,ATM005,transit_hub,1281900,401,0,2751000,2007700,0
2022-04-10,ATM001,metro_retail,1354600,423,0,3540000,2185400,0
2022-04-10,ATM002,urban_residential,736300,230,0,2018000,1383300,0
2022-04-10,ATM003,corporate_park,928300,290,0,2714000,1991500,0
2022-04-10,ATM004,rural_branch,446300,139,0,890000,793600,0
2022-04-10,ATM005,transit_hub,1149200,359,0,0,858500,0
2022-04-11,ATM001,metro_retail,1059200,331,0,0,1126200,0
2022-04-11,ATM002,urban_residential,621900,194,0,0,761400,0
2022-04-11,ATM003,corporate_park,864100,270,0,0,1127400,0
2022-04-11,ATM004,rural_branch,337300,105,0,0,456300,0
2022-04-11,ATM005,transit_hub,1006900,315,0,2431000,2282600,0
2022-04-12,ATM001,metro_retail,774800,242,0,2414000,2765400,0
2022-04-12,ATM002,urban_residential,475800,149,0,0,285600,0
2022-04-12,ATM003,corporate_park,666800,208,0,0,460500,0
2022-04-12,ATM004,rural_branch,294000,92,0,0,162300,0
2022-04-12,ATM005,transit_hub,728000,228,0,0,1554600,0
2022-04-13,ATM001,metro_retail,715000,223,0,0,2050300,0
2022-04-13,ATM002,urban_residential,503200,157,0,1834000,1616400,0
2022-04-13,ATM003,corporate_park,540100,169,0,2459000,2379500,0
2022-04-13,ATM004,rural_branch,288500,90,0,1078000,951800,0
2022-04-13,ATM005,transit_hub,769400,240,0,0,785200,0
2022-04-14,ATM001,metro_retail,983500,307,1,0,1066800,0
2022-04-14,ATM002,urban_residential,535500,167,1,0,1080900,0
2022-04-14,ATM003,corporate_park,821100,257,1,0,1558400,0
2022-04-14,ATM004,rural_branch,339700,106,1,0,612100,0
2022-04-14,ATM005,transit_hub,957400,299,1,2505000,2332800,0
2022-04-15,ATM001,metro_retail,1320500,413,0,2473000,2219300,0
2022-04-15,ATM002,urban_residential,660000,206,0,0,420900,0
2022-04-15,ATM003,corporate_park,1060200,331,0,0,498200,0
2022-04-15,ATM004,rural_branch,479500,150,0,0,132700,0
2022-04-15,ATM005,transit_hub,1210900,378,0,0,1121900,0
2022-04-16,ATM001,metro_retail,1425800,446,0,0,793400,0
2022-04-16,ATM002,urban_residential,855800,267,0,1699000,1264200,0
2022-04-16,ATM003,corporate_park,1151500,360,0,2422000,1768700,0
2022-04-16,ATM004,rural_branch,480900,150,0,1107000,758800,0
2022-04-16,ATM005,transit_hub,1306800,408,0,2168000,1983100,0
2022-04-17,ATM001,metro_retail,1297400,405,0,2747000,2243000,0
2022-04-17,ATM002,urban_residential,769200,240,0,0,494900,0
2022-04-17,ATM003,corporate_park,862400,270,0,0,906300,0
2022-04-17,ATM004,rural_branch,444300,139,0,0,314500,0
2022-04-17,ATM005,transit_hub,1255500,392,0,0,727600,0
2022-04-18,ATM001,metro_retail,1043400,326,0,0,1199600,0
2022-04-18,ATM002,urban_residential,576800,180,0,1625000,1543100,0
2022-04-18,ATM003,corporate_park,826400,258,0,2014000,2093900,0
2022-04-18,ATM004,rural_branch,356700,111,0,925000,882800,0
2022-04-18,ATM005,transit_hub,842300,263,0,2562000,2447300,0
2022-04-19,ATM001,metro_retail,851300,266,0,2340000,2688300,0
2022-04-19,ATM002,urban_residential,509700,159,0,0,1033400,0
2022-04-19,ATM003,corporate_park,631300,197,0,0,1462600,0
2022-04-19,ATM004,rural_branch,286300,89,0,0,596500,0
2022-04-19,ATM005,transit_hub,668300,209,0,0,1779000,0
2022-04-20,ATM001,metro_retail,835100,261,0,0,1853200,0
2022-04-20,ATM002,urban_residential,442800,138,0,0,590700,0
2022-04-20,ATM003,corporate_park,555000,173,0,0,907600,0
2022-04-20,ATM004,rural_branch,310100,97,0,0,286400,0
2022-04-20,ATM005,transit_hub,654600,205,0,0,1124400,0
2022-04-21,ATM001,metro_retail,794700,248,0,0,1058500,0
2022-04-21,ATM002,urban_residential,432900,135,0,1529000,1686700,0
2022-04-21,ATM003,corporate_park,671700,210,0,2012000,2247900,0
2022-04-21,ATM004,rural_branch,277600,87,0,954000,962800,0
2022-04-21,ATM005,transit_hub,714600,223,0,2166000,2575800,0
2022-04-22,ATM001,metro_retail,1127900,352,0,2482000,2412600,0
2022-04-22,ATM002,urban_residential,698400,218,0,0,988300,0
2022-04-22,ATM003,corporate_park,858500,268,0,0,1389400,0
2022-04-22,ATM004,rural_branch,390000,122,0,0,572800,0
2022-04-22,ATM005,transit_hub,1177300,368,0,0,1398500,0
2022-04-23,ATM001,metro_retail,1356300,424,0,0,1056400,0
2022-04-23,ATM002,urban_residential,805800,252,0,0,182600,0
2022-04-23,ATM003,corporate_park,1121400,350,0,0,268000,0
2022-04-23,ATM004,rural_branch,572800,179,0,0,0,1
2022-04-23,ATM005,transit_hub,1246500,390,0,0,152000,0
2022-04-24,ATM001,metro_retail,1328400,415,0,2484000,2212000,0
2022-04-24,ATM002,urban_residential,856700,268,0,1937000,1262800,0
2022-04-24,ATM003,corporate_park,1017800,318,0,2652000,1902200,0
2022-04-24,ATM004,rural_branch,482100,151,0,1240000,757900,0
2022-04-24,ATM005,transit_hub,1098900,343,0,3138000,2191100,0
2022-04-25,ATM001,metro_retail,969100,303,0,0,1242900,0
2022-04-25,ATM002,urban_residential,603000,188,0,0,659900,0
2022-04-25,ATM003,corporate_park,688300,215,0,0,1213900,0
2022-04-25,ATM004,rural_branch,321000,100,0,0,437000,0
2022-04-25,ATM005,transit_hub,922000,288,0,0,1269100,0
2022-04-26,ATM001,metro_retail,848600,265,0,0,394200,0
2022-04-26,ATM002,urban_residential,418900,131,0,1460000,1701000,0
2022-04-26,ATM003,corporate_park,690900,216,0,0,522900,0
2022-04-26,ATM004,rural_branch,279500,87,0,0,157400,0
2022-04-26,ATM005,transit_hub,736400,230,0,0,532700,0
2022-04-27,ATM001,metro_retail,784800,245,0,3146000,2755500,0
2022-04-27,ATM002,urban_residential,486300,152,0,0,1214700,0
2022-04-27,ATM003,corporate_park,669400,209,0,2397000,2250500,0
2022-04-27,ATM004,rural_branch,248700,78,0,1083000,991800,0
2022-04-27,ATM005,transit_hub,696100,218,0,2757000,2593600,0
2022-04-28,ATM001,metro_retail,1084700,339,0,0,1670800,0
2022-04-28,ATM002,urban_residential,735300,230,0,0,479400,0
2022-04-28,ATM003,corporate_park,826400,258,0,0,1424100,0
2022-04-28,ATM004,rural_branch,347000,108,0,0,644800,0
2022-04-28,ATM005,transit_hub,1081500,338,0,0,1512100,0
2022-04-29,ATM001,metro_retail,1358300,424,0,0,312500,0
2022-04-29,ATM002,urban_residential,764400,239,0,1641000,1356000,0
2022-04-29,ATM003,corporate_park,1126400,352,0,0,297700,0
2022-04-29,ATM004,rural_branch,480400,150,0,0,164400,0
2022-04-29,ATM005,transit_hub,1382800,432,0,0,129300,0
2022-04-30,ATM001,metro_retail,2095500,655,0,3227000,1444100,0
2022-04-30,ATM002,urban_residential,1210300,378,0,0,145700,0
2022-04-30,ATM003,corporate_park,1700900,532,0,2622000,1218800,0
2022-04-30,ATM004,rural_branch,655000,205,0,1076000,585400,0
2022-04-30,ATM005,transit_hub,1615100,505,0,3161000,1675200,0
2022-05-01,ATM001,metro_retail,1444100,451,0,0,0,1
2022-05-01,ATM002,urban_residential,1141900,357,0,1974000,977800,0
2022-05-01,ATM003,corporate_park,1218800,381,0,0,0,1
2022-05-01,ATM004,rural_branch,585400,183,0,0,0,1
2022-05-01,ATM005,transit_hub,1675200,524,0,0,0,1
2022-05-02,ATM001,metro_retail,1387400,434,0,3540000,2152600,0
2022-05-02,ATM002,urban_residential,809400,253,0,0,168400,0
2022-05-02,ATM003,corporate_park,1110000,347,0,2920000,1810000,0
2022-05-02,ATM004,rural_branch,552300,173,0,1240000,687700,0
2022-05-02,ATM005,transit_hub,1151600,360,0,3290000,2138400,0
2022-05-03,ATM001,metro_retail,931600,291,0,0,1221000,0
2022-05-03,ATM002,urban_residential,592200,185,0,1952000,1528200,0
2022-05-03,ATM003,corporate_park,677100,212,0,0,1132900,0
2022-05-03,ATM004,rural_branch,414500,130,0,0,273200,0
2022-05-03,ATM005,transit_hub,880800,275,0,0,1257600,0
2022-05-04,ATM001,metro_retail,758200,237,0,2319000,2781800,0
2022-05-04,ATM002,urban_residential,467100,146,0,0,1061100,0
2022-05-04,ATM003,corporate_park,622700,195,0,0,510200,0
2022-05-04,ATM004,rural_branch,314200,98,0,967000,925900,0
2022-05-04,ATM005,transit_hub,699200,219,0,0,558300,0
2022-05-05,ATM001,metro_retail,812300,254,0,0,1969500,0
2022-05-05,ATM002,urban_residential,456900,143,0,0,604200,0
2022-05-05,ATM003,corporate_park,673200,210,0,2410000,2247000,0
2022-05-05,ATM004,rural_branch,295500,92,0,0,630400,0
2022-05-05,ATM005,transit_hub,742100,232,0,2732000,2548200,0
2022-05-06,ATM001,metro_retail,1191300,372,0,0,778200,0
2022-05-06,ATM002,urban_residential,747400,234,0,1516000,1372800,0
2022-05-06,ATM003,corporate_park,925300,289,0,0,1321700,0
2022-05-06,ATM004,rural_branch,440400,138,0,0,190000,0
2022-05-06,ATM005,transit_hub,1045700,327,0,0,1502500,0
2022-05-07,ATM001,metro_retail,1781100,557,0,2762000,1759100,0
2022-05-07,ATM002,urban_residential,875500,274,0,0,497300,0
2022-05-07,ATM003,corporate_park,1209300,378,0,0,112400,0
2022-05-07,ATM004,rural_branch,607400,190,0,1050000,632600,0
2022-05-07,ATM005,transit_hub,1502500,470,0,0,0,1
2022-05-08,ATM001,metro_retail,1397100,437,0,0,362000,0
2022-05-08,ATM002,urban_residential,874000,273,0,1623000,1246300,0
2022-05-08,ATM003,corporate_park,1154200,361,0,2808000,1766200,0
2022-05-08,ATM004,rural_branch,427900,134,0,0,204800,0
2022-05-08,ATM005,transit_hub,1142300,357,0,3290000,2147700,0
2022-05-09,ATM001,metro_retail,1040500,325,0,3178000,2499500,0
2022-05-09,ATM002,urban_residential,659600,206,0,0,586700,0
2022-05-09,ATM003,corporate_park,721800,226,0,0,1044400,0
2022-05-09,ATM004,rural_branch,329700,103,0,1035000,910000,0
2022-05-09,ATM005,transit_hub,1076300,336,0,0,1071400,0
2022-05-10,ATM001,metro_retail,783900,245,0,0,1715600,0
2022-05-10,ATM002,urban_residential,426100,133,0,1533000,1693600,0
2022-05-10,ATM003,corporate_park,732400,229,0,0,311900,0
2022-05-10,ATM004,rural_branch,316600,99,0,0,593400,0
2022-05-10,ATM005,transit_hub,672900,210,0,2219000,2617500,0
2022-05-11,ATM001,metro_retail,743200,232,0,0,972400,0
2022-05-11,ATM002,urban_residential,451500,141,0,0,1242100,0
2022-05-11,ATM003,corporate_park,627200,196,0,2608000,2292800,0
2022-05-11,ATM004,rural_branch,250000,78,0,0,343500,0
2022-05-11,ATM005,transit_hub,726700,227,0,0,1890800,0
2022-05-12,ATM001,metro_retail,863600,270,0,2568000,2676800,0
2022-05-12,ATM002,urban_residential,530200,166,0,0,711900,0
2022-05-12,ATM003,corporate_park,643800,201,0,0,1648900,0
2022-05-12,ATM004,rural_branch,306100,96,0,897000,934300,0
2022-05-12,ATM005,transit_hub,741600,232,0,0,1149100,0
2022-05-13,ATM001,metro_retail,1248800,390,0,0,1428000,0
2022-05-13,ATM002,urban_residential,654900,205,0,1408000,1465000,0
2022-05-13,ATM003,corporate_park,943200,295,0,0,705800,0
2022-05-13,ATM004,rural_branch,452300,141,0,0,482100,0
2022-05-13,ATM005,transit_hub,1050200,328,0,2141000,2240000,0
2022-05-14,ATM001,metro_retail,1428000,446,0,0,0,1
2022-05-14,ATM002,urban_residential,865600,271,0,0,599400,0
2022-05-14,ATM003,corporate_park,1147300,359,0,2214000,1772400,0
2022-05-14,ATM004,rural_branch,482100,151,0,0,0,1
2022-05-14,ATM005,transit_hub,1321100,413,0,0,918900,0
2022-05-15,ATM001,metro_retail,1549300,484,0,3540000,1990700,0
2022-05-15,ATM002,urban_residential,815600,255,0,1521000,1304800,0
2022-05-15,ATM003,corporate_park,1007700,315,0,0,764700,0
2022-05-15,ATM004,rural_branch,544300,170,0,1240000,695700,0
2022-05-15,ATM005,transit_hub,1316700,411,0,2371000,1973300,0
2022-05-16,ATM001,metro_retail,1094600,342,0,0,896000,0
2022-05-16,ATM002,urban_residential,643800,201,0,0,661000,0
2022-05-16,ATM003,corporate_park,872500,273,0,2155000,2047200,0
2022-05-16,ATM004,rural_branch,329000,103,0,0,366600,0
2022-05-16,ATM005,transit_hub,975800,305,0,0,997400,0
2022-05-17,ATM001,metro_retail,814100,254,0,2644000,2725900,0
2022-05-17,ATM002,urban_residential,444100,139,0,1459000,1675900,0
2022-05-17,ATM003,corporate_park,653700,204,0,0,1393600,0
2022-05-17,ATM004,rural_branch,305900,96,0,873000,933700,0
2022-05-17,ATM005,transit_hub,676600,211,0,2293000,2613800,0
2022-05-18,ATM001,metro_retail,776300,243,0,0,1949600,0
2022-05-18,ATM002,urban_residential,451800,141,0,0,1224100,0
2022-05-18,ATM003,corporate_park,569200,178,0,0,824400,0
2022-05-18,ATM004,rural_branch,278900,87,0,0,654800,0
2022-05-18,ATM005,transit_hub,708200,221,0,0,1905600,0
2022-05-19,ATM001,metro_retail,831100,260,0,0,1118500,0
2022-05-19,ATM002,urban_residential,499000,156,0,0,725100,0
2022-05-19,ATM003,corporate_park,702100,219,0,2096000,2218300,0
2022-05-19,ATM004,rural_branch,272600,85,0,0,382200,0
2022-05-19,ATM005,transit_hub,729000,228,0,0,1176600,0
2022-05-20,ATM001,metro_retail,1156400,361,0,2421000,2383100,0
2022-05-20,ATM002,urban_residential,668600,209,0,1395000,1451500,0
2022-05-20,ATM003,corporate_park,844500,264,0,0,1373800,0
2022-05-20,ATM004,rural_branch,347900,109,0,858000,892300,0
2022-05-20,ATM005,transit_hub,1106600,346,0,0,70000,0
2022-05-21,ATM001,metro_retail,1486400,465,0,0,896700,0
2022-05-21,ATM002,urban_residential,824800,258,0,0,626800,0
2022-05-21,ATM003,corporate_park,1139400,356,0,0,234400,0
2022-05-21,ATM004,rural_branch,573700,179,0,0,318700,0
2022-05-21,ATM005,transit_hub,1148000,359,0,3220000,2141900,0
2022-05-22,ATM001,metro_retail,1303500,407,0,2643000,2236200,0
2022-05-22,ATM002,urban_residential,694900,217,0,1493000,1424900,0
2022-05-22,ATM003,corporate_park,1026600,321,0,2686000,1893800,0
2022-05-22,ATM004,rural_branch,409000,128,0,921000,830700,0
2022-05-22,ATM005,transit_hub,1186800,371,0,0,955100,0
2022-05-23,ATM001,metro_retail,1037900,324,0,0,1198300,0
2022-05-23,ATM002,urban_residential,533900,167,0,0,890900,0
2022-05-23,ATM003,corporate_park,833800,261,0,0,1059900,0
2022-05-23,ATM004,rural_branch,313300,98,0,0,517300,0
2022-05-23,ATM005,transit_hub,899200,281,0,2335000,2391000,0
2022-05-24,ATM001,metro_retail,783200,245,0,2342000,2757200,0
2022-05-24,ATM002,urban_residential,427000,133,0,0,463900,0
2022-05-24,ATM003,corporate_park,549000,172,0,0,510900,0
2022-05-24,ATM004,rural_branch,345800,108,0,0,171600,0
2022-05-24,ATM005,transit_hub,678600,212,0,0,1712300,0
2022-05-25,ATM001,metro_retail,810200,253,0,0,1946900,0
2022-05-25,ATM002,urban_residential,401200,125,0,1656000,1718700,0
2022-05-25,ATM003,corporate_park,571200,179,0,2409000,2348700,0
2022-05-25,ATM004,rural_branch,251200,79,0,1068000,988400,0
2022-05-25,ATM005,transit_hub,746800,233,0,0,965500,0
2022-05-26,ATM001,metro_retail,798300,249,0,0,1148600,0
2022-05-26,ATM002,urban_residential,457000,143,0,0,1261700,0
2022-05-26,ATM003,corporate_park,656900,205,0,0,1691800,0
2022-05-26,ATM004,rural_branch,288700,90,0,0,699700,0
2022-05-26,ATM005,transit_hub,794300,248,0,2324000,2495200,0
2022-05-27,ATM001,metro_retail,1292900,404,0,2391000,2246700,0
2022-05-27,ATM002,urban_residential,693400,217,0,0,568300,0
2022-05-27,ATM003,corporate_park,1016700,318,0,0,675100,0
2022-05-27,ATM004,rural_branch,428200,134,0,0,271500,0
2022-05-27,ATM005,transit_hub,1179300,369,0,0,1315900,0
2022-05-28,ATM001,metro_retail,1419600,444,0,0,827100,0
2022-05-28,ATM002,urban_residential,880400,275,0,1552000,1239900,0
2022-05-28,ATM003,corporate_park,1403300,439,0,2245000,1516800,0
2022-05-28,ATM004,rural_branch,553100,173,0,969000,687300,0
2022-05-28,ATM005,transit_hub,1315900,411,0,0,0,1
2022-05-29,ATM001,metro_retail,1852400,579,0,2713000,1687700,0
2022-05-29,ATM002,urban_residential,937400,293,0,0,302500,0
2022-05-29,ATM003,corporate_park,1404300,439,0,0,112500,0
2022-05-29,ATM004,rural_branch,561800,176,0,0,125500,0
2022-05-29,ATM005,transit_hub,1487000,465,0,3290000,1803000,0
2022-05-30,ATM001,metro_retail,1375600,430,0,0,312100,0
2022-05-30,ATM002,urban_residential,719500,225,0,1818000,1401000,0
2022-05-30,ATM003,corporate_park,1043700,326,0,2808000,1876800,0
2022-05-30,ATM004,rural_branch,450900,141,0,1114000,788700,0
2022-05-30,ATM005,transit_hub,1149800,359,0,0,653300,0
2022-05-31,ATM001,metro_retail,1009500,315,0,3228000,2530500,0
2022-05-31,ATM002,urban_residential,562900,176,0,0,838000,0
2022-05-31,ATM003,corporate_park,899200,281,0,0,977600,0
2022-05-31,ATM004,rural_branch,409700,128,0,0,378900,0
2022-05-31,ATM005,transit_hub,968300,303,0,2637000,2321900,0
2022-06-01,ATM001,metro_retail,1155300,361,0,0,1375200,0
2022-06-01,ATM002,urban_residential,596000,186,0,0,242100,0
2022-06-01,ATM003,corporate_park,851000,266,0,1942000,2068600,0
2022-06-01,ATM004,rural_branch,400200,125,0,861000,839800,0
2022-06-01,ATM005,transit_hub,973300,304,0,0,1348600,0
2022-06-02,ATM001,metro_retail,1138000,356,0,0,237300,0
2022-06-02,ATM002,urban_residential,595900,186,0,1878000,1524200,0
2022-06-02,ATM003,corporate_park,905200,283,0,0,1163400,0
2022-06-02,ATM004,rural_branch,406200,127,0,0,433600,0
2022-06-02,ATM005,transit_hub,871000,272,0,0,477700,0
2022-06-03,ATM001,metro_retail,1151100,360,0,3303000,2389200,0
2022-06-03,ATM002,urban_residential,893000,279,0,0,631100,0
2022-06-03,ATM003,corporate_park,1163400,364,0,0,0,1
2022-06-03,ATM004,rural_branch,428800,134,0,0,4800,0
2022-06-03,ATM005,transit_hub,1390200,434,0,2812000,1899500,0
2022-06-04,ATM001,metro_retail,1434800,448,0,0,954400,0
2022-06-04,ATM002,urban_residential,795700,249,0,1489000,1324500,0
2022-06-04,ATM003,corporate_park,1096700,343,0,2920000,1823300,0
2022-06-04,ATM004,rural_branch,519500,162,0,1235000,720300,0
2022-06-04,ATM005,transit_hub,1226000,383,0,0,673600,0
2022-06-05,ATM001,metro_retail,1265400,395,0,2586000,2275000,0
2022-06-05,ATM002,urban_residential,765700,239,0,0,558800,0
2022-06-05,ATM003,corporate_park,852400,266,0,0,970900,0
2022-06-05,ATM004,rural_branch,522200,163,0,0,198000,0
2022-06-05,ATM005,transit_hub,1240800,388,0,2616000,2048700,0
2022-06-06,ATM001,metro_retail,1111500,347,0,0,1163400,0
2022-06-06,ATM002,urban_residential,569700,178,0,1561000,1550100,0
2022-06-06,ATM003,corporate_park,750100,234,0,1949000,2169800,0
2022-06-06,ATM004,rural_branch,346700,108,0,1042000,893400,0
2022-06-06,ATM005,transit_hub,964800,301,0,0,1083900,0
2022-06-07,ATM001,metro_retail,905400,283,0,2377000,2635000,0
2022-06-07,ATM002,urban_residential,605800,189,0,0,944400,0
2022-06-07,ATM003,corporate_park,683900,214,0,0,1485900,0
2022-06-07,ATM004,rural_branch,291300,91,0,0,602000,0
2022-06-07,ATM005,transit_hub,750200,234,0,2206000,2539700,0
2022-06-08,ATM001,metro_retail,725000,227,0,0,1910100,0
2022-06-08,ATM002,urban_residential,399800,125,0,0,544600,0
2022-06-08,ATM003,corporate_park,555400,174,0,0,930400,0
2022-06-08,ATM004,rural_branch,295100,92,0,0,306900,0
2022-06-08,ATM005,transit_hub,732500,229,0,0,1807300,0
2022-06-09,ATM001,metro_retail,842500,263,0,0,1067600,0
2022-06-09,ATM002,urban_residential,488300,153,0,1575000,1631300,0
2022-06-09,ATM003,corporate_park,622300,194,0,1990000,2298100,0
2022-06-09,ATM004,rural_branch,320700,100,0,933000,919200,0
2022-06-09,ATM005,transit_hub,703100,220,0,0,1104200,0
2022-06-10,ATM001,metro_retail,1023300,320,0,2472000,2516300,0
2022-06-10,ATM002,urban_residential,664500,208,0,0,966800,0
2022-06-10,ATM003,corporate_park,995400,311,0,0,1302700,0
2022-06-10,ATM004,rural_branch,441100,138,0,0,478200,0
2022-06-10,ATM005,transit_hub,1060700,331,0,2186000,2229500,0
2022-06-11,ATM001,metro_retail,1536700,480,0,0,979600,0
2022-06-11,ATM002,urban_residential,832500,260,0,0,134300,0
2022-06-11,ATM003,corporate_park,1166500,365,0,0,136200,0
2022-06-11,ATM004,rural_branch,478200,149,0,0,0,1
2022-06-11,ATM005,transit_hub,1420800,444,0,0,808700,0
2022-06-12,ATM001,metro_retail,1349100,422,0,2560000,2190500,0
2022-06-12,ATM002,urban_residential,782500,245,0,1986000,1337800,0
2022-06-12,ATM003,corporate_park,959700,300,0,2784000,1960400,0
2022-06-12,ATM004,rural_branch,517500,162,0,1240000,722500,0
2022-06-12,ATM005,transit_hub,1100900,344,0,2481000,2188800,0
2022-06-13,ATM001,metro_retail,1056200,330,0,0,1134300,0
2022-06-13,ATM002,urban_residential,601900,188,0,0,735900,0
2022-06-13,ATM003,corporate_park,864800,270,0,0,1095600,0
2022-06-13,ATM004,rural_branch,439600,137,0,0,282900,0
2022-06-13,ATM005,transit_hub,1011800,316,0,0,1177000,0
2022-06-14,ATM001,metro_retail,831300,260,0,2406000,2709000,0
2022-06-14,ATM002,urban_residential,431500,135,0,1384000,1688400,0
2022-06-14,ATM003,corporate_park,651600,204,0,0,444000,0
2022-06-14,ATM004,rural_branch,328000,102,0,957000,911900,0
2022-06-14,ATM005,transit_hub,716200,224,0,0,460700,0
2022-06-15,ATM001,metro_retail,837800,262,0,0,1871200,0
2022-06-15,ATM002,urban_residential,514200,161,0,0,1174200,0
2022-06-15,ATM003,corporate_park,553000,173,0,2476000,2367000,0
2022-06-15,ATM004,rural_branch,267900,84,0,0,644000,0
2022-06-15,ATM005,transit_hub,712600,223,0,2829000,2577100,0
2022-06-16,ATM001,metro_retail,785400,245,0,0,1085800,0
2022-06-16,ATM002,urban_residential,495500,155,0,0,678700,0
2022-06-16,ATM003,corporate_park,646900,202,0,0,1720100,0
2022-06-16,ATM004,rural_branch,405600,127,0,0,238500,0
2022-06-16,ATM005,transit_hub,835300,261,0,0,1741800,0
2022-06-17,ATM001,metro_retail,1208900,378,0,2454000,2330900,0
2022-06-17,ATM002,urban_residential,746100,233,0,1441000,1373500,0
2022-06-17,ATM003,corporate_park,981900,307,0,0,738200,0
2022-06-17,ATM004,rural_branch,374200,117,0,1002000,866200,0
2022-06-17,ATM005,transit_hub,1173200,367,0,0,568700,0
2022-06-18,ATM001,metro_retail,1679300,525,0,0,651700,0
2022-06-18,ATM002,urban_residential,842700,263,0,0,530800,0
2022-06-18,ATM003,corporate_park,1369800,428,0,2182000,1550400,0
2022-06-18,ATM004,rural_branch,488400,153,0,0,377900,0
2022-06-18,ATM005,transit_hub,1314800,411,0,2721000,1974900,0
2022-06-19,ATM001,metro_retail,1340600,419,0,2888000,2199100,0
2022-06-19,ATM002,urban_residential,849100,265,0,1589000,1270700,0
2022-06-19,ATM003,corporate_park,1286200,402,0,0,264200,0
2022-06-19,ATM004,rural_branch,495800,155,0,862000,744100,0
2022-06-19,ATM005,transit_hub,1179700,369,0,0,795200,0
2022-06-20,ATM001,metro_retail,1002000,313,0,0,1197100,0
2022-06-20,ATM002,urban_residential,587800,184,0,0,682900,0
2022-06-20,ATM003,corporate_park,780800,244,0,2656000,2139400,0
2022-06-20,ATM004,rural_branch,370600,116,0,0,373400,0
2022-06-20,ATM005,transit_hub,905000,283,0,2495000,2385200,0
2022-06-21,ATM001,metro_retail,750700,235,0,2343000,2789400,0
2022-06-21,ATM002,urban_residential,405300,127,0,1437000,1714600,0
2022-06-21,ATM003,corporate_park,685800,214,0,0,1453600,0
2022-06-21,ATM004,rural_branch,303000,95,0,867000,937400,0
2022-06-21,ATM005,transit_hub,760100,238,0,0,1625100,0
2022-06-22,ATM001,metro_retail,744100,233,0,0,2045300,0
2022-06-22,ATM002,urban_residential,471100,147,0,0,1243500,0
2022-06-22,ATM003,corporate_park,637000,199,0,0,816600,0
2022-06-22,ATM004,rural_branch,325200,102,0,0,612300,0
2022-06-22,ATM005,transit_hub,690800,216,0,0,934300,0
2022-06-23,ATM001,metro_retail,914700,286,0,0,1130600,0
2022-06-23,ATM002,urban_residential,479900,150,0,0,763600,0
2022-06-23,ATM003,corporate_park,626600,196,0,2103000,2293000,0
2022-06-23,ATM004,rural_branch,332700,104,0,0,279600,0
2022-06-23,ATM005,transit_hub,746800,233,0,2356000,2543400,0
2022-06-24,ATM001,metro_retail,1278400,399,0,2409000,2261200,0
2022-06-24,ATM002,urban_residential,640600,200,0,0,123000,0
2022-06-24,ATM003,corporate_park,1086100,339,0,0,1206900,0
2022-06-24,ATM004,rural_branch,391400,122,0,960000,848200,0
2022-06-24,ATM005,transit_hub,991700,310,0,0,1551700,0
2022-06-25,ATM001,metro_retail,1578700,493,0,0,682600,0
2022-06-25,ATM002,urban_residential,939700,294,0,1997000,1180400,0
2022-06-25,ATM003,corporate_park,1122000,351,0,0,84900,0
2022-06-25,ATM004,rural_branch,557000,174,0,0,291200,0
2022-06-25,ATM005,transit_hub,1321600,413,0,0,230100,0
2022-06-26,ATM001,metro_retail,1328800,415,0,2857000,2210700,0
2022-06-26,ATM002,urban_residential,741900,232,0,0,438500,0
2022-06-26,ATM003,corporate_park,1140400,356,0,2835000,1779500,0
2022-06-26,ATM004,rural_branch,533000,167,0,949000,707200,0
2022-06-26,ATM005,transit_hub,1374800,430,0,3060000,1915300,0
2022-06-27,ATM001,metro_retail,1095000,342,0,0,1115800,0
2022-06-27,ATM002,urban_residential,640500,200,0,1682000,1480000,0
2022-06-27,ATM003,corporate_park,851500,266,0,0,928000,0
2022-06-27,ATM004,rural_branch,416400,130,0,0,290800,0
2022-06-27,ATM005,transit_hub,846900,265,0,0,1068500,0
2022-06-28,ATM001,metro_retail,1065200,333,0,2424000,2474600,0
2022-06-28,ATM002,urban_residential,602100,188,0,0,877900,0
2022-06-28,ATM003,corporate_park,816600,255,0,1992000,2103400,0
2022-06-28,ATM004,rural_branch,425900,133,0,949000,814000,0
2022-06-28,ATM005,transit_hub,992200,310,0,2222000,2298300,0
2022-06-29,ATM001,metro_retail,964300,301,0,0,1510200,0
2022-06-29,ATM002,urban_residential,622800,195,0,0,255100,0
2022-06-29,ATM003,corporate_park,740200,231,0,0,1363200,0
2022-06-29,ATM004,rural_branch,403000,126,0,0,411000,0
2022-06-29,ATM005,transit_hub,962600,301,0,0,1335700,0
2022-06-30,ATM001,metro_retail,956400,299,0,0,553800,0
2022-06-30,ATM002,urban_residential,658500,206,0,1865000,1461600,0
2022-06-30,ATM003,corporate_park,819200,256,0,0,544000,0
2022-06-30,ATM004,rural_branch,423600,132,0,829000,816300,0
2022-06-30,ATM005,transit_hub,1020000,319,0,0,315700,0
2022-07-01,ATM001,metro_retail,1599400,500,0,2986000,1940400,0
2022-07-01,ATM002,urban_residential,1022200,319,0,0,439300,0
2022-07-01,ATM003,corporate_park,1236700,386,0,2376000,1683300,0
2022-07-01,ATM004,rural_branch,590500,185,0,0,225800,0
2022-07-01,ATM005,transit_hub,1612800,504,0,2974000,1676800,0
2022-07-02,ATM001,metro_retail,1940400,606,0,0,0,1
2022-07-02,ATM002,urban_residential,1106500,346,0,1681000,1013800,0
2022-07-02,ATM003,corporate_park,1490400,466,0,0,192900,0
2022-07-02,ATM004,rural_branch,655400,205,0,1014000,584400,0
2022-07-02,ATM005,transit_hub,1676800,524,0,0,0,1
2022-07-03,ATM001,metro_retail,1816200,568,0,3540000,1723800,0
2022-07-03,ATM002,urban_residential,1013800,317,0,0,0,1
2022-07-03,ATM003,corporate_park,1180600,369,0,2727000,1739300,0
2022-07-03,ATM004,rural_branch,584400,183,0,0,0,1
2022-07-03,ATM005,transit_hub,1511800,472,0,3290000,1778200,0
2022-07-04,ATM001,metro_retail,1086700,340,0,0,637100,0
2022-07-04,ATM002,urban_residential,597900,187,0,2120000,1522100,0
2022-07-04,ATM003,corporate_park,757700,237,0,0,981600,0
2022-07-04,ATM004,rural_branch,358700,112,0,1240000,881300,0
2022-07-04,ATM005,transit_hub,1029800,322,0,0,748400,0
2022-07-05,ATM001,metro_retail,798100,249,0,2903000,2742100,0
2022-07-05,ATM002,urban_residential,536400,168,0,0,985700,0
2022-07-05,ATM003,corporate_park,631900,197,0,1938000,2287700,0
2022-07-05,ATM004,rural_branch,332100,104,0,0,549200,0
2022-07-05,ATM005,transit_hub,782900,245,0,2542000,2507400,0
2022-07-06,ATM001,metro_retail,778300,243,0,0,1963700,0
2022-07-06,ATM002,urban_residential,470500,147,0,0,515200,0
2022-07-06,ATM003,corporate_park,576500,180,0,0,1711300,0
2022-07-06,ATM004,rural_branch,262200,82,0,0,286900,0
2022-07-06,ATM005,transit_hub,663700,207,0,0,1843700,0
2022-07-07,ATM001,metro_retail,943600,295,0,0,1020200,0
2022-07-07,ATM002,urban_residential,560500,175,0,1605000,1559700,0
2022-07-07,ATM003,corporate_park,808400,253,0,0,902900,0
2022-07-07,ATM004,rural_branch,322000,101,0,953000,917900,0
2022-07-07,ATM005,transit_hub,990800,310,0,0,852900,0
2022-07-08,ATM001,metro_retail,1061200,332,0,2520000,2478900,0
2022-07-08,ATM002,urban_residential,647000,202,0,0,912600,0
2022-07-08,ATM003,corporate_park,839000,262,0,2017000,2080900,0
2022-07-08,ATM004,rural_branch,411400,129,0,0,506500,0
2022-07-08,ATM005,transit_hub,1084200,339,0,2437000,2205700,0
2022-07-09,ATM001,metro_retail,1501900,469,0,0,977100,0
2022-07-09,ATM002,urban_residential,857100,268,0,0,55500,0
2022-07-09,ATM003,corporate_park,1185100,370,0,0,895800,0
2022-07-09,ATM004,rural_branch,506500,158,0,0,0,1
2022-07-09,ATM005,transit_hub,1403700,439,0,0,802000,0
2022-07-10,ATM001,metro_retail,1317000,412,0,2563000,2223100,0
2022-07-10,ATM002,urban_residential,773400,242,0,2064000,1346200,0
2022-07-10,ATM003,corporate_park,1042500,326,0,2024000,1877300,0
2022-07-10,ATM004,rural_branch,521100,163,0,1240000,718900,0
2022-07-10,ATM005,transit_hub,1349000,422,0,2488000,1941100,0
2022-07-11,ATM001,metro_retail,1157800,362,0,0,1065300,0
2022-07-11,ATM002,urban_residential,550500,172,0,0,795600,0
2022-07-11,ATM003,corporate_park,759500,237,0,0,1117800,0
2022-07-11,ATM004,rural_branch,376900,118,0,0,342100,0
2022-07-11,ATM005,transit_hub,869800,272,0,0,1071200,0
2022-07-12,ATM001,metro_retail,806200,252,0,2475000,2734100,0
2022-07-12,ATM002,urban_residential,430000,134,0,0,365700,0
2022-07-12,ATM003,corporate_park,649300,203,0,0,468500,0
2022-07-12,ATM004,rural_branch,302400,95,0,898000,937600,0
2022-07-12,ATM005,transit_hub,746200,233,0,2219000,2544000,0
2022-07-13,ATM001,metro_retail,766700,240,0,0,1967400,0
2022-07-13,ATM002,urban_residential,451900,141,0,1754000,1667700,0
2022-07-13,ATM003,corporate_park,554600,173,0,2452000,2365900,0
2022-07-13,ATM004,rural_branch,336900,105,0,0,600800,0
2022-07-13,ATM005,transit_hub,790800,247,0,0,1753200,0
2022-07-14,ATM001,metro_retail,890000,278,0,0,1077400,0
2022-07-14,ATM002,urban_residential,481300,150,0,0,1186500,0
2022-07-14,ATM003,corporate_park,748800,234,0,0,1617200,0
2022-07-14,ATM004,rural_branch,255400,80,0,0,345400,0
2022-07-14,ATM005,transit_hub,804800,251,0,0,948500,0
2022-07-15,ATM001,metro_retail,1249700,391,0,2463000,2290700,0
2022-07-15,ATM002,urban_residential,762300,238,0,0,424200,0
2022-07-15,ATM003,corporate_park,1182700,370,0,0,434400,0
2022-07-15,ATM004,rural_branch,509900,159,0,895000,730500,0
2022-07-15,ATM005,transit_hub,1190800,372,0,2342000,2099700,0
2022-07-16,ATM001,metro_retail,1623300,507,0,0,667400,0
2022-07-16,ATM002,urban_residential,954400,298,0,1696000,1165800,0
2022-07-16,ATM003,corporate_park,1016100,318,0,2486000,1904300,0
2022-07-16,ATM004,rural_branch,619100,193,0,0,111300,0
2022-07-16,ATM005,transit_hub,1541400,482,0,0,558300,0
2022-07-17,ATM001,metro_retail,1260300,394,0,2873000,2280000,0
2022-07-17,ATM002,urban_residential,747600,234,0,0,418200,0
2022-07-17,ATM003,corporate_park,1177900,368,0,0,726400,0
2022-07-17,ATM004,rural_branch,546700,171,0,1129000,693700,0
2022-07-17,ATM005,transit_hub,1126900,352,0,2732000,2163400,0
2022-07-18,ATM001,metro_retail,1152300,360,0,0,1127800,0
2022-07-18,ATM002,urban_residential,627200,196,0,1702000,1493000,0
2022-07-18,ATM003,corporate_park,804100,251,0,2194000,2116300,0
2022-07-18,ATM004,rural_branch,408100,128,0,0,285600,0
2022-07-18,ATM005,transit_hub,880800,275,0,0,1282700,0
2022-07-19,ATM001,metro_retail,826100,258,0,2412000,2713700,0
2022-07-19,ATM002,urban_residential,462400,145,0,0,1030600,0
2022-07-19,ATM003,corporate_park,682600,213,0,0,1433700,0
2022-07-19,ATM004,rural_branch,272300,85,0,954000,967300,0
2022-07-19,ATM005,transit_hub,746300,233,0,0,536400,0
2022-07-20,ATM001,metro_retail,776200,243,0,0,1937500,0
2022-07-20,ATM002,urban_residential,449600,141,0,0,580900,0
2022-07-20,ATM003,corporate_park,544000,170,0,0,889800,0
2022-07-20,ATM004,rural_branch,272000,85,0,0,695200,0
2022-07-20,ATM005,transit_hub,703800,220,0,2754000,2586700,0
2022-07-21,ATM001,metro_retail,919000,287,0,0,1018500,0
2022-07-21,ATM002,urban_residential,493100,154,0,1539000,1626800,0
2022-07-21,ATM003,corporate_park,710000,222,0,2030000,2209800,0
2022-07-21,ATM004,rural_branch,326000,102,0,0,369200,0
2022-07-21,ATM005,transit_hub,819900,256,0,0,1766700,0
2022-07-22,ATM001,metro_retail,1170100,366,0,2522000,2370300,0
2022-07-22,ATM002,urban_residential,591700,185,0,0,1035100,0
2022-07-22,ATM003,corporate_park,982000,307,0,0,1227800,0
2022-07-22,ATM004,rural_branch,406200,127,0,871000,834000,0
2022-07-22,ATM005,transit_hub,1185800,371,0,0,580900,0
2022-07-23,ATM001,metro_retail,1614000,504,0,0,756400,0
2022-07-23,ATM002,urban_residential,887500,277,0,0,147600,0
2022-07-23,ATM003,corporate_park,1195300,374,0,0,32500,0
2022-07-23,ATM004,rural_branch,545700,171,0,0,288300,0
2022-07-23,ATM005,transit_hub,1625500,508,0,2709000,1664400,0
2022-07-24,ATM001,metro_retail,1237800,387,0,2784000,2302600,0
2022-07-24,ATM002,urban_residential,735900,230,0,1972000,1383700,0
2022-07-24,ATM003,corporate_park,1146900,358,0,2888000,1773600,0
2022-07-24,ATM004,rural_branch,417200,130,0,952000,823100,0
2022-07-24,ATM005,transit_hub,1259800,394,0,0,404600,0
2022-07-25,ATM001,metro_retail,956200,299,0,0,1346400,0
2022-07-25,ATM002,urban_residential,560900,175,0,0,822900,0
2022-07-25,ATM003,corporate_park,1068500,334,0,0,705100,0
2022-07-25,ATM004,rural_branch,334900,105,0,0,488200,0
2022-07-25,ATM005,transit_hub,876200,274,0,2885000,2413400,0
2022-07-26,ATM001,metro_retail,849100,265,0,0,497300,0
2022-07-26,ATM002,urban_residential,409700,128,0,0,413200,0
2022-07-26,ATM003,corporate_park,702400,220,0,2215000,2217600,0
2022-07-26,ATM004,rural_branch,305100,95,0,0,183100,0
2022-07-26,ATM005,transit_hub,646900,202,0,0,1766400,0
2022-07-27,ATM001,metro_retail,835200,261,0,3043000,2705100,0
2022-07-27,ATM002,urban_residential,442300,138,0,1707000,1677900,0
2022-07-27,ATM003,corporate_park,606600,190,0,0,1611100,0
2022-07-27,ATM004,rural_branch,275600,86,0,1057000,964500,0
2022-07-27,ATM005,transit_hub,682700,213,0,0,1083700,0
2022-07-28,ATM001,metro_retail,838600,262,0,0,1866400,0
2022-07-28,ATM002,urban_residential,425100,133,0,0,1252900,0
2022-07-28,ATM003,corporate_park,626000,196,0,0,985100,0
2022-07-28,ATM004,rural_branch,283300,89,0,0,681200,0
2022-07-28,ATM005,transit_hub,909200,284,0,2206000,2380500,0
2022-07-29,ATM001,metro_retail,1597300,499,0,0,269100,0
2022-07-29,ATM002,urban_residential,945700,296,0,0,307200,0
2022-07-29,ATM003,corporate_park,1414200,442,0,1935000,1505900,0
2022-07-29,ATM004,rural_branch,550600,172,0,0,130600,0
2022-07-29,ATM005,transit_hub,1521400,475,0,0,859200,0
2022-07-30,ATM001,metro_retail,1874100,586,0,3271000,1666100,0
2022-07-30,ATM002,urban_residential,1130400,353,0,1813000,989800,0
2022-07-30,ATM003,corporate_park,1408300,440,0,0,97600,0
2022-07-30,ATM004,rural_branch,747000,233,0,1109000,492600,0
2022-07-30,ATM005,transit_hub,1862100,582,0,2431000,1428100,0
2022-07-31,ATM001,metro_retail,1642100,513,0,0,23900,0
2022-07-31,ATM002,urban_residential,890000,278,0,0,99800,0
2022-07-31,ATM003,corporate_park,1169700,366,0,2822000,1749900,0
2022-07-31,ATM004,rural_branch,492600,154,0,0,0,1
2022-07-31,ATM005,transit_hub,1428100,446,0,0,0,1
2022-08-01,ATM001,metro_retail,1528900,478,0,3516000,2011100,0
2022-08-01,ATM002,urban_residential,828700,259,0,2020000,1291100,0
2022-08-01,ATM003,corporate_park,1145800,358,0,0,604100,0
2022-08-01,ATM004,rural_branch,557500,174,0,1240000,682500,0
2022-08-01,ATM005,transit_hub,1528200,478,0,3290000,1761800,0
2022-08-02,ATM001,metro_retail,1098300,343,0,0,912800,0
2022-08-02,ATM002,urban_residential,666000,208,0,0,625100,0
2022-08-02,ATM003,corporate_park,715400,224,0,2316000,2204600,0
2022-08-02,ATM004,rural_branch,402100,126,0,0,280500,0
2022-08-02,ATM005,transit_hub,908400,284,0,0,853400,0
2022-08-03,ATM001,metro_retail,952000,298,0,2627000,2587700,0
2022-08-03,ATM002,urban_residential,547500,171,0,1495000,1572600,0
2022-08-03,ATM003,corporate_park,912500,285,0,0,1292200,0
2022-08-03,ATM004,rural_branch,351100,110,0,960000,889300,0
2022-08-03,ATM005,transit_hub,833300,260,0,2437000,2457100,0
2022-08-04,ATM001,metro_retail,907600,284,0,0,1680100,0
2022-08-04,ATM002,urban_residential,475700,149,0,0,1096900,0
2022-08-04,ATM003,corporate_park,674000,211,0,0,618100,0
2022-08-04,ATM004,rural_branch,305800,96,0,0,583500,0
2022-08-04,ATM005,transit_hub,682300,213,0,0,1774800,0
2022-08-05,ATM001,metro_retail,1094000,342,0,0,586100,0
2022-08-05,ATM002,urban_residential,667600,209,0,0,429300,0
2022-08-05,ATM003,corporate_park,938200,293,0,2302000,1981900,0
2022-08-05,ATM004,rural_branch,395600,124,0,0,187900,0
2022-08-05,ATM005,transit_hub,1000000,313,0,0,774800,0
2022-08-06,ATM001,metro_retail,1720800,538,0,2954000,1819300,0
2022-08-06,ATM002,urban_residential,877100,274,0,1691000,1243300,0
2022-08-06,ATM003,corporate_park,1327300,415,0,0,654700,0
2022-08-06,ATM004,rural_branch,531200,166,0,1052000,708800,0
2022-08-06,ATM005,transit_hub,1453600,454,0,2515000,1836300,0
2022-08-07,ATM001,metro_retail,1581400,494,0,0,237800,0
2022-08-07,ATM002,urban_residential,752800,235,0,0,490400,0
2022-08-07,ATM003,corporate_park,1287800,402,0,2265000,1631800,0
2022-08-07,ATM004,rural_branch,445400,139,0,0,263400,0
2022-08-07,ATM005,transit_hub,1450200,453,0,0,386100,0
2022-08-08,ATM001,metro_retail,1051600,329,0,3302000,2488300,0
2022-08-08,ATM002,urban_residential,597700,187,0,1630000,1522700,0
2022-08-08,ATM003,corporate_park,892600,279,0,0,739300,0
2022-08-08,ATM004,rural_branch,336900,105,0,977000,903500,0
2022-08-08,ATM005,transit_hub,805000,252,0,2904000,2485100,0
2022-08-09,ATM001,metro_retail,876100,274,0,0,1612200,0
2022-08-09,ATM002,urban_residential,450400,141,0,0,1072200,0
2022-08-09,ATM003,corporate_park,662400,207,0,2181000,2257900,0
2022-08-09,ATM004,rural_branch,262600,82,0,0,640900,0
2022-08-09,ATM005,transit_hub,677600,212,0,0,1807500,0
2022-08-10,ATM001,metro_retail,764200,239,0,0,848000,0
2022-08-10,ATM002,urban_residential,562000,176,0,0,510300,0
2022-08-10,ATM003,corporate_park,495300,155,0,0,1762500,0
2022-08-10,ATM004,rural_branch,277300,87,0,0,363700,0
2022-08-10,ATM005,transit_hub,763900,239,0,0,1043700,0
2022-08-11,ATM001,metro_retail,818400,256,0,2692000,2721600,0
2022-08-11,ATM002,urban_residential,478400,150,0,1610000,1641900,0
2022-08-11,ATM003,corporate_park,714400,223,0,0,1048200,0
2022-08-11,ATM004,rural_branch,343300,107,0,876000,896300,0
2022-08-11,ATM005,transit_hub,796500,249,0,2246000,2493200,0
2022-08-12,ATM001,metro_retail,1346000,421,0,0,1375600,0
2022-08-12,ATM002,urban_residential,664100,208,0,0,977700,0
2022-08-12,ATM003,corporate_park,925000,289,0,0,123100,0
2022-08-12,ATM004,rural_branch,432600,135,0,0,463700,0
2022-08-12,ATM005,transit_hub,1027600,321,0,0,1465600,0
2022-08-13,ATM001,metro_retail,1375600,430,0,0,0,1
2022-08-13,ATM002,urban_residential,949200,297,0,0,28500,0
2022-08-13,ATM003,corporate_park,1273800,398,0,2797000,1646300,0
2022-08-13,ATM004,rural_branch,463700,145,0,0,0,1
2022-08-13,ATM005,transit_hub,1465600,458,0,0,0,1
2022-08-14,ATM001,metro_retail,1373500,429,0,3540000,2166500,0
2022-08-14,ATM002,urban_residential,763200,238,0,2092000,1357300,0
2022-08-14,ATM003,corporate_park,970400,303,0,0,675900,0
2022-08-14,ATM004,rural_branch,443500,139,0,1240000,796500,0
2022-08-14,ATM005,transit_hub,1316800,411,0,3290000,1973200,0
2022-08-15,ATM001,metro_retail,1319600,412,1,0,846800,0
2022-08-15,ATM002,urban_residential,739200,231,1,0,618100,0
2022-08-15,ATM003,corporate_park,1129700,353,1,2244000,1790100,0
2022-08-15,ATM004,rural_branch,472100,148,1,0,324300,0
2022-08-15,ATM005,transit_hub,1188300,371,1,0,784900,0
2022-08-16,ATM001,metro_retail,833800,261,0,2693000,2706100,0
2022-08-16,ATM002,urban_residential,441000,138,0,1502000,1679100,0
2022-08-16,ATM003,corporate_park,601200,188,0,0,1189000,0
2022-08-16,ATM004,rural_branch,350900,110,0,916000,889400,0
2022-08-16,ATM005,transit_hub,695400,217,0,2505000,2594500,0
2022-08-17,ATM001,metro_retail,759700,237,0,0,1946300,0
2022-08-17,ATM002,urban_residential,510000,159,0,0,1169100,0
2022-08-17,ATM003,corporate_park,533400,167,0,0,655600,0
2022-08-17,ATM004,rural_branch,286500,90,0,0,602900,0
2022-08-17,ATM005,transit_hub,708000,221,0,0,1886600,0
2022-08-18,ATM001,metro_retail,910700,285,0,0,1035600,0
2022-08-18,ATM002,urban_residential,465200,145,0,0,704000,0
2022-08-18,ATM003,corporate_park,632700,198,0,2264000,2287000,0
2022-08-18,ATM004,rural_branch,282800,88,0,0,320100,0
2022-08-18,ATM005,transit_hub,833600,260,0,0,1053000,0
2022-08-19,ATM001,metro_retail,1127100,352,0,2504000,2412500,0
2022-08-19,ATM002,urban_residential,704500,220,0,1416000,1415400,0
2022-08-19,ATM003,corporate_park,982200,307,0,0,1304700,0
2022-08-19,ATM004,rural_branch,386000,121,0,920000,854100,0
2022-08-19,ATM005,transit_hub,1189300,372,0,2237000,2100700,0
2022-08-20,ATM001,metro_retail,1549700,484,0,0,862800,0
2022-08-20,ATM002,urban_residential,959700,300,0,0,455700,0
2022-08-20,ATM003,corporate_park,1254700,392,0,0,50100,0
2022-08-20,ATM004,rural_branch,575300,180,0,0,278800,0
2022-08-20,ATM005,transit_hub,1380300,431,0,0,720300,0
2022-08-21,ATM001,metro_retail,1363400,426,0,2677000,2176400,0
2022-08-21,ATM002,urban_residential,756000,236,0,1664000,1363800,0
2022-08-21,ATM003,corporate_park,1064100,333,0,2870000,1855900,0
2022-08-21,ATM004,rural_branch,444300,139,0,961000,795500,0
2022-08-21,ATM005,transit_hub,1344500,420,0,2570000,1945800,0
2022-08-22,ATM001,metro_retail,1077300,337,0,0,1099100,0
2022-08-22,ATM002,urban_residential,600700,188,0,0,763100,0
2022-08-22,ATM003,corporate_park,823500,257,0,0,1032400,0
2022-08-22,ATM004,rural_branch,407900,127,0,0,387600,0
2022-08-22,ATM005,transit_hub,840400,263,0,0,1105400,0
2022-08-23,ATM001,metro_retail,814800,255,0,2441000,2725300,0
2022-08-23,ATM002,urban_residential,488900,153,0,0,274200,0
2022-08-23,ATM003,corporate_park,559400,175,0,0,473000,0
2022-08-23,ATM004,rural_branch,268100,84,0,852000,971500,0
2022-08-23,ATM005,transit_hub,727600,227,0,2185000,2562800,0
2022-08-24,ATM001,metro_retail,791300,247,0,0,1934000,0
2022-08-24,ATM002,urban_residential,480200,150,0,1846000,1640000,0
2022-08-24,ATM003,corporate_park,632500,198,0,2447000,2287500,0
2022-08-24,ATM004,rural_branch,245300,77,0,0,726200,0
2022-08-24,ATM005,transit_hub,702700,220,0,0,1860100,0
2022-08-25,ATM001,metro_retail,795700,249,0,0,1138300,0
2022-08-25,ATM002,urban_residential,450700,141,0,0,1189300,0
2022-08-25,ATM003,corporate_park,681900,213,0,0,1605600,0
2022-08-25,ATM004,rural_branch,322800,101,0,0,403400,0
2022-08-25,ATM005,transit_hub,750000,234,0,0,1110100,0
2022-08-26,ATM001,metro_retail,1208600,378,0,2402000,2331800,0
2022-08-26,ATM002,urban_residential,695700,217,0,0,493600,0
2022-08-26,ATM003,corporate_park,841600,263,0,0,764000,0
2022-08-26,ATM004,rural_branch,381700,119,0,837000,858700,0
2022-08-26,ATM005,transit_hub,1070300,334,0,2180000,2219800,0
2022-08-27,ATM001,metro_retail,1417700,443,0,0,914000,0
2022-08-27,ATM002,urban_residential,830500,260,0,1626000,1289100,0
2022-08-27,ATM003,corporate_park,1212700,379,0,2156000,1707300,0
2022-08-27,ATM004,rural_branch,596400,186,0,0,262400,0
2022-08-27,ATM005,transit_hub,1254300,392,0,0,965500,0
2022-08-28,ATM001,metro_retail,1297500,405,0,2626000,2242500,0
2022-08-28,ATM002,urban_residential,733600,229,0,0,555400,0
2022-08-28,ATM003,corporate_park,825700,258,0,0,881600,0
2022-08-28,ATM004,rural_branch,542400,170,0,978000,697900,0
2022-08-28,ATM005,transit_hub,1339100,418,0,2325000,1951400,0
2022-08-29,ATM001,metro_retail,1295400,405,0,0,947100,0
2022-08-29,ATM002,urban_residential,746900,233,0,1565000,1373500,0
2022-08-29,ATM003,corporate_park,994400,311,0,2038000,1925200,0
2022-08-29,ATM004,rural_branch,466100,146,0,0,231900,0
2022-08-29,ATM005,transit_hub,1226500,383,0,0,724900,0
2022-08-30,ATM001,metro_retail,1346200,421,1,2593000,2193900,0
2022-08-30,ATM002,urban_residential,830900,260,1,0,542600,0
2022-08-30,ATM003,corporate_park,1043700,326,1,0,881500,0
2022-08-30,ATM004,rural_branch,493000,154,1,1008000,746800,0
2022-08-30,ATM005,transit_hub,1124700,351,1,2565000,2165200,0
2022-08-31,ATM001,metro_retail,1017200,318,0,0,1176700,0
2022-08-31,ATM002,urban_residential,666100,208,0,1577000,1453500,0
2022-08-31,ATM003,corporate_park,860000,269,0,2038000,2059500,0
2022-08-31,ATM004,rural_branch,433300,135,0,0,313600,0
2022-08-31,ATM005,transit_hub,792200,248,0,0,1373000,0
2022-09-01,ATM001,metro_retail,1257300,393,0,2363000,2282400,0
2022-09-01,ATM002,urban_residential,847300,265,0,0,606200,0
2022-09-01,ATM003,corporate_park,942000,294,0,0,1117500,0
2022-09-01,ATM004,rural_branch,426500,133,0,926000,813000,0
2022-09-01,ATM005,transit_hub,1191800,372,0,0,181200,0
2022-09-02,ATM001,metro_retail,1780300,556,0,0,502200,0
2022-09-02,ATM002,urban_residential,924400,289,0,1514000,1195800,0
2022-09-02,ATM003,corporate_park,1117500,349,0,0,0,1
2022-09-02,ATM004,rural_branch,689300,215,0,0,123800,0
2022-09-02,ATM005,transit_hub,1459000,456,0,3109000,1831300,0
2022-09-03,ATM001,metro_retail,1892600,591,0,3038000,1647600,0
2022-09-03,ATM002,urban_residential,1046700,327,0,0,149100,0
2022-09-03,ATM003,corporate_park,1603500,501,0,2920000,1316500,0
2022-09-03,ATM004,rural_branch,680000,213,0,1116000,559700,0
2022-09-03,ATM005,transit_hub,1662700,520,0,0,168600,0
2022-09-04,ATM001,metro_retail,1460200,456,0,0,187400,0
2022-09-04,ATM002,urban_residential,722900,226,0,1971000,1397200,0
2022-09-04,ATM003,corporate_park,1162300,363,0,0,154200,0
2022-09-04,ATM004,rural_branch,445900,139,0,0,113800,0
2022-09-04,ATM005,transit_hub,1170300,366,0,3121000,2119300,0
2022-09-05,ATM001,metro_retail,980500,306,0,3353000,2559900,0
2022-09-05,ATM002,urban_residential,673500,210,0,0,723800,0
2022-09-05,ATM003,corporate_park,859700,269,0,2766000,2060500,0
2022-09-05,ATM004,rural_branch,384800,120,0,1126000,855000,0
2022-09-05,ATM005,transit_hub,735600,230,0,0,1383600,0
2022-09-06,ATM001,metro_retail,833900,261,0,0,1725900,0
2022-09-06,ATM002,urban_residential,422000,132,0,1396000,1697800,0
2022-09-06,ATM003,corporate_park,556600,174,0,0,1503800,0
2022-09-06,ATM004,rural_branch,304400,95,0,0,550600,0
2022-09-06,ATM005,transit_hub,713000,223,0,0,670600,0
2022-09-07,ATM001,metro_retail,809200,253,0,0,916800,0
2022-09-07,ATM002,urban_residential,493400,154,0,0,1204300,0
2022-09-07,ATM003,corporate_park,797600,249,0,0,706300,0
2022-09-07,ATM004,rural_branch,357900,112,0,0,192700,0
2022-09-07,ATM005,transit_hub,777500,243,0,2619000,2512200,0
2022-09-08,ATM001,metro_retail,893300,279,0,2623000,2646400,0
2022-09-08,ATM002,urban_residential,468400,146,0,0,735900,0
2022-09-08,ATM003,corporate_park,681400,213,0,2214000,2238800,0
2022-09-08,ATM004,rural_branch,337300,105,0,1047000,902400,0
2022-09-08,ATM005,transit_hub,796800,249,0,0,1715400,0
2022-09-09,ATM001,metro_retail,1152600,360,0,0,1493900,0
2022-09-09,ATM002,urban_residential,777800,243,0,1384000,1342200,0
2022-09-09,ATM003,corporate_park,904800,283,0,0,1334000,0
2022-09-09,ATM004,rural_branch,452300,141,0,0,450200,0
2022-09-09,ATM005,transit_hub,994900,311,0,0,720500,0
2022-09-10,ATM001,metro_retail,1493900,467,0,0,0,1
2022-09-10,ATM002,urban_residential,828000,259,0,0,514100,0
2022-09-10,ATM003,corporate_park,1232700,385,0,0,101300,0
2022-09-10,ATM004,rural_branch,450200,141,0,0,0,1
2022-09-10,ATM005,transit_hub,1354300,423,0,2570000,1936200,0
2022-09-11,ATM001,metro_retail,1349300,422,0,3540000,2190700,0
2022-09-11,ATM002,urban_residential,836400,261,0,1606000,1283800,0
2022-09-11,ATM003,corporate_park,1038100,324,0,2819000,1882200,0
2022-09-11,ATM004,rural_branch,499500,156,0,1240000,740500,0
2022-09-11,ATM005,transit_hub,1149600,359,0,0,786600,0
2022-09-12,ATM001,metro_retail,1104900,345,0,0,1085800,0
2022-09-12,ATM002,urban_residential,660300,206,0,0,623400,0
2022-09-12,ATM003,corporate_park,877700,274,0,0,1004500,0
2022-09-12,ATM004,rural_branch,413100,129,0,0,327300,0
2022-09-12,ATM005,transit_hub,889200,278,0,2503000,2400400,0
2022-09-13,ATM001,metro_retail,848700,265,0,2454000,2691100,0
2022-09-13,ATM002,urban_residential,465000,145,0,1497000,1655500,0
2022-09-13,ATM003,corporate_park,550500,172,0,1915000,2369000,0
2022-09-13,ATM004,rural_branch,283100,88,0,913000,957300,0
2022-09-13,ATM005,transit_hub,779500,244,0,0,1620800,0
2022-09-14,ATM001,metro_retail,826900,258,0,0,1864200,0
2022-09-14,ATM002,urban_residential,474200,148,0,0,1181200,0
2022-09-14,ATM003,corporate_park,607700,190,0,0,1761300,0
2022-09-14,ATM004,rural_branch,261100,82,0,0,696200,0
2022-09-14,ATM005,transit_hub,801600,250,0,0,819200,0
2022-09-15,ATM001,metro_retail,993400,310,0,0,870800,0
2022-09-15,ATM002,urban_residential,481800,151,0,0,699500,0
2022-09-15,ATM003,corporate_park,706000,221,0,0,1055300,0
2022-09-15,ATM004,rural_branch,347300,109,0,0,348900,0
2022-09-15,ATM005,transit_hub,801200,250,0,2471000,2489000,0
2022-09-16,ATM001,metro_retail,1270600,397,0,2669000,2269200,0
2022-09-16,ATM002,urban_residential,684500,214,0,1421000,1436000,0
2022-09-16,ATM003,corporate_park,1055300,330,0,0,0,1
2022-09-16,ATM004,rural_branch,571300,179,0,891000,668600,0
2022-09-16,ATM005,transit_hub,878200,274,0,0,1610800,0
2022-09-17,ATM001,metro_retail,1564900,489,0,0,704300,0
2022-09-17,ATM002,urban_residential,876400,274,0,0,559600,0
2022-09-17,ATM003,corporate_park,1303300,407,0,2920000,1616700,0
2022-09-17,ATM004,rural_branch,611500,191,0,0,57100,0
2022-09-17,ATM005,transit_hub,1432000,448,0,0,178700,0
2022-09-18,ATM001,metro_retail,1308200,409,0,2836000,2232100,0
2022-09-18,ATM002,urban_residential,647000,202,0,1560000,1472600,0
2022-09-18,ATM003,corporate_park,1056300,330,0,0,560400,0
2022-09-18,ATM004,rural_branch,458200,143,0,1183000,782000,0
2022-09-18,ATM005,transit_hub,1225900,383,0,3111000,2063900,0
2022-09-19,ATM001,metro_retail,1072800,335,0,0,1159200,0
2022-09-19,ATM002,urban_residential,620600,194,0,0,852000,0
2022-09-19,ATM003,corporate_park,699700,219,0,2360000,2220700,0
2022-09-19,ATM004,rural_branch,439500,137,0,0,342500,0
2022-09-19,ATM005,transit_hub,926900,290,0,0,1137000,0
2022-09-20,ATM001,metro_retail,883600,276,0,2381000,2656600,0
2022-09-20,ATM002,urban_residential,482700,151,0,0,369300,0
2022-09-20,ATM003,corporate_park,658900,206,0,0,1561800,0
2022-09-20,ATM004,rural_branch,247800,77,0,898000,992700,0
2022-09-20,ATM005,transit_hub,723800,226,0,2153000,2566200,0
2022-09-21,ATM001,metro_retail,785200,245,0,0,1871400,0
2022-09-21,ATM002,urban_residential,408100,128,0,1751000,1712200,0
2022-09-21,ATM003,corporate_park,615100,192,0,0,946700,0
2022-09-21,ATM004,rural_branch,284100,89,0,0,708500,0
2022-09-21,ATM005,transit_hub,789400,247,0,0,1776800,0
2022-09-22,ATM001,metro_retail,728100,228,0,0,1143300,0
2022-09-22,ATM002,urban_residential,442200,138,0,0,1270000,0
2022-09-22,ATM003,corporate_park,722400,226,0,1973000,2197300,0
2022-09-22,ATM004,rural_branch,322200,101,0,0,386300,0
2022-09-22,ATM005,transit_hub,686900,215,0,0,1089900,0
2022-09-23,ATM001,metro_retail,1152300,360,0,2397000,2388000,0
2022-09-23,ATM002,urban_residential,654100,204,0,0,615900,0
2022-09-23,ATM003,corporate_park,938000,293,0,0,1259300,0
2022-09-23,ATM004,rural_branch,408800,128,0,854000,831500,0
2022-09-23,ATM005,transit_hub,1184300,370,0,2200000,2105600,0
2022-09-24,ATM001,metro_retail,1550700,485,0,0,837300,0
2022-09-24,ATM002,urban_residential,858100,268,0,1504000,1261800,0
2022-09-24,ATM003,corporate_park,1137700,356,0,0,121600,0
2022-09-24,ATM004,rural_branch,532400,166,0,0,299100,0
2022-09-24,ATM005,transit_hub,1407700,440,0,0,697900,0
2022-09-25,ATM001,metro_retail,1405100,439,0,2703000,2135200,0
2022-09-25,ATM002,urban_residential,759200,237,0,0,502600,0
2022-09-25,ATM003,corporate_park,1229400,384,0,2798000,1690200,0
2022-09-25,ATM004,rural_branch,483900,151,0,941000,756200,0
2022-09-25,ATM005,transit_hub,1165300,364,0,2592000,2124600,0
2022-09-26,ATM001,metro_retail,1083800,339,0,0,1051400,0
2022-09-26,ATM002,urban_residential,564200,176,0,1617000,1555300,0
2022-09-26,ATM003,corporate_park,817900,256,0,0,872300,0
2022-09-26,ATM004,rural_branch,362700,113,0,0,393500,0
2022-09-26,ATM005,transit_hub,1042900,326,0,0,1081700,0
2022-09-27,ATM001,metro_retail,831500,260,0,2489000,2708900,0
2022-09-27,ATM002,urban_residential,439200,137,0,0,1116200,0
2022-09-27,ATM003,corporate_park,661300,207,0,2048000,2259000,0
2022-09-27,ATM004,rural_branch,276500,86,0,847000,963900,0
2022-09-27,ATM005,transit_hub,739600,231,0,2208000,2550000,0
2022-09-28,ATM001,metro_retail,1089100,340,0,0,1619900,0
2022-09-28,ATM002,urban_residential,610700,191,0,0,505400,0
2022-09-28,ATM003,corporate_park,795800,249,0,0,1463200,0
2022-09-28,ATM004,rural_branch,340400,106,0,0,623500,0
2022-09-28,ATM005,transit_hub,937000,293,0,0,1613100,0
2022-09-29,ATM001,metro_retail,1200400,375,0,0,419400,0
2022-09-29,ATM002,urban_residential,614400,192,0,1615000,1506000,0
2022-09-29,ATM003,corporate_park,883700,276,0,0,579500,0
2022-09-29,ATM004,rural_branch,345000,108,0,0,278500,0
2022-09-29,ATM005,transit_hub,1024800,320,0,0,588300,0
2022-09-30,ATM001,metro_retail,1584700,495,0,3121000,1955700,0
2022-09-30,ATM002,urban_residential,890200,278,0,0,615800,0
2022-09-30,ATM003,corporate_park,1110400,347,0,2341000,1810000,0
2022-09-30,ATM004,rural_branch,517000,162,0,962000,723500,0
2022-09-30,ATM005,transit_hub,1509600,472,0,2702000,1780700,0
2022-10-01,ATM001,metro_retail,1955700,611,0,0,0,1
2022-10-01,ATM002,urban_residential,1271700,397,0,1504000,848000,0
2022-10-01,ATM003,corporate_park,1582900,495,0,0,227200,0
2022-10-01,ATM004,rural_branch,723500,226,0,0,0,1
2022-10-01,ATM005,transit_hub,1780700,556,0,0,0,1
2022-10-02,ATM001,metro_retail,2376200,743,1,3540000,1163800,0
2022-10-02,ATM002,urban_residential,848000,265,1,0,0,1
2022-10-02,ATM003,corporate_park,1403400,439,1,2693000,1516800,0
2022-10-02,ATM004,rural_branch,809600,253,1,1240000,430400,0
2022-10-02,ATM005,transit_hub,1706600,533,1,3290000,1583400,0
2022-10-03,ATM001,metro_retail,1214200,379,0,2376000,2325600,0
2022-10-03,ATM002,urban_residential,746800,233,0,2120000,1373200,0
2022-10-03,ATM003,corporate_park,950700,297,0,0,566100,0
2022-10-03,ATM004,rural_branch,430400,134,0,0,0,1
2022-10-03,ATM005,transit_hub,1112700,348,0,0,470600,0
2022-10-04,ATM001,metro_retail,803300,251,0,0,1522300,0
2022-10-04,ATM002,urban_residential,501000,157,0,0,872200,0
2022-10-04,ATM003,corporate_park,609700,191,0,2354000,2310400,0
2022-10-04,ATM004,rural_branch,265400,83,0,1240000,974600,0
2022-10-04,ATM005,transit_hub,744000,233,0,2819000,2545600,0
2022-10-05,ATM001,metro_retail,879600,275,0,0,642700,0
2022-10-05,ATM002,urban_residential,463600,145,0,0,408600,0
2022-10-05,ATM003,corporate_park,620200,194,0,0,1690200,0
2022-10-05,ATM004,rural_branch,343300,107,0,0,631300,0
2022-10-05,ATM005,transit_hub,822300,257,0,0,1723300,0
2022-10-06,ATM001,metro_retail,936100,293,0,2897000,2603600,0
2022-10-06,ATM002,urban_residential,520500,163,0,1711000,1599200,0
2022-10-06,ATM003,corporate_park,642900,201,0,0,1047300,0
2022-10-06,ATM004,rural_branch,277100,87,0,0,354200,0
2022-10-06,ATM005,transit_hub,777400,243,0,0,945900,0
2022-10-07,ATM001,metro_retail,1181200,369,0,0,1422500,0
2022-10-07,ATM002,urban_residential,828900,259,0,0,770300,0
2022-10-07,ATM003,corporate_park,1047300,327,0,0,0,1
2022-10-07,ATM004,rural_branch,487200,152,0,886000,753000,0
2022-10-07,ATM005,transit_hub,1120800,350,0,2344000,2169000,0
2022-10-08,ATM001,metro_retail,1422500,445,0,0,0,1
2022-10-08,ATM002,urban_residential,770300,241,0,0,0,1
2022-10-08,ATM003,corporate_park,1288100,403,0,2920000,1631900,0
2022-10-08,ATM004,rural_branch,516200,161,0,0,236800,0
2022-10-08,ATM005,transit_hub,1572100,491,0,0,596900,0
2022-10-09,ATM001,metro_retail,1284800,402,0,3540000,2255200,0
2022-10-09,ATM002,urban_residential,828800,259,0,2120000,1291200,0
2022-10-09,ATM003,corporate_park,994300,311,0,0,637600,0
2022-10-09,ATM004,rural_branch,459500,144,0,1003000,780300,0
2022-10-09,ATM005,transit_hub,1211800,379,0,2693000,2078100,0
2022-10-10,ATM001,metro_retail,1030000,322,0,0,1225200,0
2022-10-10,ATM002,urban_residential,684800,214,0,0,606400,0
2022-10-10,ATM003,corporate_park,821900,257,0,2282000,2097700,0
2022-10-10,ATM004,rural_branch,399300,125,0,0,381000,0
2022-10-10,ATM005,transit_hub,944100,295,0,0,1134000,0
2022-10-11,ATM001,metro_retail,800200,250,0,2315000,2740000,0
2022-10-11,ATM002,urban_residential,441000,138,0,1514000,1679300,0
2022-10-11,ATM003,corporate_park,726300,227,0,0,1371400,0
2022-10-11,ATM004,rural_branch,314200,98,0,859000,925800,0
2022-10-11,ATM005,transit_hub,771500,241,0,2156000,2518500,0
2022-10-12,ATM001,metro_retail,820600,256,0,0,1919300,0
2022-10-12,ATM002,urban_residential,459600,144,0,0,1219700,0
2022-10-12,ATM003,corporate_park,560200,175,0,0,811200,0
2022-10-12,ATM004,rural_branch,332500,104,0,0,593200,0
2022-10-12,ATM005,transit_hub,777100,243,0,0,1741400,0
2022-10-13,ATM001,metro_retail,984600,308,0,0,934700,0
2022-10-13,ATM002,urban_residential,477400,149,0,0,742300,0
2022-10-13,ATM003,corporate_park,646100,202,0,2109000,2274100,0
2022-10-13,ATM004,rural_branch,332700,104,0,0,260500,0
2022-10-13,ATM005,transit_hub,727500,227,0,0,1014000,0
2022-10-14,ATM001,metro_retail,1270600,397,0,2605000,2269100,0
2022-10-14,ATM002,urban_residential,712800,223,0,0,29500,0
2022-10-14,ATM003,corporate_park,945900,296,0,0,1328200,0
2022-10-14,ATM004,rural_branch,446300,139,0,979000,793200,0
2022-10-14,ATM005,transit_hub,1210800,378,0,2276000,2079200,0
2022-10-15,ATM001,metro_retail,1545300,483,0,0,723900,0
2022-10-15,ATM002,urban_residential,1018500,318,0,2090000,1101000,0
2022-10-15,ATM003,corporate_park,1245500,389,0,0,82600,0
2022-10-15,ATM004,rural_branch,664800,208,0,0,128500,0
2022-10-15,ATM005,transit_hub,1758500,550,0,0,320600,0
2022-10-16,ATM001,metro_retail,1388000,434,0,2816000,2151900,0
2022-10-16,ATM002,urban_residential,742100,232,0,0,358800,0
2022-10-16,ATM003,corporate_park,1053800,329,0,2837000,1865900,0
2022-10-16,ATM004,rural_branch,446200,139,0,1112000,794300,0
2022-10-16,ATM005,transit_hub,1145400,358,0,2969000,2144200,0
2022-10-17,ATM001,metro_retail,1043000,326,0,0,1108900,0
2022-10-17,ATM002,urban_residential,663200,207,0,1761000,1456700,0
2022-10-17,ATM003,corporate_park,696600,218,0,0,1169300,0
2022-10-17,ATM004,rural_branch,434300,136,0,0,360000,0
2022-10-17,ATM005,transit_hub,905300,283,0,0,1238800,0
2022-10-18,ATM001,metro_retail,841900,263,0,2431000,2698000,0
2022-10-18,ATM002,urban_residential,445000,139,0,0,1011600,0
2022-10-18,ATM003,corporate_park,586200,183,0,0,583100,0
2022-10-18,ATM004,rural_branch,317000,99,0,880000,923000,0
2022-10-18,ATM005,transit_hub,695400,217,0,0,543500,0
2022-10-19,ATM001,metro_retail,799300,250,0,0,1898700,0
2022-10-19,ATM002,urban_residential,456600,143,0,0,555000,0
2022-10-19,ATM003,corporate_park,605800,189,0,2337000,2314300,0
2022-10-19,ATM004,rural_branch,308000,96,0,0,614900,0
2022-10-19,ATM005,transit_hub,648600,203,0,2747000,2641800,0
2022-10-20,ATM001,metro_retail,848700,265,0,0,1049900,0
2022-10-20,ATM002,urban_residential,526300,164,0,1565000,1593700,0
2022-10-20,ATM003,corporate_park,663900,207,0,0,1650400,0
2022-10-20,ATM004,rural_branch,330900,103,0,0,284000,0
2022-10-20,ATM005,transit_hub,687000,215,0,0,1954800,0
2022-10-21,ATM001,metro_retail,1272800,398,0,2490000,2267200,0
2022-10-21,ATM002,urban_residential,793100,248,0,0,800600,0
2022-10-21,ATM003,corporate_park,904100,283,0,0,746400,0
2022-10-21,ATM004,rural_branch,379600,119,0,956000,860400,0
2022-10-21,ATM005,transit_hub,1020500,319,0,0,934300,0
2022-10-22,ATM001,metro_retail,1671700,522,0,0,595500,0
2022-10-22,ATM002,urban_residential,800600,250,0,0,0,1
2022-10-22,ATM003,corporate_park,1135600,355,0,2174000,1784800,0
2022-10-22,ATM004,rural_branch,507700,159,0,0,352700,0
2022-10-22,ATM005,transit_hub,1391000,435,0,2356000,1899300,0
2022-10-23,ATM001,metro_retail,1284100,401,0,2945000,2256400,0
2022-10-23,ATM002,urban_residential,822200,257,0,2120000,1297800,0
2022-10-23,ATM003,corporate_park,1053800,329,0,0,731000,0
2022-10-23,ATM004,rural_branch,502000,157,0,887000,737700,0
2022-10-23,ATM005,transit_hub,1253800,392,0,0,645500,0
2022-10-24,ATM001,metro_retail,1977100,618,1,0,279300,0
2022-10-24,ATM002,urban_residential,953100,298,1,0,344700,0
2022-10-24,ATM003,corporate_park,1327400,415,1,2189000,1592600,0
2022-10-24,ATM004,rural_branch,606100,189,1,0,131600,0
2022-10-24,ATM005,transit_hub,1370200,428,1,2644000,1919300,0
2022-10-25,ATM001,metro_retail,896300,280,0,3261000,2644000,0
2022-10-25,ATM002,urban_residential,423300,132,0,1775000,1696300,0
2022-10-25,ATM003,corporate_park,610500,191,0,0,982100,0
2022-10-25,ATM004,rural_branch,318900,100,0,1108000,920700,0
2022-10-25,ATM005,transit_hub,743300,232,0,0,1176100,0
2022-10-26,ATM001,metro_retail,869500,272,0,0,1774500,0
2022-10-26,ATM002,urban_residential,431600,135,0,0,1264700,0
2022-10-26,ATM003,corporate_park,740800,232,0,1938000,2179300,0
2022-10-26,ATM004,rural_branch,296900,93,0,0,623700,0
2022-10-26,ATM005,transit_hub,627600,196,0,0,548500,0
2022-10-27,ATM001,metro_retail,793300,248,0,0,981200,0
2022-10-27,ATM002,urban_residential,450700,141,0,0,814000,0
2022-10-27,ATM003,corporate_park,740400,231,0,0,1438900,0
2022-10-27,ATM004,rural_branch,306500,96,0,0,317200,0
2022-10-27,ATM005,transit_hub,746300,233,0,2742000,2544100,0
2022-10-28,ATM001,metro_retail,1140100,356,0,2559000,2400100,0
2022-10-28,ATM002,urban_residential,668400,209,0,0,145600,0
2022-10-28,ATM003,corporate_park,950600,297,0,0,488300,0
2022-10-28,ATM004,rural_branch,500000,156,0,923000,740300,0
2022-10-28,ATM005,transit_hub,1238700,387,0,0,1305400,0
2022-10-29,ATM001,metro_retail,2067700,646,0,0,332400,0
2022-10-29,ATM002,urban_residential,1129300,353,0,1974000,990300,0
2022-10-29,ATM003,corporate_park,1556800,487,0,2432000,1363400,0
2022-10-29,ATM004,rural_branch,740300,231,0,0,0,1
2022-10-29,ATM005,transit_hub,1305400,408,0,0,0,1
2022-10-30,ATM001,metro_retail,1914600,598,0,3208000,1625900,0
2022-10-30,ATM002,urban_residential,990300,309,0,0,0,1
2022-10-30,ATM003,corporate_park,1363400,426,0,0,0,1
2022-10-30,ATM004,rural_branch,695100,217,0,1240000,544900,0
2022-10-30,ATM005,transit_hub,1755800,549,0,3290000,1534200,0
2022-10-31,ATM001,metro_retail,1302700,407,0,0,323100,0
2022-10-31,ATM002,urban_residential,861600,269,0,2120000,1258400,0
2022-10-31,ATM003,corporate_park,955500,299,0,2920000,1964500,0
2022-10-31,ATM004,rural_branch,544900,170,0,0,0,1
2022-10-31,ATM005,transit_hub,1287200,402,0,0,247000,0
2022-11-01,ATM001,metro_retail,1231500,385,0,3217000,2308600,0
2022-11-01,ATM002,urban_residential,707000,221,0,0,551500,0
2022-11-01,ATM003,corporate_park,973500,304,0,0,991000,0
2022-11-01,ATM004,rural_branch,496200,155,0,1240000,743800,0
2022-11-01,ATM005,transit_hub,1222100,382,0,3043000,2068000,0
2022-11-02,ATM001,metro_retail,1232100,385,0,0,1076500,0
2022-11-02,ATM002,urban_residential,750800,235,0,1569000,1369700,0
2022-11-02,ATM003,corporate_park,891300,279,0,1929000,2028600,0
2022-11-02,ATM004,rural_branch,410100,128,0,0,333800,0
2022-11-02,ATM005,transit_hub,1039000,325,0,0,1029000,0
2022-11-03,ATM001,metro_retail,938100,293,0,2463000,2601500,0
2022-11-03,ATM002,urban_residential,603100,188,0,0,766600,0
2022-11-03,ATM003,corporate_park,842200,263,0,0,1186400,0
2022-11-03,ATM004,rural_branch,420300,131,0,906000,819400,0
2022-11-03,ATM005,transit_hub,828200,259,0,2261000,2461800,0
2022-11-04,ATM001,metro_retail,1184900,370,0,0,1416500,0
2022-11-04,ATM002,urban_residential,732300,229,0,0,34300,0
2022-11-04,ATM003,corporate_park,962600,301,0,0,223800,0
2022-11-04,ATM004,rural_branch,453500,142,0,0,365900,0
2022-11-04,ATM005,transit_hub,965200,302,0,0,1496700,0
2022-11-05,ATM001,metro_retail,1416500,443,0,0,0,1
2022-11-05,ATM002,urban_residential,921500,288,0,2086000,1198700,0
2022-11-05,ATM003,corporate_park,1251600,391,0,2696000,1668200,0
2022-11-05,ATM004,rural_branch,635100,198,0,874000,604800,0
2022-11-05,ATM005,transit_hub,1496700,468,0,0,0,1
2022-11-06,ATM001,metro_retail,1271600,397,0,3540000,2268400,0
2022-11-06,ATM002,urban_residential,866500,271,0,0,332200,0
2022-11-06,ATM003,corporate_park,1131000,353,0,0,537200,0
2022-11-06,ATM004,rural_branch,604800,189,0,0,0,1
2022-11-06,ATM005,transit_hub,1229900,384,0,3290000,2060100,0
2022-11-07,ATM001,metro_retail,1102900,345,0,0,1165500,0
2022-11-07,ATM002,urban_residential,649800,203,0,1788000,1470400,0
2022-11-07,ATM003,corporate_park,828600,259,0,2383000,2091600,0
2022-11-07,ATM004,rural_branch,383100,120,0,1240000,856900,0
2022-11-07,ATM005,transit_hub,1077500,337,0,0,982600,0
2022-11-08,ATM001,metro_retail,866700,271,0,2375000,2673800,0
2022-11-08,ATM002,urban_residential,502600,157,0,0,967800,0
2022-11-08,ATM003,corporate_park,566700,177,0,0,1524900,0
2022-11-08,ATM004,rural_branch,280100,88,0,0,576700,0
2022-11-08,ATM005,transit_hub,838800,262,0,2307000,2450900,0
2022-11-09,ATM001,metro_retail,802900,251,0,0,1870900,0
2022-11-09,ATM002,urban_residential,518100,162,0,0,449700,0
2022-11-09,ATM003,corporate_park,548300,171,0,0,976600,0
2022-11-09,ATM004,rural_branch,345300,108,0,0,231400,0
2022-11-09,ATM005,transit_hub,723500,226,0,0,1727300,0
2022-11-10,ATM001,metro_retail,883300,276,0,0,987700,0
2022-11-10,ATM002,urban_residential,467000,146,0,1670000,1652600,0
2022-11-10,ATM003,corporate_park,707500,221,0,1943000,2212100,0
2022-11-10,ATM004,rural_branch,319100,100,0,1009000,921300,0
2022-11-10,ATM005,transit_hub,823500,257,0,0,903800,0
2022-11-11,ATM001,metro_retail,1329900,416,0,2552000,2209800,0
2022-11-11,ATM002,urban_residential,689900,216,0,0,962700,0
2022-11-11,ATM003,corporate_park,713700,223,0,0,1498400,0
2022-11-11,ATM004,rural_branch,423700,132,0,0,497600,0
2022-11-11,ATM005,transit_hub,1006700,315,0,2386000,2283100,0
2022-11-12,ATM001,metro_retail,2209800,691,1,0,0,1
2022-11-12,ATM002,urban_residential,962700,301,1,0,0,1
2022-11-12,ATM003,corporate_park,1498400,468,1,0,0,1
2022-11-12,ATM004,rural_branch,497600,156,1,0,0,1
2022-11-12,ATM005,transit_hub,1893900,592,1,0,389200,0
2022-11-13,ATM001,metro_retail,1417100,443,0,3540000,2122900,0
2022-11-13,ATM002,urban_residential,757100,237,0,2120000,1362900,0
2022-11-13,ATM003,corporate_park,959000,300,0,2920000,1961000,0
2022-11-13,ATM004,rural_branch,546800,171,0,1240000,693200,0
2022-11-13,ATM005,transit_hub,1323900,414,0,2901000,1966300,0
2022-11-14,ATM001,metro_retail,1073000,335,0,0,1049900,0
2022-11-14,ATM002,urban_residential,571000,178,0,0,791900,0
2022-11-14,ATM003,corporate_park,733800,229,0,0,1227200,0
2022-11-14,ATM004,rural_branch,409600,128,0,0,283600,0
2022-11-14,ATM005,transit_hub,1049800,328,0,0,916500,0
2022-11-15,ATM001,metro_retail,920200,288,0,2490000,2619700,0
2022-11-15,ATM002,urban_residential,593000,185,0,0,198900,0
2022-11-15,ATM003,corporate_park,676800,211,0,0,550400,0
2022-11-15,ATM004,rural_branch,406800,127,0,956000,832900,0
2022-11-15,ATM005,transit_hub,747100,233,0,2374000,2543400,0
2022-11-16,ATM001,metro_retail,754500,236,0,0,1865200,0
2022-11-16,ATM002,urban_residential,455300,142,0,1921000,1664600,0
2022-11-16,ATM003,corporate_park,676400,211,0,2370000,2244000,0
2022-11-16,ATM004,rural_branch,292500,91,0,0,540300,0
2022-11-16,ATM005,transit_hub,718700,225,0,0,1824700,0
2022-11-17,ATM001,metro_retail,887300,277,0,0,977900,0
2022-11-17,ATM002,urban_residential,555100,173,0,0,1109500,0
2022-11-17,ATM003,corporate_park,621000,194,0,0,1623000,0
2022-11-17,ATM004,rural_branch,343300,107,0,0,197000,0
2022-11-17,ATM005,transit_hub,728300,228,0,0,1096400,0
2022-11-18,ATM001,metro_retail,1208900,378,0,2562000,2331000,0
2022-11-18,ATM002,urban_residential,669900,209,0,0,439600,0
2022-11-18,ATM003,corporate_park,887500,277,0,0,735500,0
2022-11-18,ATM004,rural_branch,522700,163,0,1043000,717300,0
2022-11-18,ATM005,transit_hub,1192200,373,0,2194000,2098200,0
2022-11-19,ATM001,metro_retail,1647200,515,0,0,683800,0
2022-11-19,ATM002,urban_residential,883900,276,0,1680000,1235700,0
2022-11-19,ATM003,corporate_park,1241700,388,0,2184000,1677800,0
2022-11-19,ATM004,rural_branch,495900,155,0,0,221400,0
2022-11-19,ATM005,transit_hub,1443600,451,0,0,654600,0
2022-11-20,ATM001,metro_retail,1341800,419,0,2856000,2198000,0
2022-11-20,ATM002,urban_residential,826000,258,0,0,409800,0
2022-11-20,ATM003,corporate_park,1015400,317,0,0,662400,0
2022-11-20,ATM004,rural_branch,448800,140,0,1019000,791600,0
2022-11-20,ATM005,transit_hub,1166400,364,0,2635000,2123200,0
2022-11-21,ATM001,metro_retail,978000,306,0,0,1219900,0
2022-11-21,ATM002,urban_residential,598900,187,0,1710000,1520800,0
2022-11-21,ATM003,corporate_park,859100,268,0,2258000,2061300,0
2022-11-21,ATM004,rural_branch,398600,125,0,0,393000,0
2022-11-21,ATM005,transit_hub,963400,301,0,0,1159800,0
2022-11-22,ATM001,metro_retail,765800,239,0,2320000,2774200,0
2022-11-22,ATM002,urban_residential,445700,139,0,0,1075200,0
2022-11-22,ATM003,corporate_park,717100,224,0,0,1344300,0
2022-11-22,ATM004,rural_branch,286100,89,0,847000,953900,0
2022-11-22,ATM005,transit_hub,623200,195,0,0,536600,0
2022-11-23,ATM001,metro_retail,837300,262,0,0,1936900,0
2022-11-23,ATM002,urban_residential,440300,138,0,0,634800,0
2022-11-23,ATM003,corporate_park,562000,176,0,0,782300,0
2022-11-23,ATM004,rural_branch,283500,89,0,0,670400,0
2022-11-23,ATM005,transit_hub,777600,243,0,2753000,2512000,0
2022-11-24,ATM001,metro_retail,952100,298,0,0,984700,0
2022-11-24,ATM002,urban_residential,501600,157,0,1485000,1618300,0
2022-11-24,ATM003,corporate_park,851200,266,0,2138000,2069100,0
2022-11-24,ATM004,rural_branch,294100,92,0,0,376200,0
2022-11-24,ATM005,transit_hub,790700,247,0,0,1721400,0
2022-11-25,ATM001,metro_retail,1166000,364,0,2555000,2373700,0
2022-11-25,ATM002,urban_residential,663100,207,0,0,955100,0
2022-11-25,ATM003,corporate_park,1024800,320,0,0,1044200,0
2022-11-25,ATM004,rural_branch,437200,137,0,864000,803000,0
2022-11-25,ATM005,transit_hub,1176000,367,0,0,545400,0
2022-11-26,ATM001,metro_retail,1485700,464,0,0,888000,0
2022-11-26,ATM002,urban_residential,903100,282,0,0,52000,0
2022-11-26,ATM003,corporate_park,1030000,322,0,0,14300,0
2022-11-26,ATM004,rural_branch,523700,164,0,0,279300,0
2022-11-26,ATM005,transit_hub,1581900,494,0,2745000,1708400,0
2022-11-27,ATM001,metro_retail,1294200,404,0,2652000,2245800,0
2022-11-27,ATM002,urban_residential,667600,209,0,2068000,1452500,0
2022-11-27,ATM003,corporate_park,1014300,317,0,2906000,1906000,0
2022-11-27,ATM004,rural_branch,439400,137,0,961000,800800,0
2022-11-27,ATM005,transit_hub,1356300,424,0,0,352100,0
2022-11-28,ATM001,metro_retail,1476000,461,0,0,769800,0
2022-11-28,ATM002,urban_residential,760300,238,0,0,692100,0
2022-11-28,ATM003,corporate_park,1345400,420,0,0,560600,0
2022-11-28,ATM004,rural_branch,524900,164,0,0,275900,0
2022-11-28,ATM005,transit_hub,1291500,404,0,2938000,1998600,0
2022-11-29,ATM001,metro_retail,1060800,331,0,2770000,2479100,0
2022-11-29,ATM002,urban_residential,609800,191,0,1428000,1510400,0
2022-11-29,ATM003,corporate_park,823500,257,0,2359000,2096200,0
2022-11-29,ATM004,rural_branch,399500,125,0,964000,840400,0
2022-11-29,ATM005,transit_hub,821800,257,0,0,1176900,0
2022-11-30,ATM001,metro_retail,977000,305,0,0,1502000,0
2022-11-30,ATM002,urban_residential,581300,182,0,0,929100,0
2022-11-30,ATM003,corporate_park,894200,279,0,0,1202000,0
2022-11-30,ATM004,rural_branch,424600,133,0,0,415800,0
2022-11-30,ATM005,transit_hub,938500,293,0,0,238400,0
2022-12-01,ATM001,metro_retail,1228900,384,0,0,273200,0
2022-12-01,ATM002,urban_residential,666200,208,0,0,262900,0
2022-12-01,ATM003,corporate_park,1029600,322,0,0,172400,0
2022-12-01,ATM004,rural_branch,480800,150,0,824000,758900,0
2022-12-01,ATM005,transit_hub,1138400,356,0,3052000,2152000,0
2022-12-02,ATM001,metro_retail,1818200,568,0,3267000,1722000,0
2022-12-02,ATM002,urban_residential,882500,276,0,1857000,1237400,0
2022-12-02,ATM003,corporate_park,1231100,385,0,2748000,1689300,0
2022-12-02,ATM004,rural_branch,626000,196,0,0,133000,0
2022-12-02,ATM005,transit_hub,1354300,423,0,0,797700,0
2022-12-03,ATM001,metro_retail,1722000,538,0,0,0,1
2022-12-03,ATM002,urban_residential,1128500,353,0,0,109000,0
2022-12-03,ATM003,corporate_park,1689300,528,0,0,0,1
2022-12-03,ATM004,rural_branch,773900,242,0,1107000,466100,0
2022-12-03,ATM005,transit_hub,1797300,562,0,2492000,1492500,0
2022-12-04,ATM001,metro_retail,1425100,445,0,3540000,2114900,0
2022-12-04,ATM002,urban_residential,868400,271,0,2011000,1251600,0
2022-12-04,ATM003,corporate_park,1071900,335,0,2920000,1848100,0
2022-12-04,ATM004,rural_branch,456500,143,0,0,9500,0
2022-12-04,ATM005,transit_hub,1325000,414,0,0,167400,0
2022-12-05,ATM001,metro_retail,1090100,341,0,0,1024800,0
2022-12-05,ATM002,urban_residential,551900,172,0,0,699600,0
2022-12-05,ATM003,corporate_park,799800,250,0,0,1048300,0
2022-12-05,ATM004,rural_branch,370200,116,0,1230000,869300,0
2022-12-05,ATM005,transit_hub,1141700,357,0,3123000,2148700,0
2022-12-06,ATM001,metro_retail,809100,253,0,2515000,2730700,0
2022-12-06,ATM002,urban_residential,466300,146,0,1420000,1653300,0
2022-12-06,ATM003,corporate_park,675600,211,0,0,372700,0
2022-12-06,ATM004,rural_branch,312500,98,0,0,556800,0
2022-12-06,ATM005,transit_hub,745200,233,0,0,1403500,0
2022-12-07,ATM001,metro_retail,987700,309,0,0,1743100,0
2022-12-07,ATM002,urban_residential,546400,171,0,0,1106900,0
2022-12-07,ATM003,corporate_park,679600,212,0,2547000,2240100,0
2022-12-07,ATM004,rural_branch,358300,112,0,0,198600,0
2022-12-07,ATM005,transit_hub,733800,229,0,0,669700,0
2022-12-08,ATM001,metro_retail,831000,260,0,0,912000,0
2022-12-08,ATM002,urban_residential,504600,158,0,0,602300,0
2022-12-08,ATM003,corporate_park,720600,225,0,0,1519500,0
2022-12-08,ATM004,rural_branch,336300,105,0,1041000,903200,0
2022-12-08,ATM005,transit_hub,786600,246,0,2620000,2503100,0
2022-12-09,ATM001,metro_retail,1202000,376,0,2628000,2338000,0
2022-12-09,ATM002,urban_residential,691500,216,0,1518000,1428800,0
2022-12-09,ATM003,corporate_park,813400,254,0,0,706100,0
2022-12-09,ATM004,rural_branch,435800,136,0,0,467400,0
2022-12-09,ATM005,transit_hub,1055400,330,0,0,1447700,0
2022-12-10,ATM001,metro_retail,1692200,529,0,0,645800,0
2022-12-10,ATM002,urban_residential,871200,272,0,0,557600,0
2022-12-10,ATM003,corporate_park,1079300,337,0,2214000,1840900,0
2022-12-10,ATM004,rural_branch,467400,146,0,0,0,1
2022-12-10,ATM005,transit_hub,1447700,452,0,0,0,1
2022-12-11,ATM001,metro_retail,1473400,460,0,2894000,2066400,0
2022-12-11,ATM002,urban_residential,783900,245,0,1562000,1335700,0
2022-12-11,ATM003,corporate_park,1196700,374,0,0,644100,0
2022-12-11,ATM004,rural_branch,513700,161,0,1240000,726300,0
2022-12-11,ATM005,transit_hub,1114800,348,0,3290000,2175200,0
2022-12-12,ATM001,metro_retail,1027700,321,0,0,1038700,0
2022-12-12,ATM002,urban_residential,604900,189,0,0,730800,0
2022-12-12,ATM003,corporate_park,838500,262,0,2276000,2081700,0
2022-12-12,ATM004,rural_branch,347200,109,0,0,379100,0
2022-12-12,ATM005,transit_hub,1078900,337,0,0,1096300,0
2022-12-13,ATM001,metro_retail,732300,229,0,2501000,2807400,0
2022-12-13,ATM002,urban_residential,408300,128,0,1389000,1711500,0
2022-12-13,ATM003,corporate_park,605800,189,0,0,1475900,0
2022-12-13,ATM004,rural_branch,331400,104,0,861000,908600,0
2022-12-13,ATM005,transit_hub,720400,225,0,2194000,2569900,0
2022-12-14,ATM001,metro_retail,763600,239,0,0,2043800,0
2022-12-14,ATM002,urban_residential,441600,138,0,0,1269900,0
2022-12-14,ATM003,corporate_park,540200,169,0,0,935700,0
2022-12-14,ATM004,rural_branch,321000,100,0,0,587600,0
2022-12-14,ATM005,transit_hub,802100,251,0,0,1767800,0
2022-12-15,ATM001,metro_retail,957200,299,0,0,1086600,0
2022-12-15,ATM002,urban_residential,473500,148,0,0,796400,0
2022-12-15,ATM003,corporate_park,661600,207,0,1984000,2258000,0
2022-12-15,ATM004,rural_branch,381200,119,0,0,206500,0
2022-12-15,ATM005,transit_hub,945800,296,0,0,822000,0
2022-12-16,ATM001,metro_retail,1247500,390,0,2453000,2292100,0
2022-12-16,ATM002,urban_residential,762500,238,0,0,33900,0
2022-12-16,ATM003,corporate_park,870800,272,0,0,1387200,0
2022-12-16,ATM004,rural_branch,492500,154,0,1034000,748000,0
2022-12-16,ATM005,transit_hub,976700,305,0,2468000,2313300,0
2022-12-17,ATM001,metro_retail,1600900,500,0,0,691200,0
2022-12-17,ATM002,urban_residential,953300,298,0,2086000,1166600,0
2022-12-17,ATM003,corporate_park,993500,310,0,0,393700,0
2022-12-17,ATM004,rural_branch,636500,199,0,0,111500,0
2022-12-17,ATM005,transit_hub,1472400,460,0,0,840900,0
2022-12-18,ATM001,metro_retail,1318100,412,0,2849000,2222100,0
2022-12-18,ATM002,urban_residential,741800,232,0,0,424800,0
2022-12-18,ATM003,corporate_park,1199200,375,0,2526000,1720600,0
2022-12-18,ATM004,rural_branch,415700,130,0,1128000,823800,0
2022-12-18,ATM005,transit_hub,1233400,385,0,2449000,2056500,0
2022-12-19,ATM001,metro_retail,1099800,344,0,0,1122300,0
2022-12-19,ATM002,urban_residential,645100,202,0,1695000,1474700,0
2022-12-19,ATM003,corporate_park,833100,260,0,0,887400,0
2022-12-19,ATM004,rural_branch,399300,125,0,0,424500,0
2022-12-19,ATM005,transit_hub,965400,302,0,0,1091100,0
2022-12-20,ATM001,metro_retail,840400,263,0,2418000,2699900,0
2022-12-20,ATM002,urban_residential,565300,177,0,0,909400,0
2022-12-20,ATM003,corporate_park,708400,221,0,2033000,2212000,0
2022-12-20,ATM004,rural_branch,264300,83,0,815000,975200,0
2022-12-20,ATM005,transit_hub,843500,264,0,2199000,2446700,0
2022-12-21,ATM001,metro_retail,841900,263,0,0,1858000,0
2022-12-21,ATM002,urban_residential,444900,139,0,0,464500,0
2022-12-21,ATM003,corporate_park,596600,186,0,0,1615400,0
2022-12-21,ATM004,rural_branch,270600,85,0,0,704600,0
2022-12-21,ATM005,transit_hub,700400,219,0,0,1746300,0
2022-12-22,ATM001,metro_retail,973700,304,0,0,884400,0
2022-12-22,ATM002,urban_residential,540800,169,0,1655000,1578700,0
2022-12-22,ATM003,corporate_park,623800,195,0,0,991500,0
2022-12-22,ATM004,rural_branch,312100,98,0,0,392500,0
2022-12-22,ATM005,transit_hub,760800,238,0,0,985500,0
2022-12-23,ATM001,metro_retail,1197800,374,0,2656000,2342600,0
2022-12-23,ATM002,urban_residential,715100,223,0,0,863600,0
2022-12-23,ATM003,corporate_park,908600,284,0,1928000,2010900,0
2022-12-23,ATM004,rural_branch,502700,157,0,847000,736900,0
2022-12-23,ATM005,transit_hub,1084200,339,0,2304000,2205400,0
2022-12-24,ATM001,metro_retail,1394500,436,0,0,948200,0
2022-12-24,ATM002,urban_residential,863600,270,0,0,0,1
2022-12-24,ATM003,corporate_park,1444900,452,0,0,566000,0
2022-12-24,ATM004,rural_branch,596400,186,0,0,140400,0
2022-12-24,ATM005,transit_hub,1393600,436,0,0,811700,0
2022-12-25,ATM001,metro_retail,1683700,526,1,2592000,1856400,0
2022-12-25,ATM002,urban_residential,944000,295,1,2120000,1176000,0
2022-12-25,ATM003,corporate_park,1340400,419,1,2354000,1579600,0
2022-12-25,ATM004,rural_branch,668700,209,1,1100000,571700,0
2022-12-25,ATM005,transit_hub,1624800,508,1,2478000,1664900,0
2022-12-26,ATM001,metro_retail,1178400,368,0,0,678000,0
2022-12-26,ATM002,urban_residential,587000,183,0,0,589000,0
2022-12-26,ATM003,corporate_park,752800,235,0,0,826800,0
2022-12-26,ATM004,rural_branch,467500,146,0,0,104200,0
2022-12-26,ATM005,transit_hub,861100,269,0,0,803800,0
2022-12-27,ATM001,metro_retail,841300,263,0,2862000,2698700,0
2022-12-27,ATM002,urban_residential,463700,145,0,1531000,1656300,0
2022-12-27,ATM003,corporate_park,637600,199,0,2093000,2282200,0
2022-12-27,ATM004,rural_branch,312900,98,0,1136000,927300,0
2022-12-27,ATM005,transit_hub,744200,233,0,2486000,2545600,0
2022-12-28,ATM001,metro_retail,819400,256,0,0,1879300,0
2022-12-28,ATM002,urban_residential,395500,124,0,0,1260800,0
2022-12-28,ATM003,corporate_park,596000,186,0,0,1686200,0
2022-12-28,ATM004,rural_branch,271100,85,0,0,656200,0
2022-12-28,ATM005,transit_hub,708200,221,0,0,1837400,0
2022-12-29,ATM001,metro_retail,1154000,361,0,0,725300,0
2022-12-29,ATM002,urban_residential,666800,208,0,0,594000,0
2022-12-29,ATM003,corporate_park,858100,268,0,0,828100,0
2022-12-29,ATM004,rural_branch,358200,112,0,0,298000,0
2022-12-29,ATM005,transit_hub,1122200,351,0,0,715100,0
2022-12-30,ATM001,metro_retail,1606200,502,0,2815000,1934100,0
2022-12-30,ATM002,urban_residential,887000,277,0,1526000,1233000,0
2022-12-30,ATM003,corporate_park,1217100,380,0,2092000,1703000,0
2022-12-30,ATM004,rural_branch,532900,167,0,942000,707100,0
2022-12-30,ATM005,transit_hub,1348500,421,0,2575000,1941600,0
2022-12-31,ATM001,metro_retail,1934100,604,1,0,0,1
2022-12-31,ATM002,urban_residential,1233000,385,1,0,0,1
2022-12-31,ATM003,corporate_park,1703000,532,1,0,0,1
2022-12-31,ATM004,rural_branch,707100,221,1,0,0,1
2022-12-31,ATM005,transit_hub,1941600,607,1,0,0,1
2023-01-01,ATM001,metro_retail,2233100,698,1,3540000,1306900,0
2023-01-01,ATM002,urban_residential,1326800,415,1,2120000,793200,0
2023-01-01,ATM003,corporate_park,1814400,567,1,2920000,1105600,0
2023-01-01,ATM004,rural_branch,750900,235,1,1240000,489100,0
2023-01-01,ATM005,transit_hub,2117700,662,1,3290000,1172300,0
2023-01-02,ATM001,metro_retail,1306300,408,0,0,700,0
2023-01-02,ATM002,urban_residential,793200,248,0,0,0,1
2023-01-02,ATM003,corporate_park,1097900,343,0,0,7700,0
2023-01-02,ATM004,rural_branch,489100,153,0,0,0,1
2023-01-02,ATM005,transit_hub,1172300,366,0,0,0,1
2023-01-03,ATM001,metro_retail,1088900,340,0,3539000,2450800,0
2023-01-03,ATM002,urban_residential,531000,166,0,2120000,1589000,0
2023-01-03,ATM003,corporate_park,837300,262,0,2912000,2082400,0
2023-01-03,ATM004,rural_branch,394400,123,0,1240000,845600,0
2023-01-03,ATM005,transit_hub,934400,292,0,3290000,2355600,0
2023-01-04,ATM001,metro_retail,884000,276,0,0,1566800,0
2023-01-04,ATM002,urban_residential,436100,136,0,0,1152900,0
2023-01-04,ATM003,corporate_park,601900,188,0,0,1480500,0
2023-01-04,ATM004,rural_branch,277800,87,0,0,567800,0
2023-01-04,ATM005,transit_hub,790800,247,0,0,1564700,0
2023-01-05,ATM001,metro_retail,834300,261,0,0,732500,0
2023-01-05,ATM002,urban_residential,519700,162,0,0,633200,0
2023-01-05,ATM003,corporate_park,726400,227,0,0,754100,0
2023-01-05,ATM004,rural_branch,320600,100,0,0,247200,0
2023-01-05,ATM005,transit_hub,755500,236,0,0,809200,0
2023-01-06,ATM001,metro_retail,1171000,366,0,2808000,2369500,0
2023-01-06,ATM002,urban_residential,823800,257,0,1487000,1296400,0
2023-01-06,ATM003,corporate_park,1032800,323,0,2166000,1887300,0
2023-01-06,ATM004,rural_branch,471800,147,0,993000,768400,0
2023-01-06,ATM005,transit_hub,1123500,351,0,2481000,2166700,0
2023-01-07,ATM001,metro_retail,1837100,574,0,0,532400,0
2023-01-07,ATM002,urban_residential,925900,289,0,0,370500,0
2023-01-07,ATM003,corporate_park,1538000,481,0,0,349300,0
2023-01-07,ATM004,rural_branch,597700,187,0,0,170700,0
2023-01-07,ATM005,transit_hub,1634200,511,0,0,532500,0
2023-01-08,ATM001,metro_retail,1431000,447,0,3008000,2109300,0
2023-01-08,ATM002,urban_residential,893300,279,0,1750000,1227200,0
2023-01-08,ATM003,corporate_park,961600,301,0,2571000,1958600,0
2023-01-08,ATM004,rural_branch,542600,170,0,1069000,697000,0
2023-01-08,ATM005,transit_hub,1312100,410,0,2757000,1977400,0
2023-01-09,ATM001,metro_retail,1033000,323,0,0,1076300,0
2023-01-09,ATM002,urban_residential,573400,179,0,0,653800,0
2023-01-09,ATM003,corporate_park,807300,252,0,0,1151300,0
2023-01-09,ATM004,rural_branch,365200,114,0,0,331900,0
2023-01-09,ATM005,transit_hub,1083400,339,0,0,894100,0
2023-01-10,ATM001,metro_retail,911700,285,0,2464000,2628600,0
2023-01-10,ATM002,urban_residential,522800,163,0,1466000,1597100,0
2023-01-10,ATM003,corporate_park,646800,202,0,0,504500,0
2023-01-10,ATM004,rural_branch,325000,102,0,908000,914900,0
2023-01-10,ATM005,transit_hub,765300,239,0,2396000,2524800,0
2023-01-11,ATM001,metro_retail,851500,266,0,0,1777100,0
2023-01-11,ATM002,urban_residential,468400,146,0,0,1128700,0
2023-01-11,ATM003,corporate_park,522400,163,0,2415000,2397100,0
2023-01-11,ATM004,rural_branch,346000,108,0,0,569000,0
2023-01-11,ATM005,transit_hub,699800,219,0,0,1825100,0
2023-01-12,ATM001,metro_retail,839100,262,0,0,938000,0
2023-01-12,ATM002,urban_residential,578700,181,0,0,549900,0
2023-01-12,ATM003,corporate_park,594100,186,0,0,1803000,0
2023-01-12,ATM004,rural_branch,328200,103,0,0,240800,0
2023-01-12,ATM005,transit_hub,781300,244,0,0,1043800,0
2023-01-13,ATM001,metro_retail,1214500,380,0,2602000,2325500,0
2023-01-13,ATM002,urban_residential,791900,247,0,1570000,1328000,0
2023-01-13,ATM003,corporate_park,955800,299,0,0,847100,0
2023-01-13,ATM004,rural_branch,395100,123,0,999000,844700,0
2023-01-13,ATM005,transit_hub,1063600,332,0,2246000,2226100,0
2023-01-14,ATM001,metro_retail,1523800,476,0,0,801800,0
2023-01-14,ATM002,urban_residential,863000,270,0,0,465000,0
2023-01-14,ATM003,corporate_park,1012200,316,0,2073000,1907900,0
2023-01-14,ATM004,rural_branch,584900,183,0,0,259800,0
2023-01-14,ATM005,transit_hub,1515400,474,0,0,710800,0
2023-01-15,ATM001,metro_retail,1696300,530,0,2738000,1843500,0
2023-01-15,ATM002,urban_residential,1062700,332,0,1655000,1057300,0
2023-01-15,ATM003,corporate_park,1333900,417,0,0,574000,0
2023-01-15,ATM004,rural_branch,560100,175,0,980000,679700,0
2023-01-15,ATM005,transit_hub,1484400,464,0,2579000,1805400,0
2023-01-16,ATM001,metro_retail,1042200,326,0,0,801200,0
2023-01-16,ATM002,urban_residential,565600,177,0,0,491700,0
2023-01-16,ATM003,corporate_park,683400,214,0,2346000,2236600,0
2023-01-16,ATM004,rural_branch,360500,113,0,0,319200,0
2023-01-16,ATM005,transit_hub,1069200,334,0,0,736200,0
2023-01-17,ATM001,metro_retail,793400,248,0,2739000,2746800,0
2023-01-17,ATM002,urban_residential,467500,146,0,1628000,1652200,0
2023-01-17,ATM003,corporate_park,547300,171,0,0,1689300,0
2023-01-17,ATM004,rural_branch,270600,85,0,921000,969600,0
2023-01-17,ATM005,transit_hub,748500,234,0,2554000,2541700,0
2023-01-18,ATM001,metro_retail,807700,252,0,0,1939100,0
2023-01-18,ATM002,urban_residential,529200,165,0,0,1122900,0
2023-01-18,ATM003,corporate_park,723500,226,0,0,965800,0
2023-01-18,ATM004,rural_branch,288300,90,0,0,681300,0
2023-01-18,ATM005,transit_hub,784200,245,0,0,1757500,0
2023-01-19,ATM001,metro_retail,858000,268,0,0,1081100,0
2023-01-19,ATM002,urban_residential,470700,147,0,0,652200,0
2023-01-19,ATM003,corporate_park,638300,199,0,1954000,2281500,0
2023-01-19,ATM004,rural_branch,347200,108,0,0,334100,0
2023-01-19,ATM005,transit_hub,868000,271,0,0,889500,0
2023-01-20,ATM001,metro_retail,1298900,406,0,2459000,2241200,0
2023-01-20,ATM002,urban_residential,668900,209,0,1468000,1451300,0
2023-01-20,ATM003,corporate_park,955200,298,0,0,1326300,0
2023-01-20,ATM004,rural_branch,487800,152,0,906000,752300,0
2023-01-20,ATM005,transit_hub,1163800,364,0,2400000,2125700,0
2023-01-21,ATM001,metro_retail,1697100,530,0,0,544100,0
2023-01-21,ATM002,urban_residential,912100,285,0,0,539100,0
2023-01-21,ATM003,corporate_park,1184400,370,0,0,141900,0
2023-01-21,ATM004,rural_branch,654700,205,0,0,97600,0
2023-01-21,ATM005,transit_hub,1369200,428,0,0,756500,0
2023-01-22,ATM001,metro_retail,1376500,430,0,2996000,2163600,0
2023-01-22,ATM002,urban_residential,812600,254,0,1581000,1307500,0
2023-01-22,ATM003,corporate_park,1097400,343,0,2778000,1822500,0
2023-01-22,ATM004,rural_branch,503600,157,0,1142000,736000,0
2023-01-22,ATM005,transit_hub,1343900,420,0,2534000,1946500,0
2023-01-23,ATM001,metro_retail,906600,283,0,0,1257000,0
2023-01-23,ATM002,urban_residential,629300,197,0,0,678200,0
2023-01-23,ATM003,corporate_park,919400,287,0,0,903100,0
2023-01-23,ATM004,rural_branch,479000,150,0,0,257000,0
2023-01-23,ATM005,transit_hub,1033200,323,0,0,913400,0
2023-01-24,ATM001,metro_retail,832300,260,0,0,424700,0
2023-01-24,ATM002,urban_residential,454000,142,0,1442000,1666200,0
2023-01-24,ATM003,corporate_park,764700,239,0,2017000,2155500,0
2023-01-24,ATM004,rural_branch,282500,88,0,983000,957600,0
2023-01-24,ATM005,transit_hub,810300,253,0,2377000,2480100,0
2023-01-25,ATM001,metro_retail,792200,248,0,3115000,2747500,0
2023-01-25,ATM002,urban_residential,473200,148,0,0,1193000,0
2023-01-25,ATM003,corporate_park,659200,206,0,0,1496300,0
2023-01-25,ATM004,rural_branch,313500,98,0,0,644100,0
2023-01-25,ATM005,transit_hub,727700,227,0,0,1752300,0
2023-01-26,ATM001,metro_retail,906300,283,1,0,1841200,0
2023-01-26,ATM002,urban_residential,570500,178,1,0,622600,0
2023-01-26,ATM003,corporate_park,582000,182,1,0,914300,0
2023-01-26,ATM004,rural_branch,342300,107,1,0,301800,0
2023-01-26,ATM005,transit_hub,836600,261,1,0,915800,0
2023-01-27,ATM001,metro_retail,1198500,375,0,0,642700,0
2023-01-27,ATM002,urban_residential,778000,243,0,1497000,1341600,0
2023-01-27,ATM003,corporate_park,901600,282,0,2006000,2018700,0
2023-01-27,ATM004,rural_branch,522600,163,0,938000,717200,0
2023-01-27,ATM005,transit_hub,1202700,376,0,2374000,2087000,0
2023-01-28,ATM001,metro_retail,1632800,510,0,2897000,1907000,0
2023-01-28,ATM002,urban_residential,925600,289,0,0,415900,0
2023-01-28,ATM003,corporate_park,1150800,360,0,0,867900,0
2023-01-28,ATM004,rural_branch,583500,182,0,0,133700,0
2023-01-28,ATM005,transit_hub,1475600,461,0,0,611400,0
2023-01-29,ATM001,metro_retail,1698000,531,0,0,208900,0
2023-01-29,ATM002,urban_residential,938400,293,0,1704000,1181500,0
2023-01-29,ATM003,corporate_park,1561100,488,0,2052000,1358800,0
2023-01-29,ATM004,rural_branch,594100,186,0,1106000,645600,0
2023-01-29,ATM005,transit_hub,1702200,532,0,2679000,1588200,0
2023-01-30,ATM001,metro_retail,1522700,476,0,3331000,2017200,0
2023-01-30,ATM002,urban_residential,798400,250,0,0,383100,0
2023-01-30,ATM003,corporate_park,1031900,322,0,0,326800,0
2023-01-30,ATM004,rural_branch,525000,164,0,0,120600,0
2023-01-30,ATM005,transit_hub,1393000,435,0,0,195100,0
2023-01-31,ATM001,metro_retail,1025300,320,0,0,992000,0
2023-01-31,ATM002,urban_residential,595900,186,0,1737000,1524200,0
2023-01-31,ATM003,corporate_park,955000,298,0,2593000,1964800,0
2023-01-31,ATM004,rural_branch,357800,112,0,1119000,881800,0
2023-01-31,ATM005,transit_hub,869500,272,0,3095000,2420700,0
2023-02-01,ATM001,metro_retail,1115500,349,0,2548000,2424500,0
2023-02-01,ATM002,urban_residential,742900,232,0,0,781300,0
2023-02-01,ATM003,corporate_park,841500,263,0,0,1123300,0
2023-02-01,ATM004,rural_branch,399300,125,0,0,482600,0
2023-02-01,ATM005,transit_hub,988200,309,0,0,1432500,0
2023-02-02,ATM001,metro_retail,1212000,379,0,0,1212500,0
2023-02-02,ATM002,urban_residential,596000,186,0,0,185300,0
2023-02-02,ATM003,corporate_park,909500,284,0,0,213800,0
2023-02-02,ATM004,rural_branch,472900,148,0,0,9700,0
2023-02-02,ATM005,transit_hub,1026900,321,0,0,405600,0
2023-02-03,ATM001,metro_retail,1667100,521,0,2328000,1873400,0
2023-02-03,ATM002,urban_residential,911100,285,0,1935000,1209200,0
2023-02-03,ATM003,corporate_park,1311700,410,0,2706000,1608100,0
2023-02-03,ATM004,rural_branch,562500,176,0,1230000,677200,0
2023-02-03,ATM005,transit_hub,1251100,391,0,2884000,2038500,0
2023-02-04,ATM001,metro_retail,1698000,531,0,0,175400,0
2023-02-04,ATM002,urban_residential,840300,263,0,0,368900,0
2023-02-04,ATM003,corporate_park,1247000,390,0,0,361100,0
2023-02-04,ATM004,rural_branch,634600,198,0,0,42600,0
2023-02-04,ATM005,transit_hub,1357600,424,0,0,680900,0
2023-02-05,ATM001,metro_retail,1357000,424,0,3365000,2183400,0
2023-02-05,ATM002,urban_residential,862100,269,0,1751000,1257800,0
2023-02-05,ATM003,corporate_park,1123600,351,0,2559000,1796400,0
2023-02-05,ATM004,rural_branch,465000,145,0,1197000,774600,0
2023-02-05,ATM005,transit_hub,1434000,448,0,2609000,1855900,0
2023-02-06,ATM001,metro_retail,1075400,336,0,0,1108000,0
2023-02-06,ATM002,urban_residential,647500,202,0,0,610200,0
2023-02-06,ATM003,corporate_park,801600,251,0,0,994800,0
2023-02-06,ATM004,rural_branch,449500,140,0,0,325100,0
2023-02-06,ATM005,transit_hub,946900,296,0,0,909100,0
2023-02-07,ATM001,metro_retail,906400,283,0,2432000,2633500,0
2023-02-07,ATM002,urban_residential,535200,167,0,1510000,1585000,0
2023-02-07,ATM003,corporate_park,671100,210,0,1925000,2248600,0
2023-02-07,ATM004,rural_branch,333300,104,0,915000,906800,0
2023-02-07,ATM005,transit_hub,744600,233,0,2381000,2545500,0
2023-02-08,ATM001,metro_retail,897600,280,0,0,1736000,0
2023-02-08,ATM002,urban_residential,484400,151,0,0,1100600,0
2023-02-08,ATM003,corporate_park,603900,189,0,0,1644700,0
2023-02-08,ATM004,rural_branch,247400,77,0,0,659400,0
2023-02-08,ATM005,transit_hub,600700,188,0,0,1944800,0
2023-02-09,ATM001,metro_retail,867500,271,0,0,868500,0
2023-02-09,ATM002,urban_residential,485200,152,0,0,615400,0
2023-02-09,ATM003,corporate_park,531600,166,0,0,1113100,0
2023-02-09,ATM004,rural_branch,292400,91,0,0,367000,0
2023-02-09,ATM005,transit_hub,753500,235,0,0,1191300,0
2023-02-10,ATM001,metro_retail,1245000,389,0,2672000,2295500,0
2023-02-10,ATM002,urban_residential,735500,230,0,1505000,1384900,0
2023-02-10,ATM003,corporate_park,1015700,317,0,0,97500,0
2023-02-10,ATM004,rural_branch,392700,123,0,873000,847200,0
2023-02-10,ATM005,transit_hub,1116600,349,0,0,74700,0
2023-02-11,ATM001,metro_retail,1662000,519,0,0,633500,0
2023-02-11,ATM002,urban_residential,903100,282,0,0,481900,0
2023-02-11,ATM003,corporate_park,1171200,366,0,2823000,1749300,0
2023-02-11,ATM004,rural_branch,504000,158,0,0,343200,0
2023-02-11,ATM005,transit_hub,1314700,411,0,3215000,1974900,0
2023-02-12,ATM001,metro_retail,1300400,406,0,2906000,2239100,0
2023-02-12,ATM002,urban_residential,830800,260,0,1638000,1289100,0
2023-02-12,ATM003,corporate_park,1325100,414,0,0,424200,0
2023-02-12,ATM004,rural_branch,534900,167,0,897000,705300,0
2023-02-12,ATM005,transit_hub,1382900,432,0,0,592000,0
2023-02-13,ATM001,metro_retail,1061700,332,0,0,1177400,0
2023-02-13,ATM002,urban_residential,616600,193,0,0,672500,0
2023-02-13,ATM003,corporate_park,809600,253,0,2496000,2110600,0
2023-02-13,ATM004,rural_branch,410100,128,0,0,295200,0
2023-02-13,ATM005,transit_hub,1085300,339,0,2698000,2204700,0
2023-02-14,ATM001,metro_retail,992600,310,0,2363000,2547800,0
2023-02-14,ATM002,urban_residential,403100,126,0,1447000,1716400,0
2023-02-14,ATM003,corporate_park,718700,225,0,0,1391900,0
2023-02-14,ATM004,rural_branch,327700,102,0,945000,912500,0
2023-02-14,ATM005,transit_hub,823300,257,0,0,1381400,0
2023-02-15,ATM001,metro_retail,1011000,316,0,0,1536800,0
2023-02-15,ATM002,urban_residential,496600,155,0,0,1219800,0
2023-02-15,ATM003,corporate_park,701400,219,0,0,690500,0
2023-02-15,ATM004,rural_branch,308000,96,0,0,604500,0
2023-02-15,ATM005,transit_hub,782100,244,0,0,599300,0
2023-02-16,ATM001,metro_retail,932400,291,0,0,604400,0
2023-02-16,ATM002,urban_residential,553000,173,0,0,666800,0
2023-02-16,ATM003,corporate_park,813300,254,0,2229000,2106300,0
2023-02-16,ATM004,rural_branch,337800,106,0,0,266700,0
2023-02-16,ATM005,transit_hub,702100,219,0,2691000,2588300,0
2023-02-17,ATM001,metro_retail,1201200,375,0,2936000,2339200,0
2023-02-17,ATM002,urban_residential,777200,243,0,1453000,1342600,0
2023-02-17,ATM003,corporate_park,834300,261,0,0,1272000,0
2023-02-17,ATM004,rural_branch,390600,122,0,973000,849100,0
2023-02-17,ATM005,transit_hub,1152100,360,0,0,1436200,0
2023-02-18,ATM001,metro_retail,1747200,546,0,0,592000,0
2023-02-18,ATM002,urban_residential,913600,286,0,0,429000,0
2023-02-18,ATM003,corporate_park,1231400,385,0,0,40600,0
2023-02-18,ATM004,rural_branch,556800,174,0,0,292300,0
2023-02-18,ATM005,transit_hub,1407800,440,0,0,28400,0
2023-02-19,ATM001,metro_retail,1510500,472,0,2948000,2029400,0
2023-02-19,ATM002,urban_residential,783100,245,0,1691000,1336800,0
2023-02-19,ATM003,corporate_park,1177300,368,0,2879000,1742300,0
2023-02-19,ATM004,rural_branch,501100,157,0,948000,739200,0
2023-02-19,ATM005,transit_hub,1149600,359,0,3262000,2140800,0
2023-02-20,ATM001,metro_retail,989800,309,0,0,1039600,0
2023-02-20,ATM002,urban_residential,600300,188,0,0,736500,0
2023-02-20,ATM003,corporate_park,855000,267,0,0,887300,0
2023-02-20,ATM004,rural_branch,374100,117,0,0,365100,0
2023-02-20,ATM005,transit_hub,981700,307,0,0,1159100,0
2023-02-21,ATM001,metro_retail,851300,266,0,2500000,2688300,0
2023-02-21,ATM002,urban_residential,501700,157,0,1383000,1617900,0
2023-02-21,ATM003,corporate_park,625800,196,0,2033000,2294500,0
2023-02-21,ATM004,rural_branch,312500,98,0,875000,927700,0
2023-02-21,ATM005,transit_hub,806100,252,0,0,353000,0
2023-02-22,ATM001,metro_retail,791100,247,0,0,1897200,0
2023-02-22,ATM002,urban_residential,487700,152,0,0,1130200,0
2023-02-22,ATM003,corporate_park,621200,194,0,0,1673300,0
2023-02-22,ATM004,rural_branch,301200,94,0,0,626500,0
2023-02-22,ATM005,transit_hub,798200,249,0,2937000,2491800,0
2023-02-23,ATM001,metro_retail,879500,275,0,0,1017700,0
2023-02-23,ATM002,urban_residential,464700,145,0,0,665400,0
2023-02-23,ATM003,corporate_park,619000,193,0,0,1054300,0
2023-02-23,ATM004,rural_branch,336300,105,0,0,290200,0
2023-02-23,ATM005,transit_hub,725600,227,0,0,1766200,0
2023-02-24,ATM001,metro_retail,1356200,424,0,2522000,2183500,0
2023-02-24,ATM002,urban_residential,736000,230,0,1455000,1384400,0
2023-02-24,ATM003,corporate_park,985900,308,0,0,68400,0
2023-02-24,ATM004,rural_branch,467000,146,0,950000,773200,0
2023-02-24,ATM005,transit_hub,1193900,373,0,0,572300,0
2023-02-25,ATM001,metro_retail,1391900,435,0,0,791700,0
2023-02-25,ATM002,urban_residential,989600,309,0,0,394800,0
2023-02-25,ATM003,corporate_park,1199000,375,0,2852000,1721400,0
2023-02-25,ATM004,rural_branch,644000,201,0,0,129200,0
2023-02-25,ATM005,transit_hub,1382100,432,0,2718000,1908200,0
2023-02-26,ATM001,metro_retail,1827300,571,0,2748000,1712300,0
2023-02-26,ATM002,urban_residential,961500,300,0,1725000,1158300,0
2023-02-26,ATM003,corporate_park,1406300,439,0,0,315100,0
2023-02-26,ATM004,rural_branch,631800,197,0,1111000,608400,0
2023-02-26,ATM005,transit_hub,1572600,491,0,0,335600,0
2023-02-27,ATM001,metro_retail,1529000,478,0,0,183300,0
2023-02-27,ATM002,urban_residential,789200,247,0,0,369100,0
2023-02-27,ATM003,corporate_park,1035600,324,0,2605000,1884500,0
2023-02-27,ATM004,rural_branch,550400,172,0,0,58000,0
2023-02-27,ATM005,transit_hub,1134200,354,0,2954000,2155400,0
2023-02-28,ATM001,metro_retail,1000900,313,0,3357000,2539400,0
2023-02-28,ATM002,urban_residential,645100,202,0,1751000,1475000,0
2023-02-28,ATM003,corporate_park,803000,251,0,0,1081400,0
2023-02-28,ATM004,rural_branch,414100,129,0,1182000,825900,0
2023-02-28,ATM005,transit_hub,1031700,322,0,0,1123700,0
2023-03-01,ATM001,metro_retail,1319000,412,0,0,1220400,0
2023-03-01,ATM002,urban_residential,715000,223,0,0,760000,0
2023-03-01,ATM003,corporate_park,797500,249,0,0,283900,0
2023-03-01,ATM004,rural_branch,449200,140,0,0,376600,0
2023-03-01,ATM005,transit_hub,918800,287,0,2166000,2370900,0
2023-03-02,ATM001,metro_retail,1053900,329,0,2320000,2486500,0
2023-03-02,ATM002,urban_residential,653000,204,0,0,107000,0
2023-03-02,ATM003,corporate_park,962100,301,0,2636000,1957800,0
2023-03-02,ATM004,rural_branch,439600,137,0,863000,800000,0
2023-03-02,ATM005,transit_hub,1047300,327,0,0,1323600,0
2023-03-03,ATM001,metro_retail,1548700,484,0,0,937800,0
2023-03-03,ATM002,urban_residential,847200,265,0,2013000,1272800,0
2023-03-03,ATM003,corporate_park,1095500,342,0,0,862300,0
2023-03-03,ATM004,rural_branch,457200,143,0,0,342800,0
2023-03-03,ATM005,transit_hub,1323600,414,0,0,0,1
2023-03-04,ATM001,metro_retail,1662700,520,0,2602000,1877100,0
2023-03-04,ATM002,urban_residential,879500,275,0,0,393300,0
2023-03-04,ATM003,corporate_park,1199100,375,0,2058000,1721200,0
2023-03-04,ATM004,rural_branch,710100,222,0,897000,529700,0
2023-03-04,ATM005,transit_hub,1340000,419,0,3290000,1950000,0
2023-03-05,ATM001,metro_retail,1353100,423,0,0,523900,0
2023-03-05,ATM002,urban_residential,813100,254,0,1727000,1307300,0
2023-03-05,ATM003,corporate_park,1125100,352,0,0,596100,0
2023-03-05,ATM004,rural_branch,466000,146,0,0,63700,0
2023-03-05,ATM005,transit_hub,1270900,397,0,0,679200,0
2023-03-06,ATM001,metro_retail,1108600,346,0,3016000,2431300,0
2023-03-06,ATM002,urban_residential,634400,198,0,0,672900,0
2023-03-06,ATM003,corporate_park,871000,272,0,2324000,2049100,0
2023-03-06,ATM004,rural_branch,366900,115,0,1176000,872800,0
2023-03-06,ATM005,transit_hub,931900,291,0,2611000,2358200,0
2023-03-07,ATM001,metro_retail,883200,276,0,0,1548100,0
2023-03-07,ATM002,urban_residential,528200,165,0,1447000,1591700,0
2023-03-07,ATM003,corporate_park,722900,226,0,0,1326200,0
2023-03-07,ATM004,rural_branch,330500,103,0,0,542200,0
2023-03-07,ATM005,transit_hub,849600,266,0,0,1508600,0
2023-03-08,ATM001,metro_retail,1021500,319,1,0,526500,0
2023-03-08,ATM002,urban_residential,490400,153,1,0,1101300,0
2023-03-08,ATM003,corporate_park,719100,225,1,0,607000,0
2023-03-08,ATM004,rural_branch,305500,95,1,0,236700,0
2023-03-08,ATM005,transit_hub,867100,271,1,0,641500,0
2023-03-09,ATM001,metro_retail,859200,269,0,3013000,2680300,0
2023-03-09,ATM002,urban_residential,461900,144,0,0,639400,0
2023-03-09,ATM003,corporate_park,664000,208,0,2313000,2256000,0
2023-03-09,ATM004,rural_branch,383200,120,0,1003000,856500,0
2023-03-09,ATM005,transit_hub,710300,222,0,2649000,2580200,0
2023-03-10,ATM001,metro_retail,1275000,398,0,0,1405300,0
2023-03-10,ATM002,urban_residential,736000,230,0,1481000,1384300,0
2023-03-10,ATM003,corporate_park,837300,262,0,0,1418800,0
2023-03-10,ATM004,rural_branch,427200,133,0,0,429300,0
2023-03-10,ATM005,transit_hub,1147000,358,0,0,1433300,0
2023-03-11,ATM001,metro_retail,1405300,439,0,0,0,1
2023-03-11,ATM002,urban_residential,834800,261,0,0,549500,0
2023-03-11,ATM003,corporate_park,1329300,415,0,0,89500,0
2023-03-11,ATM004,rural_branch,548300,171,0,811000,692000,0
2023-03-11,ATM005,transit_hub,1433300,448,0,0,0,1
2023-03-12,ATM001,metro_retail,1371800,429,0,3540000,2168200,0
2023-03-12,ATM002,urban_residential,804800,251,0,1570000,1314700,0
2023-03-12,ATM003,corporate_park,1263700,395,0,2831000,1656800,0
2023-03-12,ATM004,rural_branch,470800,147,0,0,221200,0
2023-03-12,ATM005,transit_hub,1333800,417,0,3290000,1956200,0
2023-03-13,ATM001,metro_retail,1179500,369,0,0,988600,0
2023-03-13,ATM002,urban_residential,600800,188,0,0,714000,0
2023-03-13,ATM003,corporate_park,789200,247,0,0,867600,0
2023-03-13,ATM004,rural_branch,415700,130,0,1019000,824500,0
2023-03-13,ATM005,transit_hub,858900,268,0,0,1097300,0
2023-03-14,ATM001,metro_retail,915300,286,0,2551000,2624300,0
2023-03-14,ATM002,urban_residential,461400,144,0,1406000,1658600,0
2023-03-14,ATM003,corporate_park,585300,183,0,2052000,2334300,0
2023-03-14,ATM004,rural_branch,357400,112,0,0,467100,0
2023-03-14,ATM005,transit_hub,724600,226,0,2193000,2565700,0
2023-03-15,ATM001,metro_retail,916000,286,0,0,1708300,0
2023-03-15,ATM002,urban_residential,517500,162,0,0,1141100,0
2023-03-15,ATM003,corporate_park,688400,215,0,0,1645900,0
2023-03-15,ATM004,rural_branch,342900,107,0,0,124200,0
2023-03-15,ATM005,transit_hub,909000,284,0,0,1656700,0
2023-03-16,ATM001,metro_retail,925600,289,0,0,782800,0
2023-03-16,ATM002,urban_residential,561100,175,0,0,580000,0
2023-03-16,ATM003,corporate_park,636600,199,0,0,1009300,0
2023-03-16,ATM004,rural_branch,298300,93,0,1116000,941900,0
2023-03-16,ATM005,transit_hub,813200,254,0,0,843500,0
2023-03-17,ATM001,metro_retail,1327400,415,0,2757000,2212300,0
2023-03-17,ATM002,urban_residential,718900,225,0,1540000,1401100,0
2023-03-17,ATM003,corporate_park,924300,289,0,1911000,1996000,0
2023-03-17,ATM004,rural_branch,519600,162,0,0,422300,0
2023-03-17,ATM005,transit_hub,1017100,318,0,2446000,2272400,0
2023-03-18,ATM001,metro_retail,1547500,484,0,0,664900,0
2023-03-18,ATM002,urban_residential,891500,279,0,0,509600,0
2023-03-18,ATM003,corporate_park,1010900,316,0,0,985100,0
2023-03-18,ATM004,rural_branch,605000,189,0,818000,635400,0
2023-03-18,ATM005,transit_hub,1351400,422,0,0,921000,0
2023-03-19,ATM001,metro_retail,1498200,468,0,2875000,2041700,0
2023-03-19,ATM002,urban_residential,715100,223,0,1610000,1404500,0
2023-03-19,ATM003,corporate_park,1077000,337,0,1935000,1843100,0
2023-03-19,ATM004,rural_branch,476600,149,0,0,158800,0
2023-03-19,ATM005,transit_hub,1321100,413,0,2369000,1968900,0
2023-03-20,ATM001,metro_retail,1027000,321,0,0,1014700,0
2023-03-20,ATM002,urban_residential,639200,200,0,0,765300,0
2023-03-20,ATM003,corporate_park,755700,236,0,0,1087400,0
2023-03-20,ATM004,rural_branch,395700,124,0,1081000,844100,0
2023-03-20,ATM005,transit_hub,910200,284,0,0,1058700,0
2023-03-21,ATM001,metro_retail,839800,262,0,2525000,2699900,0
2023-03-21,ATM002,urban_residential,521600,163,0,0,243700,0
2023-03-21,ATM003,corporate_park,571900,179,0,0,515500,0
2023-03-21,ATM004,rural_branch,315400,99,0,0,528600,0
2023-03-21,ATM005,transit_hub,713600,223,0,2231000,2576100,0
2023-03-22,ATM001,metro_retail,820200,256,0,0,1879700,0
2023-03-22,ATM002,urban_residential,490400,153,0,1876000,1629300,0
2023-03-22,ATM003,corporate_park,635400,199,0,2404000,2284200,0
2023-03-22,ATM004,rural_branch,311100,97,0,0,217500,0
2023-03-22,ATM005,transit_hub,806600,252,0,0,1769500,0
2023-03-23,ATM001,metro_retail,918000,287,0,0,961600,0
2023-03-23,ATM002,urban_residential,541900,169,0,0,1087500,0
2023-03-23,ATM003,corporate_park,683000,213,0,0,1601100,0
2023-03-23,ATM004,rural_branch,322900,101,0,1022000,916600,0
2023-03-23,ATM005,transit_hub,783000,245,0,0,986500,0
2023-03-24,ATM001,metro_retail,1220500,381,0,2578000,2319100,0
2023-03-24,ATM002,urban_residential,729100,228,0,0,358400,0
2023-03-24,ATM003,corporate_park,976500,305,0,0,624600,0
2023-03-24,ATM004,rural_branch,457000,143,0,0,459600,0
2023-03-24,ATM005,transit_hub,1034600,323,0,2303000,2254900,0
2023-03-25,ATM001,metro_retail,1501900,469,0,0,817200,0
2023-03-25,ATM002,urban_residential,831500,260,0,1762000,1288900,0
2023-03-25,ATM003,corporate_park,1136200,355,0,2295000,1783400,0
2023-03-25,ATM004,rural_branch,459600,144,0,0,0,1
2023-03-25,ATM005,transit_hub,1636800,512,0,0,618100,0
2023-03-26,ATM001,metro_retail,1423900,445,0,2723000,2116300,0
2023-03-26,ATM002,urban_residential,791000,247,0,0,497900,0
2023-03-26,ATM003,corporate_park,959700,300,0,0,823600,0
2023-03-26,ATM004,rural_branch,681200,213,0,1240000,558800,0
2023-03-26,ATM005,transit_hub,1120100,350,0,2672000,2170000,0
2023-03-27,ATM001,metro_retail,1215000,380,0,0,901200,0
2023-03-27,ATM002,urban_residential,640300,200,0,1622000,1479600,0
2023-03-27,ATM003,corporate_park,1001600,313,0,2096000,1918000,0
2023-03-27,ATM004,rural_branch,406100,127,0,0,152600,0
2023-03-27,ATM005,transit_hub,908700,284,0,0,1261300,0
2023-03-28,ATM001,metro_retail,941800,294,0,2639000,2598500,0
2023-03-28,ATM002,urban_residential,507000,158,0,0,972600,0
2023-03-28,ATM003,corporate_park,671900,210,0,0,1246200,0
2023-03-28,ATM004,rural_branch,284500,89,0,1087000,955200,0
2023-03-28,ATM005,transit_hub,672800,210,0,0,588500,0
2023-03-29,ATM001,metro_retail,1115400,349,0,0,1483000,0
2023-03-29,ATM002,urban_residential,590700,185,0,0,381800,0
2023-03-29,ATM003,corporate_park,831700,260,0,0,414500,0
2023-03-29,ATM004,rural_branch,356100,111,0,0,599000,0
2023-03-29,ATM005,transit_hub,1026800,321,0,2701000,2262700,0
2023-03-30,ATM001,metro_retail,1119400,350,0,0,363600,0
2023-03-30,ATM002,urban_residential,646900,202,0,1738000,1472900,0
2023-03-30,ATM003,corporate_park,777300,243,0,2505000,2142200,0
2023-03-30,ATM004,rural_branch,456000,142,0,0,143100,0
2023-03-30,ATM005,transit_hub,975400,305,0,0,1287300,0
2023-03-31,ATM001,metro_retail,1466600,458,0,3176000,2073000,0
2023-03-31,ATM002,urban_residential,941300,294,0,0,531600,0
2023-03-31,ATM003,corporate_park,1349300,422,0,0,792900,0
2023-03-31,ATM004,rural_branch,504600,158,0,1097000,735500,0
2023-03-31,ATM005,transit_hub,1287300,402,0,0,0,1
2023-04-01,ATM001,metro_retail,2073000,648,0,0,0,1
2023-04-01,ATM002,urban_residential,1445000,452,0,1588000,674600,0
2023-04-01,ATM003,corporate_park,1459000,456,0,2127000,1460900,0
2023-04-01,ATM004,rural_branch,735500,230,0,0,0,1
2023-04-01,ATM005,transit_hub,2064800,645,0,3290000,1225200,0
2023-04-02,ATM001,metro_retail,2018300,631,0,3540000,1521700,0
2023-04-02,ATM002,urban_residential,1150300,359,0,1445000,969400,0
2023-04-02,ATM003,corporate_park,1344800,420,0,0,116100,0
2023-04-02,ATM004,rural_branch,721700,226,0,1240000,518300,0
2023-04-02,ATM005,transit_hub,1225200,383,0,0,0,1
2023-04-03,ATM001,metro_retail,1474900,461,0,0,46800,0
2023-04-03,ATM002,urban_residential,807900,252,0,0,161400,0
2023-04-03,ATM003,corporate_park,1132900,354,0,2804000,1787200,0
2023-04-03,ATM004,rural_branch,508900,159,0,0,9300,0
2023-04-03,ATM005,transit_hub,1348600,421,0,3290000,1941400,0
2023-04-04,ATM001,metro_retail,736000,230,0,3493000,2803700,0
2023-04-04,ATM002,urban_residential,496100,155,0,1959000,1624400,0
2023-04-04,ATM003,corporate_park,684200,214,0,0,1103000,0
2023-04-04,ATM004,rural_branch,299900,94,0,1231000,940400,0
2023-04-04,ATM005,transit_hub,733400,229,0,0,1208000,0
2023-04-05,ATM001,metro_retail,822700,257,0,0,1981000,0
2023-04-05,ATM002,urban_residential,438200,137,0,0,1186200,0
2023-04-05,ATM003,corporate_park,577600,180,0,0,525400,0
2023-04-05,ATM004,rural_branch,366200,114,0,0,574200,0
2023-04-05,ATM005,transit_hub,672100,210,0,0,535800,0
2023-04-06,ATM001,metro_retail,889300,278,0,0,1091800,0
2023-04-06,ATM002,urban_residential,463200,145,0,0,723000,0
2023-04-06,ATM003,corporate_park,620100,194,0,2395000,2300300,0
2023-04-06,ATM004,rural_branch,350700,110,0,0,223500,0
2023-04-06,ATM005,transit_hub,801900,251,0,2754000,2488000,0
2023-04-07,ATM001,metro_retail,1274200,398,0,2448000,2265500,0
2023-04-07,ATM002,urban_residential,772000,241,0,1397000,1348000,0
2023-04-07,ATM003,corporate_park,1272600,398,0,0,1027700,0
2023-04-07,ATM004,rural_branch,479900,150,0,1017000,760600,0
2023-04-07,ATM005,transit_hub,1117900,349,0,0,1370100,0
2023-04-08,ATM001,metro_retail,1619500,506,0,0,646000,0
2023-04-08,ATM002,urban_residential,981500,307,0,0,366500,0
2023-04-08,ATM003,corporate_park,1027700,321,0,0,0,1
2023-04-08,ATM004,rural_branch,639000,200,0,0,121600,0
2023-04-08,ATM005,transit_hub,1370100,428,0,0,0,1
2023-04-09,ATM001,metro_retail,1535400,480,0,2894000,2004600,0
2023-04-09,ATM002,urban_residential,817100,255,0,1753000,1302400,0
2023-04-09,ATM003,corporate_park,1160600,363,0,2920000,1759400,0
2023-04-09,ATM004,rural_branch,505300,158,0,1118000,734200,0
2023-04-09,ATM005,transit_hub,1290500,403,0,3290000,1999500,0
2023-04-10,ATM001,metro_retail,1005000,314,0,0,999600,0
2023-04-10,ATM002,urban_residential,643100,201,0,0,659300,0
2023-04-10,ATM003,corporate_park,964800,301,0,0,794700,0
2023-04-10,ATM004,rural_branch,380300,119,0,0,354000,0
2023-04-10,ATM005,transit_hub,939200,294,0,0,1060200,0
2023-04-11,ATM001,metro_retail,801700,251,0,2540000,2737900,0
2023-04-11,ATM002,urban_residential,434700,136,0,1461000,1685600,0
2023-04-11,ATM003,corporate_park,655200,205,0,2125000,2264400,0
2023-04-11,ATM004,rural_branch,300300,94,0,886000,939700,0
2023-04-11,ATM005,transit_hub,790000,247,0,2230000,2500300,0
2023-04-12,ATM001,metro_retail,860300,269,0,0,1877600,0
2023-04-12,ATM002,urban_residential,425400,133,0,0,1260200,0
2023-04-12,ATM003,corporate_park,646900,202,0,0,1617600,0
2023-04-12,ATM004,rural_branch,343500,107,0,0,596100,0
2023-04-12,ATM005,transit_hub,742400,232,0,0,1757900,0
2023-04-13,ATM001,metro_retail,811300,254,0,0,1066300,0
2023-04-13,ATM002,urban_residential,541500,169,0,0,718700,0
2023-04-13,ATM003,corporate_park,674700,211,0,0,942900,0
2023-04-13,ATM004,rural_branch,306700,96,0,0,289400,0
2023-04-13,ATM005,transit_hub,891400,279,0,0,866500,0
2023-04-14,ATM001,metro_retail,1444100,451,1,2474000,2096200,0
2023-04-14,ATM002,urban_residential,789900,247,1,1401000,1329800,0
2023-04-14,ATM003,corporate_park,1110500,347,1,1977000,1809400,0
2023-04-14,ATM004,rural_branch,509400,159,1,951000,731000,0
2023-04-14,ATM005,transit_hub,1380100,431,1,2424000,1910300,0
2023-04-15,ATM001,metro_retail,1658700,518,0,0,437600,0
2023-04-15,ATM002,urban_residential,916300,286,0,0,413500,0
2023-04-15,ATM003,corporate_park,1270900,397,0,0,538500,0
2023-04-15,ATM004,rural_branch,720900,225,0,0,10200,0
2023-04-15,ATM005,transit_hub,1612900,504,0,0,297400,0
2023-04-16,ATM001,metro_retail,1482200,463,0,3102000,2057400,0
2023-04-16,ATM002,urban_residential,846200,264,0,1707000,1274300,0
2023-04-16,ATM003,corporate_park,920400,288,0,2381000,1999100,0
2023-04-16,ATM004,rural_branch,531400,166,0,1230000,708700,0
2023-04-16,ATM005,transit_hub,1169900,366,0,2993000,2120500,0
2023-04-17,ATM001,metro_retail,1143000,357,0,0,914300,0
2023-04-17,ATM002,urban_residential,630100,197,0,0,644200,0
2023-04-17,ATM003,corporate_park,813100,254,0,0,1186000,0
2023-04-17,ATM004,rural_branch,410800,128,0,0,297900,0
2023-04-17,ATM005,transit_hub,874300,273,0,0,1246200,0
2023-04-18,ATM001,metro_retail,908600,284,0,2626000,2631700,0
2023-04-18,ATM002,urban_residential,594200,186,0,1476000,1525900,0
2023-04-18,ATM003,corporate_park,597300,187,0,0,588600,0
2023-04-18,ATM004,rural_branch,293100,92,0,942000,946800,0
2023-04-18,ATM005,transit_hub,771200,241,0,0,475000,0
2023-04-19,ATM001,metro_retail,884700,276,0,0,1747000,0
2023-04-19,ATM002,urban_residential,514700,161,0,0,1011200,0
2023-04-19,ATM003,corporate_park,617000,193,0,2331000,2302600,0
2023-04-19,ATM004,rural_branch,385900,121,0,0,560900,0
2023-04-19,ATM005,transit_hub,848500,265,0,2815000,2441500,0
2023-04-20,ATM001,metro_retail,881800,276,0,0,865200,0
2023-04-20,ATM002,urban_residential,513400,160,0,0,497800,0
2023-04-20,ATM003,corporate_park,708900,222,0,0,1593700,0
2023-04-20,ATM004,rural_branch,352600,110,0,0,208300,0
2023-04-20,ATM005,transit_hub,862100,269,0,0,1579300,0
2023-04-21,ATM001,metro_retail,1220400,381,0,2675000,2319800,0
2023-04-21,ATM002,urban_residential,700100,219,0,1622000,1419600,0
2023-04-21,ATM003,corporate_park,1048500,328,0,0,545200,0
2023-04-21,ATM004,rural_branch,362000,113,0,1032000,878300,0
2023-04-21,ATM005,transit_hub,1282200,401,0,0,297200,0
2023-04-22,ATM001,metro_retail,1498600,468,0,0,821200,0
2023-04-22,ATM002,urban_residential,929000,290,0,0,490600,0
2023-04-22,ATM003,corporate_park,1255900,392,0,2375000,1664400,0
2023-04-22,ATM004,rural_branch,675300,211,0,0,203000,0
2023-04-22,ATM005,transit_hub,1298000,406,0,2993000,1992200,0
2023-04-23,ATM001,metro_retail,1518800,475,0,2719000,2021400,0
2023-04-23,ATM002,urban_residential,790500,247,0,1629000,1329100,0
2023-04-23,ATM003,corporate_park,1085000,339,0,0,579400,0
2023-04-23,ATM004,rural_branch,454000,142,0,1037000,786000,0
2023-04-23,ATM005,transit_hub,1264000,395,0,0,728200,0
2023-04-24,ATM001,metro_retail,1002600,313,0,0,1018700,0
2023-04-24,ATM002,urban_residential,560000,175,0,0,769100,0
2023-04-24,ATM003,corporate_park,785500,245,0,2341000,2134800,0
2023-04-24,ATM004,rural_branch,350200,109,0,0,435800,0
2023-04-24,ATM005,transit_hub,983100,307,0,2562000,2307100,0
2023-04-25,ATM001,metro_retail,893100,279,0,2521000,2646600,0
2023-04-25,ATM002,urban_residential,516200,161,0,0,252900,0
2023-04-25,ATM003,corporate_park,603100,188,0,0,1531700,0
2023-04-25,ATM004,rural_branch,292600,91,0,0,143200,0
2023-04-25,ATM005,transit_hub,790200,247,0,0,1516900,0
2023-04-26,ATM001,metro_retail,802400,251,0,0,1844200,0
2023-04-26,ATM002,urban_residential,481200,150,0,1867000,1638700,0
2023-04-26,ATM003,corporate_park,672800,210,0,0,858900,0
2023-04-26,ATM004,rural_branch,347200,109,0,1097000,893000,0
2023-04-26,ATM005,transit_hub,777800,243,0,0,739100,0
2023-04-27,ATM001,metro_retail,858300,268,0,0,985900,0
2023-04-27,ATM002,urban_residential,413600,129,0,0,1225100,0
2023-04-27,ATM003,corporate_park,640700,200,0,2061000,2279100,0
2023-04-27,ATM004,rural_branch,316600,99,0,0,576300,0
2023-04-27,ATM005,transit_hub,737300,230,0,2551000,2552800,0
2023-04-28,ATM001,metro_retail,1787300,559,0,2554000,1752600,0
2023-04-28,ATM002,urban_residential,880600,275,0,0,344500,0
2023-04-28,ATM003,corporate_park,1385600,433,0,0,893500,0
2023-04-28,ATM004,rural_branch,576300,180,0,0,0,1
2023-04-28,ATM005,transit_hub,1440600,450,0,0,1112200,0
2023-04-29,ATM001,metro_retail,1752600,548,0,0,0,1
2023-04-29,ATM002,urban_residential,1122300,351,0,1775000,997300,0
2023-04-29,ATM003,corporate_park,1501100,469,0,2026000,1418400,0
2023-04-29,ATM004,rural_branch,653000,204,0,1240000,587000,0
2023-04-29,ATM005,transit_hub,1804200,564,0,2178000,1486000,0
2023-04-30,ATM001,metro_retail,1632400,510,0,3540000,1907600,0
2023-04-30,ATM002,urban_residential,997300,312,0,0,0,1
2023-04-30,ATM003,corporate_park,1324900,414,0,0,93600,0
2023-04-30,ATM004,rural_branch,587000,183,0,0,0,1
2023-04-30,ATM005,transit_hub,1486000,464,0,0,0,1
2023-05-01,ATM001,metro_retail,1635000,511,0,0,272600,0
2023-05-01,ATM002,urban_residential,896100,280,0,2120000,1223900,0
2023-05-01,ATM003,corporate_park,1257400,393,0,2826000,1662200,0
2023-05-01,ATM004,rural_branch,568000,177,0,1240000,672000,0
2023-05-01,ATM005,transit_hub,1387600,434,0,3290000,1902400,0
2023-05-02,ATM001,metro_retail,1169000,365,0,3267000,2370500,0
2023-05-02,ATM002,urban_residential,725300,227,0,0,498600,0
2023-05-02,ATM003,corporate_park,873600,273,0,0,788600,0
2023-05-02,ATM004,rural_branch,372900,117,0,0,299100,0
2023-05-02,ATM005,transit_hub,975000,305,0,0,927400,0
2023-05-03,ATM001,metro_retail,958700,300,0,0,1411800,0
2023-05-03,ATM002,urban_residential,528300,165,0,1621000,1591300,0
2023-05-03,ATM003,corporate_park,774700,242,0,2131000,2144900,0
2023-05-03,ATM004,rural_branch,396000,124,0,941000,844100,0
2023-05-03,ATM005,transit_hub,799900,250,0,2363000,2490500,0
2023-05-04,ATM001,metro_retail,809100,253,0,0,602700,0
2023-05-04,ATM002,urban_residential,465600,145,0,0,1125800,0
2023-05-04,ATM003,corporate_park,689300,215,0,0,1455600,0
2023-05-04,ATM004,rural_branch,342300,107,0,0,501900,0
2023-05-04,ATM005,transit_hub,739800,231,0,0,1750600,0
2023-05-05,ATM001,metro_retail,1393500,435,0,2937000,2146300,0
2023-05-05,ATM002,urban_residential,763800,239,0,0,362000,0
2023-05-05,ATM003,corporate_park,980100,306,0,0,475500,0
2023-05-05,ATM004,rural_branch,464100,145,0,0,37800,0
2023-05-05,ATM005,transit_hub,1056400,330,0,0,694300,0
2023-05-06,ATM001,metro_retail,1627200,509,0,0,519000,0
2023-05-06,ATM002,urban_residential,874600,273,0,1758000,1245400,0
2023-05-06,ATM003,corporate_park,1137300,355,0,2445000,1783200,0
2023-05-06,ATM004,rural_branch,676500,211,0,1202000,563300,0
2023-05-06,ATM005,transit_hub,1743400,545,0,2596000,1546800,0
2023-05-07,ATM001,metro_retail,1523200,476,0,3021000,2016800,0
2023-05-07,ATM002,urban_residential,814700,255,0,0,430700,0
2023-05-07,ATM003,corporate_park,1069000,334,0,0,714100,0
2023-05-07,ATM004,rural_branch,563300,176,0,0,0,1
2023-05-07,ATM005,transit_hub,1131800,354,0,0,415000,0
2023-05-08,ATM001,metro_retail,1116700,349,0,0,900100,0
2023-05-08,ATM002,urban_residential,598000,187,0,1689000,1521800,0
2023-05-08,ATM003,corporate_park,874800,273,0,2206000,2045300,0
2023-05-08,ATM004,rural_branch,468200,146,0,1240000,771800,0
2023-05-08,ATM005,transit_hub,1080000,337,0,2875000,2210000,0
2023-05-09,ATM001,metro_retail,795400,249,0,2640000,2744700,0
2023-05-09,ATM002,urban_residential,459500,144,0,0,1062300,0
2023-05-09,ATM003,corporate_park,628500,196,0,0,1416800,0
2023-05-09,ATM004,rural_branch,313000,98,0,0,458700,0
2023-05-09,ATM005,transit_hub,755600,236,0,0,1454500,0
2023-05-10,ATM001,metro_retail,768800,240,0,0,1975900,0
2023-05-10,ATM002,urban_residential,491000,153,0,0,571300,0
2023-05-10,ATM003,corporate_park,605600,189,0,0,811200,0
2023-05-10,ATM004,rural_branch,310500,97,0,0,148200,0
2023-05-10,ATM005,transit_hub,773500,242,0,0,680900,0
2023-05-11,ATM001,metro_retail,820400,256,0,0,1155500,0
2023-05-11,ATM002,urban_residential,543300,170,0,1549000,1577000,0
2023-05-11,ATM003,corporate_park,629500,197,0,2109000,2290700,0
2023-05-11,ATM004,rural_branch,355900,111,0,1092000,884400,0
2023-05-11,ATM005,transit_hub,1009600,315,0,2609000,2280300,0
2023-05-12,ATM001,metro_retail,1304300,408,0,2384000,2235300,0
2023-05-12,ATM002,urban_residential,634800,198,0,0,942200,0
2023-05-12,ATM003,corporate_park,924700,289,0,0,1366000,0
2023-05-12,ATM004,rural_branch,517500,162,0,0,366800,0
2023-05-12,ATM005,transit_hub,1141400,357,0,0,1139000,0
2023-05-13,ATM001,metro_retail,1656800,518,0,0,578500,0
2023-05-13,ATM002,urban_residential,897900,281,0,0,44200,0
2023-05-13,ATM003,corporate_park,1294900,405,0,0,71100,0
2023-05-13,ATM004,rural_branch,576000,180,0,873000,663900,0
2023-05-13,ATM005,transit_hub,1407600,440,0,2151000,1882400,0
2023-05-14,ATM001,metro_retail,1406800,440,0,2962000,2133700,0
2023-05-14,ATM002,urban_residential,799100,250,0,2076000,1321200,0
2023-05-14,ATM003,corporate_park,998400,312,0,2849000,1921600,0
2023-05-14,ATM004,rural_branch,626400,196,0,0,37500,0
2023-05-14,ATM005,transit_hub,1299500,406,0,0,582900,0
2023-05-15,ATM001,metro_retail,1234000,386,0,0,899700,0
2023-05-15,ATM002,urban_residential,687000,215,0,0,634200,0
2023-05-15,ATM003,corporate_park,846300,264,0,0,1075300,0
2023-05-15,ATM004,rural_branch,449100,140,0,1203000,791400,0
2023-05-15,ATM005,transit_hub,1063300,332,0,2707000,2226500,0
2023-05-16,ATM001,metro_retail,823400,257,0,2640000,2716200,0
2023-05-16,ATM002,urban_residential,514100,161,0,1486000,1606000,0
2023-05-16,ATM003,corporate_park,657400,205,0,0,417900,0
2023-05-16,ATM004,rural_branch,315400,99,0,0,476000,0
2023-05-16,ATM005,transit_hub,830200,259,0,0,1396300,0
2023-05-17,ATM001,metro_retail,823100,257,0,0,1893100,0
2023-05-17,ATM002,urban_residential,477200,149,0,0,1128800,0
2023-05-17,ATM003,corporate_park,588300,184,0,2502000,2331700,0
2023-05-17,ATM004,rural_branch,321500,100,0,0,154500,0
2023-05-17,ATM005,transit_hub,733700,229,0,0,662600,0
2023-05-18,ATM001,metro_retail,917400,287,0,0,975800,0
2023-05-18,ATM002,urban_residential,482900,151,0,0,646000,0
2023-05-18,ATM003,corporate_park,675100,211,0,0,1656600,0
2023-05-18,ATM004,rural_branch,300100,94,0,1085000,939400,0
2023-05-18,ATM005,transit_hub,793200,248,0,2627000,2496500,0
2023-05-19,ATM001,metro_retail,1172200,366,0,2564000,2367600,0
2023-05-19,ATM002,urban_residential,656800,205,0,1474000,1463100,0
2023-05-19,ATM003,corporate_park,936400,293,0,0,720200,0
2023-05-19,ATM004,rural_branch,391600,122,0,0,547900,0
2023-05-19,ATM005,transit_hub,1081600,338,0,0,1414900,0
2023-05-20,ATM001,metro_retail,1609600,503,0,0,758000,0
2023-05-20,ATM002,urban_residential,807200,252,0,0,655900,0
2023-05-20,ATM003,corporate_park,1253400,392,0,2200000,1666800,0
2023-05-20,ATM004,rural_branch,547900,171,0,0,0,1
2023-05-20,ATM005,transit_hub,1265300,395,0,0,149600,0
2023-05-21,ATM001,metro_retail,1437300,449,0,2782000,2102700,0
2023-05-21,ATM002,urban_residential,778500,243,0,1464000,1341500,0
2023-05-21,ATM003,corporate_park,1059500,331,0,0,607300,0
2023-05-21,ATM004,rural_branch,577900,181,0,1240000,662100,0
2023-05-21,ATM005,transit_hub,1148600,359,0,3140000,2140900,0
2023-05-22,ATM001,metro_retail,1068900,334,0,0,1033800,0
2023-05-22,ATM002,urban_residential,622100,194,0,0,719400,0
2023-05-22,ATM003,corporate_park,719700,225,0,2313000,2200500,0
2023-05-22,ATM004,rural_branch,368500,115,0,0,293600,0
2023-05-22,ATM005,transit_hub,1117600,349,0,0,1023400,0
2023-05-23,ATM001,metro_retail,962400,301,0,2506000,2577400,0
2023-05-23,ATM002,urban_residential,517800,162,0,1401000,1602600,0
2023-05-23,ATM003,corporate_park,689700,216,0,0,1510800,0
2023-05-23,ATM004,rural_branch,320100,100,0,946000,919500,0
2023-05-23,ATM005,transit_hub,802500,251,0,2267000,2487800,0
2023-05-24,ATM001,metro_retail,894200,279,0,0,1683200,0
2023-05-24,ATM002,urban_residential,461300,144,0,0,1141300,0
2023-05-24,ATM003,corporate_park,653900,204,0,0,856900,0
2023-05-24,ATM004,rural_branch,327900,102,0,0,591600,0
2023-05-24,ATM005,transit_hub,720900,225,0,0,1766900,0
2023-05-25,ATM001,metro_retail,868200,271,0,0,815000,0
2023-05-25,ATM002,urban_residential,592200,185,0,0,549100,0
2023-05-25,ATM003,corporate_park,528600,165,0,2063000,2391300,0
2023-05-25,ATM004,rural_branch,311800,97,0,0,279800,0
2023-05-25,ATM005,transit_hub,781600,244,0,0,985300,0
2023-05-26,ATM001,metro_retail,1228500,384,0,2725000,2311500,0
2023-05-26,ATM002,urban_residential,706800,221,0,1571000,1413300,0
2023-05-26,ATM003,corporate_park,884200,276,0,0,1507100,0
2023-05-26,ATM004,rural_branch,533600,167,0,960000,706200,0
2023-05-26,ATM005,transit_hub,1046800,327,0,2305000,2243500,0
2023-05-27,ATM001,metro_retail,1683400,526,0,0,628100,0
2023-05-27,ATM002,urban_residential,887400,277,0,0,525900,0
2023-05-27,ATM003,corporate_park,1102900,345,0,0,404200,0
2023-05-27,ATM004,rural_branch,568500,178,0,0,137700,0
2023-05-27,ATM005,transit_hub,1413000,442,0,0,830500,0
2023-05-28,ATM001,metro_retail,1400800,438,0,2912000,2139300,0
2023-05-28,ATM002,urban_residential,821200,257,0,1594000,1298700,0
2023-05-28,ATM003,corporate_park,995400,311,0,2516000,1924800,0
2023-05-28,ATM004,rural_branch,574600,180,0,1102000,665100,0
2023-05-28,ATM005,transit_hub,1365900,427,0,2459000,1923600,0
2023-05-29,ATM001,metro_retail,1378600,431,0,0,760700,0
2023-05-29,ATM002,urban_residential,755500,236,0,0,543200,0
2023-05-29,ATM003,corporate_park,1170400,366,0,0,754400,0
2023-05-29,ATM004,rural_branch,494100,154,0,0,171000,0
2023-05-29,ATM005,transit_hub,1194400,373,0,0,729200,0
2023-05-30,ATM001,metro_retail,1138400,356,0,2779000,2401300,0
2023-05-30,ATM002,urban_residential,640900,200,0,1577000,1479300,0
2023-05-30,ATM003,corporate_park,726500,227,0,2166000,2193900,0
2023-05-30,ATM004,rural_branch,432500,135,0,1069000,807500,0
2023-05-30,ATM005,transit_hub,1075100,336,0,2561000,2215000,0
2023-05-31,ATM001,metro_retail,1098300,343,0,0,1303000,0
2023-05-31,ATM002,urban_residential,533300,167,0,0,945900,0
2023-05-31,ATM003,corporate_park,739800,231,0,0,1454100,0
2023-05-31,ATM004,rural_branch,468400,146,0,0,339100,0
2023-05-31,ATM005,transit_hub,934700,292,0,0,1280300,0
2023-06-01,ATM001,metro_retail,1303000,407,0,0,0,1
2023-06-01,ATM002,urban_residential,765800,239,0,0,180200,0
2023-06-01,ATM003,corporate_park,1020400,319,0,0,433600,0
2023-06-01,ATM004,rural_branch,498600,156,0,901000,741500,0
2023-06-01,ATM005,transit_hub,1075100,336,0,0,205200,0
2023-06-02,ATM001,metro_retail,1787900,559,0,3540000,1752100,0
2023-06-02,ATM002,urban_residential,964600,301,0,1940000,1155500,0
2023-06-02,ATM003,corporate_park,1360200,425,0,2486000,1559400,0
2023-06-02,ATM004,rural_branch,595300,186,0,0,146200,0
2023-06-02,ATM005,transit_hub,1573400,492,0,3085000,1716900,0
2023-06-03,ATM001,metro_retail,1752100,548,0,0,0,1
2023-06-03,ATM002,urban_residential,1155500,361,0,0,0,1
2023-06-03,ATM003,corporate_park,1408300,440,0,0,151100,0
2023-06-03,ATM004,rural_branch,764600,239,0,1094000,475700,0
2023-06-03,ATM005,transit_hub,1716900,537,0,0,0,1
2023-06-04,ATM001,metro_retail,1405200,439,0,3540000,2134800,0
2023-06-04,ATM002,urban_residential,809000,253,0,2120000,1311000,0
2023-06-04,ATM003,corporate_park,1141500,357,0,2769000,1778600,0
2023-06-04,ATM004,rural_branch,475700,149,0,0,0,1
2023-06-04,ATM005,transit_hub,1458700,456,0,3290000,1831300,0
2023-06-05,ATM001,metro_retail,1075700,336,0,0,1059100,0
2023-06-05,ATM002,urban_residential,569400,178,0,0,741500,0
2023-06-05,ATM003,corporate_park,768300,240,0,0,1010300,0
2023-06-05,ATM004,rural_branch,388400,121,0,1240000,851600,0
2023-06-05,ATM005,transit_hub,923300,289,0,0,908000,0
2023-06-06,ATM001,metro_retail,823600,257,0,2481000,2716500,0
2023-06-06,ATM002,urban_residential,456600,143,0,0,284900,0
2023-06-06,ATM003,corporate_park,763000,238,0,1910000,2157300,0
2023-06-06,ATM004,rural_branch,304400,95,0,0,547100,0
2023-06-06,ATM005,transit_hub,904400,283,0,2382000,2385500,0
2023-06-07,ATM001,metro_retail,949400,297,0,0,1767200,0
2023-06-07,ATM002,urban_residential,582400,182,0,1835000,1537600,0
2023-06-07,ATM003,corporate_park,757100,237,0,0,1400200,0
2023-06-07,ATM004,rural_branch,405400,127,0,0,141700,0
2023-06-07,ATM005,transit_hub,1042700,326,0,0,1342800,0
2023-06-08,ATM001,metro_retail,835900,261,0,0,931200,0
2023-06-08,ATM002,urban_residential,521900,163,0,0,1015700,0
2023-06-08,ATM003,corporate_park,651200,203,0,0,749000,0
2023-06-08,ATM004,rural_branch,377700,118,0,1098000,862000,0
2023-06-08,ATM005,transit_hub,785500,245,0,0,557300,0
2023-06-09,ATM001,metro_retail,1214100,379,0,2609000,2326100,0
2023-06-09,ATM002,urban_residential,682700,213,0,0,333000,0
2023-06-09,ATM003,corporate_park,848700,265,0,2171000,2071300,0
2023-06-09,ATM004,rural_branch,434000,136,0,0,428000,0
2023-06-09,ATM005,transit_hub,1090500,341,0,2733000,2199800,0
2023-06-10,ATM001,metro_retail,1575300,492,0,0,750800,0
2023-06-10,ATM002,urban_residential,947100,296,0,1787000,1172900,0
2023-06-10,ATM003,corporate_park,1386300,433,0,0,685000,0
2023-06-10,ATM004,rural_branch,525200,164,0,812000,714800,0
2023-06-10,ATM005,transit_hub,1481700,463,0,0,718100,0
2023-06-11,ATM001,metro_retail,1459100,456,0,2789000,2080800,0
2023-06-11,ATM002,urban_residential,824200,258,0,0,348700,0
2023-06-11,ATM003,corporate_park,963600,301,0,2235000,1956400,0
2023-06-11,ATM004,rural_branch,459100,143,0,0,255800,0
2023-06-11,ATM005,transit_hub,1282200,401,0,2572000,2007900,0
2023-06-12,ATM001,metro_retail,1137000,355,0,0,943800,0
2023-06-12,ATM002,urban_residential,714400,223,0,1771000,1405300,0
2023-06-12,ATM003,corporate_park,779800,244,0,0,1176600,0
2023-06-12,ATM004,rural_branch,363200,114,0,984000,876500,0
2023-06-12,ATM005,transit_hub,975000,305,0,0,1033000,0
2023-06-13,ATM001,metro_retail,840100,263,0,2596000,2699700,0
2023-06-13,ATM002,urban_residential,526000,164,0,0,879300,0
2023-06-13,ATM003,corporate_park,575000,180,0,0,601600,0
2023-06-13,ATM004,rural_branch,308300,96,0,0,568200,0
2023-06-13,ATM005,transit_hub,706900,221,0,2257000,2583000,0
2023-06-14,ATM001,metro_retail,804600,251,0,0,1895100,0
2023-06-14,ATM002,urban_residential,488700,153,0,0,390600,0
2023-06-14,ATM003,corporate_park,701000,219,0,2318000,2218600,0
2023-06-14,ATM004,rural_branch,307200,96,0,0,261000,0
2023-06-14,ATM005,transit_hub,603600,189,0,0,1979500,0
2023-06-15,ATM001,metro_retail,1036700,324,0,0,858400,0
2023-06-15,ATM002,urban_residential,537900,168,0,1729000,1581700,0
2023-06-15,ATM003,corporate_park,814100,254,0,0,1404500,0
2023-06-15,ATM004,rural_branch,315100,98,0,979000,925000,0
2023-06-15,ATM005,transit_hub,970300,303,0,0,1009200,0
2023-06-16,ATM001,metro_retail,1279400,400,0,2682000,2261000,0
2023-06-16,ATM002,urban_residential,807200,252,0,0,774500,0
2023-06-16,ATM003,corporate_park,1062900,332,0,0,341600,0
2023-06-16,ATM004,rural_branch,471700,147,0,0,453300,0
2023-06-16,ATM005,transit_hub,1251200,391,0,2281000,2038900,0
2023-06-17,ATM001,metro_retail,1775500,555,0,0,485500,0
2023-06-17,ATM002,urban_residential,774500,242,0,0,0,1
2023-06-17,ATM003,corporate_park,1530800,478,0,2578000,1388700,0
2023-06-17,ATM004,rural_branch,448900,140,0,0,4400,0
2023-06-17,ATM005,transit_hub,1552000,485,0,0,486900,0
2023-06-18,ATM001,metro_retail,1209800,378,0,3055000,2330700,0
2023-06-18,ATM002,urban_residential,754300,236,0,2120000,1365700,0
2023-06-18,ATM003,corporate_park,1245100,389,0,0,143600,0
2023-06-18,ATM004,rural_branch,530100,166,0,1236000,710200,0
2023-06-18,ATM005,transit_hub,1181900,369,0,2803000,2108000,0
2023-06-19,ATM001,metro_retail,1022100,319,0,0,1308600,0
2023-06-19,ATM002,urban_residential,572600,179,0,0,793100,0
2023-06-19,ATM003,corporate_park,801200,250,0,2776000,2118400,0
2023-06-19,ATM004,rural_branch,477600,149,0,0,232600,0
2023-06-19,ATM005,transit_hub,1037400,324,0,0,1070600,0
2023-06-20,ATM001,metro_retail,829900,259,0,0,478700,0
2023-06-20,ATM002,urban_residential,458500,143,0,0,334600,0
2023-06-20,ATM003,corporate_park,687900,215,0,0,1430500,0
2023-06-20,ATM004,rural_branch,281300,88,0,1007000,958300,0
2023-06-20,ATM005,transit_hub,795700,249,0,2219000,2493900,0
2023-06-21,ATM001,metro_retail,994600,311,0,3061000,2545000,0
2023-06-21,ATM002,urban_residential,463300,145,0,1785000,1656300,0
2023-06-21,ATM003,corporate_park,671900,210,0,0,758600,0
2023-06-21,ATM004,rural_branch,232400,73,0,0,725900,0
2023-06-21,ATM005,transit_hub,680300,213,0,0,1813600,0
2023-06-22,ATM001,metro_retail,878200,274,0,0,1666800,0
2023-06-22,ATM002,urban_residential,532800,167,0,0,1123500,0
2023-06-22,ATM003,corporate_park,734700,230,0,2161000,2184900,0
2023-06-22,ATM004,rural_branch,335000,105,0,0,390900,0
2023-06-22,ATM005,transit_hub,768200,240,0,0,1045400,0
2023-06-23,ATM001,metro_retail,1222700,382,0,0,444100,0
2023-06-23,ATM002,urban_residential,760100,238,0,0,363400,0
2023-06-23,ATM003,corporate_park,935700,292,0,0,1249200,0
2023-06-23,ATM004,rural_branch,499000,156,0,849000,740900,0
2023-06-23,ATM005,transit_hub,1160600,363,0,2245000,2129800,0
2023-06-24,ATM001,metro_retail,1512700,473,0,3096000,2027400,0
2023-06-24,ATM002,urban_residential,998400,312,0,1757000,1122000,0
2023-06-24,ATM003,corporate_park,1249200,390,0,0,0,1
2023-06-24,ATM004,rural_branch,577000,180,0,0,164000,0
2023-06-24,ATM005,transit_hub,1324700,414,0,0,805100,0
2023-06-25,ATM001,metro_retail,1380900,432,0,0,646500,0
2023-06-25,ATM002,urban_residential,811000,253,0,0,311000,0
2023-06-25,ATM003,corporate_park,1058100,331,0,2920000,1861900,0
2023-06-25,ATM004,rural_branch,535700,167,0,1076000,704300,0
2023-06-25,ATM005,transit_hub,1269200,397,0,2485000,2020900,0
2023-06-26,ATM001,metro_retail,1113800,348,0,2894000,2426700,0
2023-06-26,ATM002,urban_residential,661500,207,0,1809000,1458400,0
2023-06-26,ATM003,corporate_park,854200,267,0,0,1007700,0
2023-06-26,ATM004,rural_branch,463400,145,0,0,240800,0
2023-06-26,ATM005,transit_hub,924900,289,0,0,1096100,0
2023-06-27,ATM001,metro_retail,854100,267,0,0,1572600,0
2023-06-27,ATM002,urban_residential,571000,178,0,0,887400,0
2023-06-27,ATM003,corporate_park,606600,190,0,1912000,2313100,0
2023-06-27,ATM004,rural_branch,376700,118,0,999000,863100,0
2023-06-27,ATM005,transit_hub,793900,248,0,2194000,2496200,0
2023-06-28,ATM001,metro_retail,1045000,327,0,0,527600,0
2023-06-28,ATM002,urban_residential,659000,206,0,0,228400,0
2023-06-28,ATM003,corporate_park,967400,302,0,0,1345700,0
2023-06-28,ATM004,rural_branch,428500,134,0,0,434600,0
2023-06-28,ATM005,transit_hub,1027000,321,0,0,1469100,0
2023-06-29,ATM001,metro_retail,1123400,351,0,3012000,2416200,0
2023-06-29,ATM002,urban_residential,735100,230,0,1892000,1385300,0
2023-06-29,ATM003,corporate_park,780900,244,0,0,564800,0
2023-06-29,ATM004,rural_branch,379100,118,0,0,55600,0
2023-06-29,ATM005,transit_hub,1155900,361,0,0,313200,0
2023-06-30,ATM001,metro_retail,1725700,539,0,0,690500,0
2023-06-30,ATM002,urban_residential,834700,261,0,0,550600,0
2023-06-30,ATM003,corporate_park,1329700,416,0,2355000,1590100,0
2023-06-30,ATM004,rural_branch,616000,193,0,1184000,623500,0
2023-06-30,ATM005,transit_hub,1287800,402,0,2977000,2002400,0
2023-07-01,ATM001,metro_retail,2322000,726,0,2850000,1218500,0
2023-07-01,ATM002,urban_residential,1269100,397,0,1569000,850500,0
2023-07-01,ATM003,corporate_park,1590100,497,0,0,0,1
2023-07-01,ATM004,rural_branch,623500,195,0,0,0,1
2023-07-01,ATM005,transit_hub,1977900,618,0,0,24500,0
2023-07-02,ATM001,metro_retail,1985100,620,0,2321000,1554400,0
2023-07-02,ATM002,urban_residential,850500,266,0,0,0,1
2023-07-02,ATM003,corporate_park,1343600,420,0,2920000,1576400,0
2023-07-02,ATM004,rural_branch,706800,221,0,1240000,533200,0
2023-07-02,ATM005,transit_hub,1739000,543,0,3265000,1550500,0
2023-07-03,ATM001,metro_retail,1290000,403,0,0,264400,0
2023-07-03,ATM002,urban_residential,647400,202,0,2120000,1472600,0
2023-07-03,ATM003,corporate_park,1082300,338,0,0,494100,0
2023-07-03,ATM004,rural_branch,497800,156,0,0,35400,0
2023-07-03,ATM005,transit_hub,1365400,427,0,0,185200,0
2023-07-04,ATM001,metro_retail,828100,259,0,3276000,2712300,0
2023-07-04,ATM002,urban_residential,490400,153,0,0,982200,0
2023-07-04,ATM003,corporate_park,634100,198,0,2426000,2286000,0
2023-07-04,ATM004,rural_branch,301000,94,0,1205000,939500,0
2023-07-04,ATM005,transit_hub,713100,223,0,3105000,2577000,0
2023-07-05,ATM001,metro_retail,910700,285,0,0,1801600,0
2023-07-05,ATM002,urban_residential,524800,164,0,0,457400,0
2023-07-05,ATM003,corporate_park,693800,217,0,0,1592200,0
2023-07-05,ATM004,rural_branch,362400,113,0,0,577100,0
2023-07-05,ATM005,transit_hub,799300,250,0,0,1777700,0
2023-07-06,ATM001,metro_retail,846600,265,0,0,955100,0
2023-07-06,ATM002,urban_residential,487300,152,0,1663000,1633100,0
2023-07-06,ATM003,corporate_park,746500,233,0,0,845800,0
2023-07-06,ATM004,rural_branch,323000,101,0,0,254000,0
2023-07-06,ATM005,transit_hub,694100,217,0,0,1083600,0
2023-07-07,ATM001,metro_retail,1319200,412,0,2585000,2220800,0
2023-07-07,ATM002,urban_residential,796500,249,0,0,836600,0
2023-07-07,ATM003,corporate_park,926900,290,0,2074000,1992800,0
2023-07-07,ATM004,rural_branch,442600,138,0,986000,797400,0
2023-07-07,ATM005,transit_hub,1473700,461,0,2206000,1815900,0
2023-07-08,ATM001,metro_retail,1622600,507,0,0,598200,0
2023-07-08,ATM002,urban_residential,836600,261,0,0,0,1
2023-07-08,ATM003,corporate_park,1126900,352,0,0,866000,0
2023-07-08,ATM004,rural_branch,626200,196,0,0,171200,0
2023-07-08,ATM005,transit_hub,1310800,410,0,0,505000,0
2023-07-09,ATM001,metro_retail,1317200,412,0,2942000,2223000,0
2023-07-09,ATM002,urban_residential,776500,243,0,2120000,1343500,0
2023-07-09,ATM003,corporate_park,983400,307,0,2054000,1936600,0
2023-07-09,ATM004,rural_branch,562500,176,0,1069000,677800,0
2023-07-09,ATM005,transit_hub,1214700,380,0,2785000,2075400,0
2023-07-10,ATM001,metro_retail,1168100,365,0,0,1054900,0
2023-07-10,ATM002,urban_residential,637800,199,0,0,705600,0
2023-07-10,ATM003,corporate_park,761100,238,0,0,1175500,0
2023-07-10,ATM004,rural_branch,410700,128,0,0,267100,0
2023-07-10,ATM005,transit_hub,1066800,333,0,0,1008600,0
2023-07-11,ATM001,metro_retail,812300,254,0,2485000,2727500,0
2023-07-11,ATM002,urban_residential,449100,140,0,1414000,1670500,0
2023-07-11,ATM003,corporate_park,674600,211,0,0,500900,0
2023-07-11,ATM004,rural_branch,295300,92,0,973000,944800,0
2023-07-11,ATM005,transit_hub,825200,258,0,2281000,2464300,0
2023-07-12,ATM001,metro_retail,914300,286,0,0,1813200,0
2023-07-12,ATM002,urban_residential,517300,162,0,0,1153300,0
2023-07-12,ATM003,corporate_park,675800,211,0,2419000,2244100,0
2023-07-12,ATM004,rural_branch,298200,93,0,0,646500,0
2023-07-12,ATM005,transit_hub,746300,233,0,0,1718000,0
2023-07-13,ATM001,metro_retail,861400,269,0,0,951800,0
2023-07-13,ATM002,urban_residential,442700,138,0,0,710600,0
2023-07-13,ATM003,corporate_park,736000,230,0,0,1508100,0
2023-07-13,ATM004,rural_branch,312000,98,0,0,334500,0
2023-07-13,ATM005,transit_hub,773400,242,0,0,944600,0
2023-07-14,ATM001,metro_retail,1248300,390,0,2588000,2291500,0
2023-07-14,ATM002,urban_residential,731200,228,0,1409000,1388400,0
2023-07-14,ATM003,corporate_park,954600,298,0,0,553500,0
2023-07-14,ATM004,rural_branch,444300,139,0,906000,796100,0
2023-07-14,ATM005,transit_hub,1107800,346,0,2345000,2181800,0
2023-07-15,ATM001,metro_retail,1928900,603,0,0,362600,0
2023-07-15,ATM002,urban_residential,981500,307,0,0,406900,0
2023-07-15,ATM003,corporate_park,1084000,339,0,2366000,1835600,0
2023-07-15,ATM004,rural_branch,619100,193,0,0,177000,0
2023-07-15,ATM005,transit_hub,1287800,402,0,0,894000,0
2023-07-16,ATM001,metro_retail,1320300,413,0,3177000,2219300,0
2023-07-16,ATM002,urban_residential,892800,279,0,1713000,1227100,0
2023-07-16,ATM003,corporate_park,1177400,368,0,0,658100,0
2023-07-16,ATM004,rural_branch,514500,161,0,1063000,725500,0
2023-07-16,ATM005,transit_hub,1470500,460,0,2396000,1819500,0
2023-07-17,ATM001,metro_retail,1067700,334,0,0,1151600,0
2023-07-17,ATM002,urban_residential,660000,206,0,0,567100,0
2023-07-17,ATM003,corporate_park,783800,245,0,2262000,2136400,0
2023-07-17,ATM004,rural_branch,357300,112,0,0,368200,0
2023-07-17,ATM005,transit_hub,982100,307,0,0,837400,0
2023-07-18,ATM001,metro_retail,911600,285,0,2388000,2628000,0
2023-07-18,ATM002,urban_residential,422400,132,0,1553000,1697700,0
2023-07-18,ATM003,corporate_park,684800,214,0,0,1451600,0
2023-07-18,ATM004,rural_branch,327600,102,0,872000,912600,0
2023-07-18,ATM005,transit_hub,754000,236,0,2453000,2536500,0
2023-07-19,ATM001,metro_retail,876000,274,0,0,1752000,0
2023-07-19,ATM002,urban_residential,402500,126,0,0,1295200,0
2023-07-19,ATM003,corporate_park,657700,206,0,0,793900,0
2023-07-19,ATM004,rural_branch,288400,90,0,0,624100,0
2023-07-19,ATM005,transit_hub,764600,239,0,0,1771900,0
2023-07-20,ATM001,metro_retail,905600,283,0,0,846400,0
2023-07-20,ATM002,urban_residential,472400,148,0,0,822800,0
2023-07-20,ATM003,corporate_park,617100,193,0,2126000,2302800,0
2023-07-20,ATM004,rural_branch,361900,113,0,0,262300,0
2023-07-20,ATM005,transit_hub,828500,259,0,0,943400,0
2023-07-21,ATM001,metro_retail,1232700,385,0,2694000,2307700,0
2023-07-21,ATM002,urban_residential,690800,216,0,0,132000,0
2023-07-21,ATM003,corporate_park,927200,290,0,0,1375500,0
2023-07-21,ATM004,rural_branch,486200,152,0,978000,754000,0
2023-07-21,ATM005,transit_hub,1114400,348,0,2347000,2176000,0
2023-07-22,ATM001,metro_retail,1738400,543,0,0,569300,0
2023-07-22,ATM002,urban_residential,912100,285,0,1988000,1207900,0
2023-07-22,ATM003,corporate_park,1131900,354,0,0,243700,0
2023-07-22,ATM004,rural_branch,703000,220,0,0,51100,0
2023-07-22,ATM005,transit_hub,1292700,404,0,0,883300,0
2023-07-23,ATM001,metro_retail,1521600,476,0,2971000,2018700,0
2023-07-23,ATM002,urban_residential,806800,252,0,0,401100,0
2023-07-23,ATM003,corporate_park,1113700,348,0,2676000,1805900,0
2023-07-23,ATM004,rural_branch,459600,144,0,1189000,780500,0
2023-07-23,ATM005,transit_hub,1311300,410,0,2407000,1979000,0
2023-07-24,ATM001,metro_retail,1204600,376,0,0,814100,0
2023-07-24,ATM002,urban_residential,656500,205,0,1719000,1463600,0
2023-07-24,ATM003,corporate_park,731000,228,0,0,1074900,0
2023-07-24,ATM004,rural_branch,471900,147,0,0,308500,0
2023-07-24,ATM005,transit_hub,1028900,322,0,0,950200,0
2023-07-25,ATM001,metro_retail,863500,270,0,2726000,2676500,0
2023-07-25,ATM002,urban_residential,444500,139,0,0,1019000,0
2023-07-25,ATM003,corporate_park,652800,204,0,0,422100,0
2023-07-25,ATM004,rural_branch,316400,99,0,931000,923100,0
2023-07-25,ATM005,transit_hub,772700,241,0,2340000,2517500,0
2023-07-26,ATM001,metro_retail,940500,294,0,0,1736000,0
2023-07-26,ATM002,urban_residential,420800,131,0,0,598300,0
2023-07-26,ATM003,corporate_park,675700,211,0,2498000,2244400,0
2023-07-26,ATM004,rural_branch,332300,104,0,0,590800,0
2023-07-26,ATM005,transit_hub,690700,216,0,0,1826700,0
2023-07-27,ATM001,metro_retail,855800,267,0,0,880300,0
2023-07-27,ATM002,urban_residential,516200,161,0,1522000,1604100,0
2023-07-27,ATM003,corporate_park,680600,213,0,0,1563800,0
2023-07-27,ATM004,rural_branch,362900,113,0,0,227900,0
2023-07-27,ATM005,transit_hub,726000,227,0,0,1100800,0
2023-07-28,ATM001,metro_retail,1274900,398,0,2660000,2265400,0
2023-07-28,ATM002,urban_residential,698200,218,0,0,905800,0
2023-07-28,ATM003,corporate_park,1019800,319,0,0,544000,0
2023-07-28,ATM004,rural_branch,516100,161,0,1012000,723900,0
2023-07-28,ATM005,transit_hub,1128900,353,0,2189000,2160900,0
2023-07-29,ATM001,metro_retail,2265400,708,0,0,0,1
2023-07-29,ATM002,urban_residential,905800,283,0,0,0,1
2023-07-29,ATM003,corporate_park,1748200,546,0,2376000,1171800,0
2023-07-29,ATM004,rural_branch,723900,226,0,0,0,1
2023-07-29,ATM005,transit_hub,1962200,613,0,0,198700,0
2023-07-30,ATM001,metro_retail,1682400,526,0,3540000,1857600,0
2023-07-30,ATM002,urban_residential,1001500,313,0,2120000,1118500,0
2023-07-30,ATM003,corporate_park,1171800,366,0,0,0,1
2023-07-30,ATM004,rural_branch,717800,224,0,1240000,522200,0
2023-07-30,ATM005,transit_hub,1544500,483,0,3091000,1745200,0
2023-07-31,ATM001,metro_retail,1476200,461,0,0,381400,0
2023-07-31,ATM002,urban_residential,805000,252,0,0,313500,0
2023-07-31,ATM003,corporate_park,1049900,328,0,2920000,1870100,0
2023-07-31,ATM004,rural_branch,522200,163,0,0,0,1
2023-07-31,ATM005,transit_hub,1456700,455,0,0,288600,0
2023-08-01,ATM001,metro_retail,1268800,397,0,3159000,2271500,0
2023-08-01,ATM002,urban_residential,787700,246,0,1807000,1332700,0
2023-08-01,ATM003,corporate_park,996500,311,0,0,873600,0
2023-08-01,ATM004,rural_branch,500000,156,0,1240000,740000,0
2023-08-01,ATM005,transit_hub,1029000,322,0,3001000,2260600,0
2023-08-02,ATM001,metro_retail,1092800,341,0,0,1178700,0
2023-08-02,ATM002,urban_residential,575600,180,0,0,757100,0
2023-08-02,ATM003,corporate_park,807900,252,0,2046000,2111700,0
2023-08-02,ATM004,rural_branch,386300,121,0,0,353700,0
2023-08-02,ATM005,transit_hub,1046300,327,0,0,1214300,0
2023-08-03,ATM001,metro_retail,1274500,398,0,2361000,2265200,0
2023-08-03,ATM002,urban_residential,582300,182,0,0,174800,0
2023-08-03,ATM003,corporate_park,846800,265,0,0,1264900,0
2023-08-03,ATM004,rural_branch,432800,135,0,886000,807000,0
2023-08-03,ATM005,transit_hub,889300,278,0,0,325000,0
2023-08-04,ATM001,metro_retail,1420500,444,0,0,844800,0
2023-08-04,ATM002,urban_residential,749600,234,0,1945000,1370200,0
2023-08-04,ATM003,corporate_park,1096800,343,0,0,168100,0
2023-08-04,ATM004,rural_branch,547600,171,0,0,259300,0
2023-08-04,ATM005,transit_hub,1170300,366,0,2965000,2119600,0
2023-08-05,ATM001,metro_retail,1829900,572,0,2695000,1709900,0
2023-08-05,ATM002,urban_residential,1033200,323,0,0,337000,0
2023-08-05,ATM003,corporate_park,1445600,452,0,2752000,1474500,0
2023-08-05,ATM004,rural_branch,741300,232,0,981000,499000,0
2023-08-05,ATM005,transit_hub,1233000,385,0,0,886600,0
2023-08-06,ATM001,metro_retail,1629300,509,0,0,80700,0
2023-08-06,ATM002,urban_residential,795000,248,0,1783000,1325000,0
2023-08-06,ATM003,corporate_park,970700,303,0,0,503800,0
2023-08-06,ATM004,rural_branch,499000,156,0,0,0,1
2023-08-06,ATM005,transit_hub,1415100,442,0,2403000,1874500,0
2023-08-07,ATM001,metro_retail,1313600,411,0,3459000,2226000,0
2023-08-07,ATM002,urban_residential,631700,197,0,0,693300,0
2023-08-07,ATM003,corporate_park,1073100,335,0,2416000,1846700,0
2023-08-07,ATM004,rural_branch,523300,164,0,1240000,716700,0
2023-08-07,ATM005,transit_hub,1121000,350,0,0,753500,0
2023-08-08,ATM001,metro_retail,814500,255,0,0,1411500,0
2023-08-08,ATM002,urban_residential,425900,133,0,1427000,1694400,0
2023-08-08,ATM003,corporate_park,660000,206,0,0,1186700,0
2023-08-08,ATM004,rural_branch,338400,106,0,0,378300,0
2023-08-08,ATM005,transit_hub,732700,229,0,2536000,2556800,0
2023-08-09,ATM001,metro_retail,1000100,313,0,0,411400,0
2023-08-09,ATM002,urban_residential,486900,152,0,0,1207500,0
2023-08-09,ATM003,corporate_park,615600,192,0,0,571100,0
2023-08-09,ATM004,rural_branch,348200,109,0,862000,892200,0
2023-08-09,ATM005,transit_hub,908600,284,0,0,1648200,0
2023-08-10,ATM001,metro_retail,891900,279,0,3129000,2648500,0
2023-08-10,ATM002,urban_residential,465500,145,0,0,742000,0
2023-08-10,ATM003,corporate_park,717800,224,0,2349000,2202300,0
2023-08-10,ATM004,rural_branch,404500,126,0,0,487700,0
2023-08-10,ATM005,transit_hub,842100,263,0,0,806100,0
2023-08-11,ATM001,metro_retail,1309400,409,0,0,1339200,0
2023-08-11,ATM002,urban_residential,742000,232,0,0,0,1
2023-08-11,ATM003,corporate_park,823400,257,0,0,1378900,0
2023-08-11,ATM004,rural_branch,467700,146,0,0,20000,0
2023-08-11,ATM005,transit_hub,1142000,357,0,2484000,2148000,0
2023-08-12,ATM001,metro_retail,1339200,418,0,0,0,1
2023-08-12,ATM002,urban_residential,1091700,341,0,2120000,1028300,0
2023-08-12,ATM003,corporate_park,1230900,385,0,0,148000,0
2023-08-12,ATM004,rural_branch,518300,162,0,1220000,721700,0
2023-08-12,ATM005,transit_hub,1297500,405,0,0,850500,0
2023-08-13,ATM001,metro_retail,1449100,453,0,3540000,2090900,0
2023-08-13,ATM002,urban_residential,820100,256,0,0,208300,0
2023-08-13,ATM003,corporate_park,1234100,386,0,2772000,1685900,0
2023-08-13,ATM004,rural_branch,520300,163,0,0,201500,0
2023-08-13,ATM005,transit_hub,1252500,391,0,2439000,2037100,0
2023-08-14,ATM001,metro_retail,1113600,348,0,0,977300,0
2023-08-14,ATM002,urban_residential,649600,203,0,1912000,1470700,0
2023-08-14,ATM003,corporate_park,919500,287,0,0,766400,0
2023-08-14,ATM004,rural_branch,419400,131,0,1039000,821000,0
2023-08-14,ATM005,transit_hub,989100,309,0,0,1047900,0
2023-08-15,ATM001,metro_retail,996500,311,1,2563000,2543700,0
2023-08-15,ATM002,urban_residential,588500,184,1,0,882200,0
2023-08-15,ATM003,corporate_park,919700,287,1,2154000,2000700,0
2023-08-15,ATM004,rural_branch,358300,112,1,0,462700,0
2023-08-15,ATM005,transit_hub,900900,282,1,2242000,2389000,0
2023-08-16,ATM001,metro_retail,844200,264,0,0,1699500,0
2023-08-16,ATM002,urban_residential,518300,162,0,0,363900,0
2023-08-16,ATM003,corporate_park,756800,236,0,0,1244000,0
2023-08-16,ATM004,rural_branch,278400,87,0,0,184300,0
2023-08-16,ATM005,transit_hub,768500,240,0,0,1620500,0
2023-08-17,ATM001,metro_retail,873500,273,0,0,826000,0
2023-08-17,ATM002,urban_residential,508400,159,0,1756000,1611500,0
2023-08-17,ATM003,corporate_park,572600,179,0,0,671400,0
2023-08-17,ATM004,rural_branch,317500,99,0,1056000,922900,0
2023-08-17,ATM005,transit_hub,1020600,319,0,0,599900,0
2023-08-18,ATM001,metro_retail,1188000,371,0,2714000,2352000,0
2023-08-18,ATM002,urban_residential,721100,225,0,0,890400,0
2023-08-18,ATM003,corporate_park,1003800,314,0,2249000,1916600,0
2023-08-18,ATM004,rural_branch,416400,130,0,0,506500,0
2023-08-18,ATM005,transit_hub,1236100,386,0,2690000,2053800,0
2023-08-19,ATM001,metro_retail,1509100,472,0,0,842900,0
2023-08-19,ATM002,urban_residential,890400,278,0,0,0,1
2023-08-19,ATM003,corporate_park,1208700,378,0,0,707800,0
2023-08-19,ATM004,rural_branch,506500,158,0,0,0,1
2023-08-19,ATM005,transit_hub,1538500,481,0,0,515300,0
2023-08-20,ATM001,metro_retail,1367800,427,0,2697000,2172200,0
2023-08-20,ATM002,urban_residential,844000,264,0,2120000,1276000,0
2023-08-20,ATM003,corporate_park,1168400,365,0,2212000,1751400,0
2023-08-20,ATM004,rural_branch,628500,196,0,1240000,611500,0
2023-08-20,ATM005,transit_hub,1159500,362,0,2775000,2130800,0
2023-08-21,ATM001,metro_retail,1156400,361,0,0,1015800,0
2023-08-21,ATM002,urban_residential,729500,228,0,0,546500,0
2023-08-21,ATM003,corporate_park,799500,250,0,0,951900,0
2023-08-21,ATM004,rural_branch,441100,138,0,0,170400,0
2023-08-21,ATM005,transit_hub,993600,310,0,0,1137300,0
2023-08-22,ATM001,metro_retail,870200,272,0,2524000,2669600,0
2023-08-22,ATM002,urban_residential,437700,137,0,1574000,1682800,0
2023-08-22,ATM003,corporate_park,617800,193,0,1968000,2302100,0
2023-08-22,ATM004,rural_branch,280100,88,0,1070000,960200,0
2023-08-22,ATM005,transit_hub,807700,252,0,2153000,2482600,0
2023-08-23,ATM001,metro_retail,859300,269,0,0,1810300,0
2023-08-23,ATM002,urban_residential,460600,144,0,0,1222200,0
2023-08-23,ATM003,corporate_park,657200,205,0,0,1644900,0
2023-08-23,ATM004,rural_branch,320900,100,0,0,639300,0
2023-08-23,ATM005,transit_hub,652700,204,0,0,1829900,0
2023-08-24,ATM001,metro_retail,924300,289,0,0,886000,0
2023-08-24,ATM002,urban_residential,477700,149,0,0,744500,0
2023-08-24,ATM003,corporate_park,789300,247,0,0,855600,0
2023-08-24,ATM004,rural_branch,306500,96,0,0,332800,0
2023-08-24,ATM005,transit_hub,806400,252,0,0,1023500,0
2023-08-25,ATM001,metro_retail,1363900,426,0,2654000,2176100,0
2023-08-25,ATM002,urban_residential,744500,233,0,0,0,1
2023-08-25,ATM003,corporate_park,938800,293,0,2064000,1980800,0
2023-08-25,ATM004,rural_branch,485000,152,0,907000,754800,0
2023-08-25,ATM005,transit_hub,1136400,355,0,2266000,2153100,0
2023-08-26,ATM001,metro_retail,1580500,494,0,0,595600,0
2023-08-26,ATM002,urban_residential,896700,280,0,2120000,1223300,0
2023-08-26,ATM003,corporate_park,1051100,328,0,0,929800,0
2023-08-26,ATM004,rural_branch,561200,175,0,0,193600,0
2023-08-26,ATM005,transit_hub,1542400,482,0,0,610700,0
2023-08-27,ATM001,metro_retail,1503100,470,0,2944000,2036500,0
2023-08-27,ATM002,urban_residential,843400,264,0,0,380000,0
2023-08-27,ATM003,corporate_park,1191900,372,0,1990000,1727900,0
2023-08-27,ATM004,rural_branch,585600,183,0,1046000,654000,0
2023-08-27,ATM005,transit_hub,1249500,390,0,2679000,2040200,0
2023-08-28,ATM001,metro_retail,1103300,345,0,0,933200,0
2023-08-28,ATM002,urban_residential,579500,181,0,1740000,1540400,0
2023-08-28,ATM003,corporate_park,732300,229,0,0,995600,0
2023-08-28,ATM004,rural_branch,443000,138,0,0,211000,0
2023-08-28,ATM005,transit_hub,1170200,366,0,0,870000,0
2023-08-29,ATM001,metro_retail,1269000,397,0,2607000,2271200,0
2023-08-29,ATM002,urban_residential,634400,198,0,0,906100,0
2023-08-29,ATM003,corporate_park,798200,249,0,1924000,2121300,0
2023-08-29,ATM004,rural_branch,406100,127,0,1029000,833900,0
2023-08-29,ATM005,transit_hub,1057800,331,0,2420000,2232200,0
2023-08-30,ATM001,metro_retail,1457900,456,1,0,813200,0
2023-08-30,ATM002,urban_residential,906100,283,1,0,0,1
2023-08-30,ATM003,corporate_park,1021000,319,1,0,1100300,0
2023-08-30,ATM004,rural_branch,538000,168,1,0,295900,0
2023-08-30,ATM005,transit_hub,1245400,389,1,0,986700,0
2023-08-31,ATM001,metro_retail,1239000,387,0,2727000,2301200,0
2023-08-31,ATM002,urban_residential,742600,232,0,2120000,1377400,0
2023-08-31,ATM003,corporate_park,838100,262,0,0,262200,0
2023-08-31,ATM004,rural_branch,437600,137,0,944000,802300,0
2023-08-31,ATM005,transit_hub,1107900,346,0,2303000,2181800,0
2023-09-01,ATM001,metro_retail,1818900,568,0,0,482400,0
2023-09-01,ATM002,urban_residential,914300,286,0,0,463200,0
2023-09-01,ATM003,corporate_park,1517100,474,0,2658000,1403100,0
2023-09-01,ATM004,rural_branch,802300,251,0,0,0,1
2023-09-01,ATM005,transit_hub,1827800,571,0,0,354000,0
2023-09-02,ATM001,metro_retail,2187400,684,0,3058000,1353000,0
2023-09-02,ATM002,urban_residential,1286600,402,0,1657000,833600,0
2023-09-02,ATM003,corporate_park,1403100,438,0,0,0,1
2023-09-02,ATM004,rural_branch,681200,213,0,1240000,558800,0
2023-09-02,ATM005,transit_hub,2102400,657,0,2936000,1187600,0
2023-09-03,ATM001,metro_retail,1353000,423,0,0,0,1
2023-09-03,ATM002,urban_residential,833600,261,0,0,0,1
2023-09-03,ATM003,corporate_park,1521000,475,0,2920000,1399000,0
2023-09-03,ATM004,rural_branch,558800,175,0,0,0,1
2023-09-03,ATM005,transit_hub,1187600,371,0,0,0,1
2023-09-04,ATM001,metro_retail,1184500,370,0,3540000,2355500,0
2023-09-04,ATM002,urban_residential,608100,190,0,2120000,1511900,0
2023-09-04,ATM003,corporate_park,842400,263,0,0,556600,0
2023-09-04,ATM004,rural_branch,468300,146,0,1240000,771700,0
2023-09-04,ATM005,transit_hub,1025600,321,0,3290000,2264400,0
2023-09-05,ATM001,metro_retail,866800,271,0,0,1488600,0
2023-09-05,ATM002,urban_residential,455100,142,0,0,1056800,0
2023-09-05,ATM003,corporate_park,638000,199,0,2363000,2281600,0
2023-09-05,ATM004,rural_branch,311400,97,0,0,460300,0
2023-09-05,ATM005,transit_hub,739200,231,0,0,1525200,0
2023-09-06,ATM001,metro_retail,837300,262,0,0,651300,0
2023-09-06,ATM002,urban_residential,502500,157,0,0,554300,0
2023-09-06,ATM003,corporate_park,670900,210,0,0,1610700,0
2023-09-06,ATM004,rural_branch,299900,94,0,0,160400,0
2023-09-06,ATM005,transit_hub,743400,232,0,0,781800,0
2023-09-07,ATM001,metro_retail,1006900,315,0,2889000,2533400,0
2023-09-07,ATM002,urban_residential,564700,176,0,1566000,1555600,0
2023-09-07,ATM003,corporate_park,866100,271,0,0,744600,0
2023-09-07,ATM004,rural_branch,375100,117,0,1080000,865300,0
2023-09-07,ATM005,transit_hub,818600,256,0,2508000,2471200,0
2023-09-08,ATM001,metro_retail,1323100,413,0,0,1210300,0
2023-09-08,ATM002,urban_residential,748100,234,0,0,807500,0
2023-09-08,ATM003,corporate_park,982100,307,0,2175000,1937400,0
2023-09-08,ATM004,rural_branch,431500,135,0,0,433800,0
2023-09-08,ATM005,transit_hub,1204200,376,0,0,1267000,0
2023-09-09,ATM001,metro_retail,1633000,510,0,2330000,1907400,0
2023-09-09,ATM002,urban_residential,807500,252,0,0,0,1
2023-09-09,ATM003,corporate_park,1155200,361,0,0,782200,0
2023-09-09,ATM004,rural_branch,433800,136,0,0,0,1
2023-09-09,ATM005,transit_hub,1267000,396,0,0,0,1
2023-09-10,ATM001,metro_retail,1333600,417,0,0,573800,0
2023-09-10,ATM002,urban_residential,953500,298,0,2120000,1166500,0
2023-09-10,ATM003,corporate_park,878700,275,0,2138000,2041500,0
2023-09-10,ATM004,rural_branch,480600,150,0,1240000,759400,0
2023-09-10,ATM005,transit_hub,1267200,396,0,3290000,2022800,0
2023-09-11,ATM001,metro_retail,1159600,362,0,2966000,2380300,0
2023-09-11,ATM002,urban_residential,591000,185,0,0,575600,0
2023-09-11,ATM003,corporate_park,876000,274,0,0,1165500,0
2023-09-11,ATM004,rural_branch,406900,127,0,0,352500,0
2023-09-11,ATM005,transit_hub,1032700,323,0,0,990100,0
2023-09-12,ATM001,metro_retail,877300,274,0,0,1503000,0
2023-09-12,ATM002,urban_residential,475300,149,0,1544000,1644300,0
2023-09-12,ATM003,corporate_park,635000,198,0,0,530500,0
2023-09-12,ATM004,rural_branch,262500,82,0,888000,978000,0
2023-09-12,ATM005,transit_hub,879200,275,0,2300000,2410900,0
2023-09-13,ATM001,metro_retail,745300,233,0,0,757700,0
2023-09-13,ATM002,urban_residential,497700,156,0,0,1146600,0
2023-09-13,ATM003,corporate_park,590000,184,0,2389000,2329500,0
2023-09-13,ATM004,rural_branch,297200,93,0,0,680800,0
2023-09-13,ATM005,transit_hub,886800,277,0,0,1524000,0
2023-09-14,ATM001,metro_retail,839700,262,0,2782000,2700000,0
2023-09-14,ATM002,urban_residential,537000,168,0,0,609600,0
2023-09-14,ATM003,corporate_park,704500,220,0,0,1625000,0
2023-09-14,ATM004,rural_branch,354800,111,0,0,326000,0
2023-09-14,ATM005,transit_hub,857500,268,0,0,666500,0
2023-09-15,ATM001,metro_retail,1491800,466,0,0,1208200,0
2023-09-15,ATM002,urban_residential,719500,225,0,1510000,1400100,0
2023-09-15,ATM003,corporate_park,948200,296,0,0,676800,0
2023-09-15,ATM004,rural_branch,501800,157,0,914000,738200,0
2023-09-15,ATM005,transit_hub,1364400,426,0,2623000,1925100,0
2023-09-16,ATM001,metro_retail,1729400,540,0,2332000,1810800,0
2023-09-16,ATM002,urban_residential,1019000,318,0,0,381100,0
2023-09-16,ATM003,corporate_park,1188400,371,0,2243000,1731500,0
2023-09-16,ATM004,rural_branch,587400,184,0,0,150800,0
2023-09-16,ATM005,transit_hub,1701400,532,0,0,223700,0
2023-09-17,ATM001,metro_retail,1531200,478,0,0,279600,0
2023-09-17,ATM002,urban_residential,731900,229,0,1739000,1388100,0
2023-09-17,ATM003,corporate_park,1030700,322,0,0,700800,0
2023-09-17,ATM004,rural_branch,583400,182,0,1089000,656400,0
2023-09-17,ATM005,transit_hub,1285000,402,0,3066000,2004700,0
2023-09-18,ATM001,metro_retail,1197400,374,0,3260000,2342200,0
2023-09-18,ATM002,urban_residential,630800,197,0,0,757300,0
2023-09-18,ATM003,corporate_park,904000,282,0,2219000,2015800,0
2023-09-18,ATM004,rural_branch,485700,152,0,0,170700,0
2023-09-18,ATM005,transit_hub,1011700,316,0,0,993000,0
2023-09-19,ATM001,metro_retail,920400,288,0,0,1421800,0
2023-09-19,ATM002,urban_residential,482000,151,0,0,275300,0
2023-09-19,ATM003,corporate_park,659100,206,0,0,1356700,0
2023-09-19,ATM004,rural_branch,301000,94,0,1069000,938700,0
2023-09-19,ATM005,transit_hub,855500,267,0,2297000,2434500,0
2023-09-20,ATM001,metro_retail,762100,238,0,0,659600,0
2023-09-20,ATM002,urban_residential,457300,143,0,1845000,1663000,0
2023-09-20,ATM003,corporate_park,603700,189,0,0,753000,0
2023-09-20,ATM004,rural_branch,356700,111,0,0,582000,0
2023-09-20,ATM005,transit_hub,739100,231,0,0,1695300,0
2023-09-21,ATM001,metro_retail,993400,310,0,2880000,2546200,0
2023-09-21,ATM002,urban_residential,552800,173,0,0,1110200,0
2023-09-21,ATM003,corporate_park,651400,204,0,2167000,2268600,0
2023-09-21,ATM004,rural_branch,282100,88,0,0,300000,0
2023-09-21,ATM005,transit_hub,780600,244,0,0,914700,0
2023-09-22,ATM001,metro_retail,1369400,428,0,0,1176800,0
2023-09-22,ATM002,urban_residential,611700,191,0,0,498500,0
2023-09-22,ATM003,corporate_park,1030200,322,0,0,1238400,0
2023-09-22,ATM004,rural_branch,436000,136,0,940000,803900,0
2023-09-22,ATM005,transit_hub,1141100,357,0,2375000,2148600,0
2023-09-23,ATM001,metro_retail,1691800,529,0,2363000,1848000,0
2023-09-23,ATM002,urban_residential,884900,277,0,1621000,1234600,0
2023-09-23,ATM003,corporate_park,1123700,351,0,0,114700,0
2023-09-23,ATM004,rural_branch,646800,202,0,0,157200,0
2023-09-23,ATM005,transit_hub,1380000,431,0,0,768600,0
2023-09-24,ATM001,metro_retail,1268800,397,0,0,579200,0
2023-09-24,ATM002,urban_residential,761600,238,0,0,473000,0
2023-09-24,ATM003,corporate_park,1034600,323,0,2805000,1885100,0
2023-09-24,ATM004,rural_branch,548000,171,0,1083000,692200,0
2023-09-24,ATM005,transit_hub,1189100,372,0,2521000,2100500,0
2023-09-25,ATM001,metro_retail,1192600,373,0,2961000,2347600,0
2023-09-25,ATM002,urban_residential,670900,210,0,1647000,1449100,0
2023-09-25,ATM003,corporate_park,867500,271,0,0,1017600,0
2023-09-25,ATM004,rural_branch,420400,131,0,0,271800,0
2023-09-25,ATM005,transit_hub,906200,283,0,0,1194400,0
2023-09-26,ATM001,metro_retail,900100,281,0,0,1447500,0
2023-09-26,ATM002,urban_residential,549400,172,0,0,899700,0
2023-09-26,ATM003,corporate_park,729800,228,0,1902000,2189700,0
2023-09-26,ATM004,rural_branch,353800,111,0,968000,885900,0
2023-09-26,ATM005,transit_hub,814800,255,0,0,379600,0
2023-09-27,ATM001,metro_retail,845100,264,0,0,602400,0
2023-09-27,ATM002,urban_residential,507800,159,0,0,392000,0
2023-09-27,ATM003,corporate_park,577200,180,0,0,1612500,0
2023-09-27,ATM004,rural_branch,310300,97,0,0,575600,0
2023-09-27,ATM005,transit_hub,791900,247,0,2910000,2497600,0
2023-09-28,ATM001,metro_retail,1158200,362,0,2938000,2382200,0
2023-09-28,ATM002,urban_residential,732500,229,0,1728000,1387400,0
2023-09-28,ATM003,corporate_park,850400,266,0,0,762100,0
2023-09-28,ATM004,rural_branch,472200,148,0,0,103500,0
2023-09-28,ATM005,transit_hub,1003100,313,0,0,1494500,0
2023-09-29,ATM001,metro_retail,1572000,491,0,0,810200,0
2023-09-29,ATM002,urban_residential,802800,251,0,0,584700,0
2023-09-29,ATM003,corporate_park,1152700,360,0,2158000,1767400,0
2023-09-29,ATM004,rural_branch,588300,184,0,1137000,652200,0
2023-09-29,ATM005,transit_hub,1494500,467,0,0,0,1
2023-09-30,ATM001,metro_retail,2301600,719,0,2730000,1238600,0
2023-09-30,ATM002,urban_residential,1225700,383,0,1535000,893900,0
2023-09-30,ATM003,corporate_park,1531000,478,0,0,236400,0
2023-09-30,ATM004,rural_branch,652200,204,0,0,0,1
2023-09-30,ATM005,transit_hub,1926000,602,0,3290000,1364000,0
2023-10-01,ATM001,metro_retail,2098000,656,0,2301000,1441600,0
2023-10-01,ATM002,urban_residential,893900,279,0,0,0,1
2023-10-01,ATM003,corporate_park,1604400,501,0,2684000,1316000,0
2023-10-01,ATM004,rural_branch,642900,201,0,1240000,597100,0
2023-10-01,ATM005,transit_hub,1364000,426,0,0,0,1
2023-10-02,ATM001,metro_retail,1441600,450,1,0,0,1
2023-10-02,ATM002,urban_residential,913600,286,1,2120000,1206400,0
2023-10-02,ATM003,corporate_park,1000900,313,1,0,315200,0
2023-10-02,ATM004,rural_branch,597100,187,1,0,0,1
2023-10-02,ATM005,transit_hub,1385400,433,1,3290000,1904600,0
2023-10-03,ATM001,metro_retail,1133700,354,0,3540000,2406300,0
2023-10-03,ATM002,urban_residential,627300,196,0,0,579100,0
2023-10-03,ATM003,corporate_park,732500,229,0,2605000,2187700,0
2023-10-03,ATM004,rural_branch,372500,116,0,1240000,867500,0
2023-10-03,ATM005,transit_hub,967800,302,0,0,936800,0
2023-10-04,ATM001,metro_retail,940200,294,0,0,1466100,0
2023-10-04,ATM002,urban_residential,484500,151,0,1541000,1635600,0
2023-10-04,ATM003,corporate_park,686600,215,0,0,1501100,0
2023-10-04,ATM004,rural_branch,350800,110,0,0,516700,0
2023-10-04,ATM005,transit_hub,748600,234,0,2353000,2541200,0
2023-10-05,ATM001,metro_retail,996300,311,0,0,469800,0
2023-10-05,ATM002,urban_residential,563200,176,0,0,1072400,0
2023-10-05,ATM003,corporate_park,607800,190,0,0,893200,0
2023-10-05,ATM004,rural_branch,372800,117,0,0,143900,0
2023-10-05,ATM005,transit_hub,747500,234,0,0,1793700,0
2023-10-06,ATM001,metro_retail,1191800,372,0,3070000,2348000,0
2023-10-06,ATM002,urban_residential,628800,196,0,0,443600,0
2023-10-06,ATM003,corporate_park,920700,288,0,2027000,1999500,0
2023-10-06,ATM004,rural_branch,465500,145,0,1096000,774400,0
2023-10-06,ATM005,transit_hub,1271500,397,0,0,522200,0
2023-10-07,ATM001,metro_retail,1890100,591,0,0,457900,0
2023-10-07,ATM002,urban_residential,967900,302,0,1676000,1151700,0
2023-10-07,ATM003,corporate_park,1266100,396,0,0,733400,0
2023-10-07,ATM004,rural_branch,682300,213,0,0,92200,0
2023-10-07,ATM005,transit_hub,1859700,581,0,2768000,1430500,0
2023-10-08,ATM001,metro_retail,1387700,434,0,3082000,2152200,0
2023-10-08,ATM002,urban_residential,732600,229,0,0,419100,0
2023-10-08,ATM003,corporate_park,1052700,329,0,2187000,1867700,0
2023-10-08,ATM004,rural_branch,546300,171,0,1148000,693800,0
2023-10-08,ATM005,transit_hub,1430500,447,0,0,0,1
2023-10-09,ATM001,metro_retail,1066600,333,0,0,1085500,0
2023-10-09,ATM002,urban_residential,563600,176,0,1701000,1556500,0
2023-10-09,ATM003,corporate_park,839600,262,0,0,1028100,0
2023-10-09,ATM004,rural_branch,408200,128,0,0,285600,0
2023-10-09,ATM005,transit_hub,1022000,319,0,3290000,2268000,0
2023-10-10,ATM001,metro_retail,985000,308,0,2454000,2554500,0
2023-10-10,ATM002,urban_residential,529700,166,0,0,1026700,0
2023-10-10,ATM003,corporate_park,668500,209,0,0,359600,0
2023-10-10,ATM004,rural_branch,281300,88,0,954000,958300,0
2023-10-10,ATM005,transit_hub,702300,219,0,0,1565700,0
2023-10-11,ATM001,metro_retail,878000,274,0,0,1676500,0
2023-10-11,ATM002,urban_residential,487900,152,0,0,538800,0
2023-10-11,ATM003,corporate_park,544800,170,0,2560000,2374900,0
2023-10-11,ATM004,rural_branch,367000,115,0,0,591200,0
2023-10-11,ATM005,transit_hub,798100,249,0,0,767500,0
2023-10-12,ATM001,metro_retail,921200,288,0,0,755300,0
2023-10-12,ATM002,urban_residential,570800,178,0,1581000,1549000,0
2023-10-12,ATM003,corporate_park,820500,256,0,0,1554300,0
2023-10-12,ATM004,rural_branch,318900,100,0,0,272300,0
2023-10-12,ATM005,transit_hub,918500,287,0,2522000,2371100,0
2023-10-13,ATM001,metro_retail,1340100,419,0,2785000,2200200,0
2023-10-13,ATM002,urban_residential,785300,245,0,0,763600,0
2023-10-13,ATM003,corporate_park,961100,300,0,0,593300,0
2023-10-13,ATM004,rural_branch,502600,157,0,968000,737800,0
2023-10-13,ATM005,transit_hub,1120000,350,0,0,1251000,0
2023-10-14,ATM001,metro_retail,1643700,514,0,0,556500,0
2023-10-14,ATM002,urban_residential,763600,239,0,0,0,1
2023-10-14,ATM003,corporate_park,1141000,357,0,2327000,1779300,0
2023-10-14,ATM004,rural_branch,634000,198,0,0,103800,0
2023-10-14,ATM005,transit_hub,1251000,391,0,0,0,1
2023-10-15,ATM001,metro_retail,1593900,498,0,2984000,1946600,0
2023-10-15,ATM002,urban_residential,835900,261,0,2120000,1284100,0
2023-10-15,ATM003,corporate_park,1067100,333,0,0,712300,0
2023-10-15,ATM004,rural_branch,607400,190,0,1136000,632300,0
2023-10-15,ATM005,transit_hub,1493500,467,0,3290000,1796500,0
2023-10-16,ATM001,metro_retail,1141700,357,0,0,804900,0
2023-10-16,ATM002,urban_residential,678100,212,0,0,605900,0
2023-10-16,ATM003,corporate_park,890900,278,0,2208000,2029400,0
2023-10-16,ATM004,rural_branch,426600,133,0,0,205800,0
2023-10-16,ATM005,transit_hub,886100,277,0,0,910400,0
2023-10-17,ATM001,metro_retail,852900,267,0,2735000,2687000,0
2023-10-17,ATM002,urban_residential,470800,147,0,1514000,1649100,0
2023-10-17,ATM003,corporate_park,652100,204,0,0,1377300,0
2023-10-17,ATM004,rural_branch,357100,112,0,1034000,882600,0
2023-10-17,ATM005,transit_hub,677000,212,0,2380000,2613400,0
2023-10-18,ATM001,metro_retail,889400,278,0,0,1797600,0
2023-10-18,ATM002,urban_residential,443300,139,0,0,1205800,0
2023-10-18,ATM003,corporate_park,650600,203,0,0,726700,0
2023-10-18,ATM004,rural_branch,291600,91,0,0,591100,0
2023-10-18,ATM005,transit_hub,653600,204,0,0,1959800,0
2023-10-19,ATM001,metro_retail,1036900,324,0,0,760600,0
2023-10-19,ATM002,urban_residential,472700,148,0,0,733100,0
2023-10-19,ATM003,corporate_park,626600,196,0,2193000,2293100,0
2023-10-19,ATM004,rural_branch,373300,117,0,0,217800,0
2023-10-19,ATM005,transit_hub,880300,275,0,0,1079500,0
2023-10-20,ATM001,metro_retail,1280000,400,0,2779000,2259700,0
2023-10-20,ATM002,urban_residential,729600,228,0,1387000,1390500,0
2023-10-20,ATM003,corporate_park,1079100,337,0,0,1214000,0
2023-10-20,ATM004,rural_branch,485300,152,0,1022000,754400,0
2023-10-20,ATM005,transit_hub,1207600,377,0,2211000,2082900,0
2023-10-21,ATM001,metro_retail,1731300,541,0,0,528400,0
2023-10-21,ATM002,urban_residential,1021100,319,0,0,369500,0
2023-10-21,ATM003,corporate_park,1196200,374,0,0,17800,0
2023-10-21,ATM004,rural_branch,619100,193,0,0,135300,0
2023-10-21,ATM005,transit_hub,1409300,440,0,0,673600,0
2023-10-22,ATM001,metro_retail,1469200,459,0,3012000,2071200,0
2023-10-22,ATM002,urban_residential,817000,255,0,1751000,1303500,0
2023-10-22,ATM003,corporate_park,990100,309,0,2902000,1929700,0
2023-10-22,ATM004,rural_branch,515400,161,0,1105000,724900,0
2023-10-22,ATM005,transit_hub,1293500,404,0,2616000,1996100,0
2023-10-23,ATM001,metro_retail,1135700,355,0,0,935500,0
2023-10-23,ATM002,urban_residential,689900,216,0,0,613600,0
2023-10-23,ATM003,corporate_park,866500,271,0,0,1063200,0
2023-10-23,ATM004,rural_branch,416100,130,0,0,308800,0
2023-10-23,ATM005,transit_hub,1047300,327,0,0,948700,0
2023-10-24,ATM001,metro_retail,1408100,440,1,2605000,2132400,0
2023-10-24,ATM002,urban_residential,771500,241,1,1506000,1348100,0
2023-10-24,ATM003,corporate_park,968200,303,1,0,95000,0
2023-10-24,ATM004,rural_branch,536200,168,1,931000,703600,0
2023-10-24,ATM005,transit_hub,1169000,365,1,2341000,2120700,0
2023-10-25,ATM001,metro_retail,845600,264,0,0,1286800,0
2023-10-25,ATM002,urban_residential,468400,146,0,0,879800,0
2023-10-25,ATM003,corporate_park,670600,210,0,2825000,2249400,0
2023-10-25,ATM004,rural_branch,283300,89,0,0,420300,0
2023-10-25,ATM005,transit_hub,720900,225,0,0,1399900,0
2023-10-26,ATM001,metro_retail,951600,297,0,0,335200,0
2023-10-26,ATM002,urban_residential,620400,194,0,0,259400,0
2023-10-26,ATM003,corporate_park,590300,184,0,0,1659100,0
2023-10-26,ATM004,rural_branch,285000,89,0,820000,955200,0
2023-10-26,ATM005,transit_hub,834000,261,0,0,565900,0
2023-10-27,ATM001,metro_retail,1346300,421,0,3205000,2193900,0
2023-10-27,ATM002,urban_residential,822400,257,0,1861000,1298000,0
2023-10-27,ATM003,corporate_park,978600,306,0,0,680400,0
2023-10-27,ATM004,rural_branch,465100,145,0,0,490100,0
2023-10-27,ATM005,transit_hub,1012600,316,0,2724000,2277300,0
2023-10-28,ATM001,metro_retail,1751700,547,0,0,442200,0
2023-10-28,ATM002,urban_residential,948300,296,0,0,349700,0
2023-10-28,ATM003,corporate_park,1280200,400,0,2240000,1640200,0
2023-10-28,ATM004,rural_branch,490100,153,0,0,0,1
2023-10-28,ATM005,transit_hub,1476600,461,0,0,800700,0
2023-10-29,ATM001,metro_retail,2061000,644,0,3098000,1479200,0
2023-10-29,ATM002,urban_residential,999200,312,0,1770000,1120500,0
2023-10-29,ATM003,corporate_park,1283700,401,0,0,356600,0
2023-10-29,ATM004,rural_branch,678900,212,0,1240000,561100,0
2023-10-29,ATM005,transit_hub,1519600,475,0,2489000,1770100,0
2023-10-30,ATM001,metro_retail,1479200,462,0,0,0,1
2023-10-30,ATM002,urban_residential,736100,230,0,0,384500,0
2023-10-30,ATM003,corporate_park,1180000,369,0,2563000,1739500,0
2023-10-30,ATM004,rural_branch,561100,175,0,0,0,1
2023-10-30,ATM005,transit_hub,1347200,421,0,0,422800,0
2023-10-31,ATM001,metro_retail,1159700,362,0,3540000,2380300,0
2023-10-31,ATM002,urban_residential,661800,207,0,1736000,1458700,0
2023-10-31,ATM003,corporate_park,901900,282,0,0,837600,0
2023-10-31,ATM004,rural_branch,483900,151,0,1240000,756100,0
2023-10-31,ATM005,transit_hub,1099200,344,0,2867000,2190600,0
2023-11-01,ATM001,metro_retail,1274000,398,0,0,1106300,0
2023-11-01,ATM002,urban_residential,687900,215,0,0,770800,0
2023-11-01,ATM003,corporate_park,840400,263,0,2082000,2079300,0
2023-11-01,ATM004,rural_branch,532300,166,0,0,223900,0
2023-11-01,ATM005,transit_hub,1096900,343,0,0,1093700,0
2023-11-02,ATM001,metro_retail,1194400,373,0,2434000,2345900,0
2023-11-02,ATM002,urban_residential,715800,224,0,0,54900,0
2023-11-02,ATM003,corporate_park,785300,245,0,0,1294000,0
2023-11-02,ATM004,rural_branch,529300,165,0,1016000,710600,0
2023-11-02,ATM005,transit_hub,1054800,330,0,2196000,2234900,0
2023-11-03,ATM001,metro_retail,1603100,501,0,0,742800,0
2023-11-03,ATM002,urban_residential,926500,290,0,2065000,1193500,0
2023-11-03,ATM003,corporate_park,1086000,339,0,0,208000,0
2023-11-03,ATM004,rural_branch,614500,192,0,0,96100,0
2023-11-03,ATM005,transit_hub,1289200,403,0,0,945700,0
2023-11-04,ATM001,metro_retail,1741500,544,0,2797000,1798400,0
2023-11-04,ATM002,urban_residential,965100,302,0,0,228400,0
2023-11-04,ATM003,corporate_park,1348700,421,0,2712000,1571300,0
2023-11-04,ATM004,rural_branch,654600,205,0,1144000,585500,0
2023-11-04,ATM005,transit_hub,1441900,451,0,2344000,1847800,0
2023-11-05,ATM001,metro_retail,1611200,503,0,0,187200,0
2023-11-05,ATM002,urban_residential,883200,276,0,1892000,1237100,0
2023-11-05,ATM003,corporate_park,1010100,316,0,0,561200,0
2023-11-05,ATM004,rural_branch,503300,157,0,0,82100,0
2023-11-05,ATM005,transit_hub,1309100,409,0,0,538700,0
2023-11-06,ATM001,metro_retail,1178600,368,0,3353000,2361600,0
2023-11-06,ATM002,urban_residential,648400,203,0,0,588800,0
2023-11-06,ATM003,corporate_park,794200,248,0,2359000,2126000,0
2023-11-06,ATM004,rural_branch,320500,100,0,1158000,919700,0
2023-11-06,ATM005,transit_hub,1001200,313,0,2751000,2288500,0
2023-11-07,ATM001,metro_retail,889300,278,0,0,1472200,0
2023-11-07,ATM002,urban_residential,518000,162,0,1531000,1601700,0
2023-11-07,ATM003,corporate_park,734200,229,0,0,1391800,0
2023-11-07,ATM004,rural_branch,375100,117,0,0,544600,0
2023-11-07,ATM005,transit_hub,896600,280,0,0,1391900,0
2023-11-08,ATM001,metro_retail,856100,268,0,0,616100,0
2023-11-08,ATM002,urban_residential,458000,143,0,0,1143800,0
2023-11-08,ATM003,corporate_park,648100,203,0,0,743700,0
2023-11-08,ATM004,rural_branch,295800,92,0,0,248800,0
2023-11-08,ATM005,transit_hub,788200,246,0,0,603700,0
2023-11-09,ATM001,metro_retail,834200,261,0,2924000,2706000,0
2023-11-09,ATM002,urban_residential,535000,167,0,0,608700,0
2023-11-09,ATM003,corporate_park,767100,240,0,2176000,2152600,0
2023-11-09,ATM004,rural_branch,332800,104,0,991000,907000,0
2023-11-09,ATM005,transit_hub,777300,243,0,2686000,2512400,0
2023-11-10,ATM001,metro_retail,1326000,414,0,0,1380000,0
2023-11-10,ATM002,urban_residential,672800,210,0,1511000,1446900,0
2023-11-10,ATM003,corporate_park,943600,295,0,0,1209100,0
2023-11-10,ATM004,rural_branch,374000,117,0,0,533000,0
2023-11-10,ATM005,transit_hub,1179300,369,0,0,1333100,0
2023-11-11,ATM001,metro_retail,1380000,431,0,0,0,1
2023-11-11,ATM002,urban_residential,985200,308,0,0,461800,0
2023-11-11,ATM003,corporate_park,1209100,378,0,0,0,1
2023-11-11,ATM004,rural_branch,533000,167,0,0,0,1
2023-11-11,ATM005,transit_hub,1333100,417,0,0,0,1
2023-11-12,ATM001,metro_retail,2125400,664,1,3540000,1414600,0
2023-11-12,ATM002,urban_residential,1244000,389,1,1658000,875800,0
2023-11-12,ATM003,corporate_park,1473000,460,1,2920000,1447000,0
2023-11-12,ATM004,rural_branch,766900,240,1,1240000,473100,0
2023-11-12,ATM005,transit_hub,1987800,621,1,3290000,1302200,0
2023-11-13,ATM001,metro_retail,989100,309,0,0,425500,0
2023-11-13,ATM002,urban_residential,632800,198,0,0,243000,0
2023-11-13,ATM003,corporate_park,796100,249,0,0,650900,0
2023-11-13,ATM004,rural_branch,395700,124,0,0,77400,0
2023-11-13,ATM005,transit_hub,1048900,328,0,0,253300,0
2023-11-14,ATM001,metro_retail,889700,278,0,3114000,2649800,0
2023-11-14,ATM002,urban_residential,469400,147,0,1877000,1650600,0
2023-11-14,ATM003,corporate_park,541400,169,0,2269000,2378400,0
2023-11-14,ATM004,rural_branch,292200,91,0,1163000,948200,0
2023-11-14,ATM005,transit_hub,795400,249,0,3037000,2494900,0
2023-11-15,ATM001,metro_retail,1060200,331,0,0,1589700,0
2023-11-15,ATM002,urban_residential,469900,147,0,0,1180600,0
2023-11-15,ATM003,corporate_park,688000,215,0,0,1690400,0
2023-11-15,ATM004,rural_branch,324500,101,0,0,623700,0
2023-11-15,ATM005,transit_hub,946500,296,0,0,1548400,0
2023-11-16,ATM001,metro_retail,952300,298,0,0,637400,0
2023-11-16,ATM002,urban_residential,475200,148,0,0,705500,0
2023-11-16,ATM003,corporate_park,708800,222,0,0,981600,0
2023-11-16,ATM004,rural_branch,312500,98,0,0,311200,0
2023-11-16,ATM005,transit_hub,785100,245,0,0,763300,0
2023-11-17,ATM001,metro_retail,1372700,429,0,2903000,2167700,0
2023-11-17,ATM002,urban_residential,647700,202,0,1415000,1472700,0
2023-11-17,ATM003,corporate_park,971000,303,0,1938000,1948600,0
2023-11-17,ATM004,rural_branch,435800,136,0,929000,804400,0
2023-11-17,ATM005,transit_hub,1280700,400,0,2527000,2009500,0
2023-11-18,ATM001,metro_retail,1600000,500,0,0,567700,0
2023-11-18,ATM002,urban_residential,939400,294,0,0,533300,0
2023-11-18,ATM003,corporate_park,1015900,317,0,0,932700,0
2023-11-18,ATM004,rural_branch,538700,168,0,0,265800,0
2023-11-18,ATM005,transit_hub,1264500,395,0,0,745100,0
2023-11-19,ATM001,metro_retail,1267000,396,0,2972000,2272700,0
2023-11-19,ATM002,urban_residential,791800,247,0,1587000,1328500,0
2023-11-19,ATM003,corporate_park,1133300,354,0,1987000,1786400,0
2023-11-19,ATM004,rural_branch,529200,165,0,974000,710500,0
2023-11-19,ATM005,transit_hub,1202000,376,0,2545000,2088100,0
2023-11-20,ATM001,metro_retail,1191500,372,0,0,1081200,0
2023-11-20,ATM002,urban_residential,595700,186,0,0,732800,0
2023-11-20,ATM003,corporate_park,716200,224,0,0,1070200,0
2023-11-20,ATM004,rural_branch,406500,127,0,0,304000,0
2023-11-20,ATM005,transit_hub,921500,288,0,0,1166600,0
2023-11-21,ATM001,metro_retail,952600,298,0,2459000,2587600,0
2023-11-21,ATM002,urban_residential,527500,165,0,1387000,1592400,0
2023-11-21,ATM003,corporate_park,585300,183,0,0,484900,0
2023-11-21,ATM004,rural_branch,357900,112,0,936000,882100,0
2023-11-21,ATM005,transit_hub,888500,278,0,0,278000,0
2023-11-22,ATM001,metro_retail,894800,280,0,0,1692800,0
2023-11-22,ATM002,urban_residential,488600,153,0,0,1103800,0
2023-11-22,ATM003,corporate_park,588000,184,0,2435000,2331900,0
2023-11-22,ATM004,rural_branch,269000,84,0,0,613200,0
2023-11-22,ATM005,transit_hub,860900,269,0,3012000,2429100,0
2023-11-23,ATM001,metro_retail,860400,269,0,0,832300,0
2023-11-23,ATM002,urban_residential,516200,161,0,0,587600,0
2023-11-23,ATM003,corporate_park,635600,199,0,0,1696300,0
2023-11-23,ATM004,rural_branch,325700,102,0,0,287400,0
2023-11-23,ATM005,transit_hub,889800,278,0,0,1539400,0
2023-11-24,ATM001,metro_retail,1380000,431,0,2708000,2160300,0
2023-11-24,ATM002,urban_residential,755400,236,0,1532000,1364200,0
2023-11-24,ATM003,corporate_park,836900,262,0,0,859400,0
2023-11-24,ATM004,rural_branch,439900,137,0,953000,800500,0
2023-11-24,ATM005,transit_hub,1262700,395,0,0,276600,0
2023-11-25,ATM001,metro_retail,1482800,463,0,0,677500,0
2023-11-25,ATM002,urban_residential,1009000,315,0,0,355200,0
2023-11-25,ATM003,corporate_park,1034700,323,0,2061000,1885700,0
2023-11-25,ATM004,rural_branch,642900,201,0,0,157600,0
2023-11-25,ATM005,transit_hub,1628700,509,0,3013000,1661000,0
2023-11-26,ATM001,metro_retail,1484900,464,0,2862000,2054700,0
2023-11-26,ATM002,urban_residential,730700,228,0,1765000,1389500,0
2023-11-26,ATM003,corporate_park,829000,259,0,0,1056700,0
2023-11-26,ATM004,rural_branch,538400,168,0,1082000,701200,0
2023-11-26,ATM005,transit_hub,1227900,384,0,0,433000,0
2023-11-27,ATM001,metro_retail,1171400,366,0,0,883300,0
2023-11-27,ATM002,urban_residential,668100,209,0,0,721400,0
2023-11-27,ATM003,corporate_park,829900,259,0,0,226800,0
2023-11-27,ATM004,rural_branch,458400,143,0,0,242800,0
2023-11-27,ATM005,transit_hub,1199100,375,0,2857000,2090900,0
2023-11-28,ATM001,metro_retail,1176400,368,0,2657000,2363900,0
2023-11-28,ATM002,urban_residential,568800,178,0,1399000,1551500,0
2023-11-28,ATM003,corporate_park,930400,291,0,2693000,1989400,0
2023-11-28,ATM004,rural_branch,513900,161,0,997000,725900,0
2023-11-28,ATM005,transit_hub,995400,311,0,0,1095500,0
2023-11-29,ATM001,metro_retail,1116000,349,0,0,1247900,0
2023-11-29,ATM002,urban_residential,595900,186,0,0,955700,0
2023-11-29,ATM003,corporate_park,811600,254,0,0,1177900,0
2023-11-29,ATM004,rural_branch,417300,130,0,0,308600,0
2023-11-29,ATM005,transit_hub,985300,308,0,2194000,2304200,0
2023-11-30,ATM001,metro_retail,1189900,372,0,0,58100,0
2023-11-30,ATM002,urban_residential,718600,225,0,0,237100,0
2023-11-30,ATM003,corporate_park,892200,279,0,0,285700,0
2023-11-30,ATM004,rural_branch,467600,146,0,931000,772100,0
2023-11-30,ATM005,transit_hub,1008900,315,0,0,1295300,0
2023-12-01,ATM001,metro_retail,1875100,586,0,3482000,1665000,0
2023-12-01,ATM002,urban_residential,1106500,346,0,1883000,1013600,0
2023-12-01,ATM003,corporate_park,1341700,419,0,2634000,1578000,0
2023-12-01,ATM004,rural_branch,647900,202,0,0,124100,0
2023-12-01,ATM005,transit_hub,1295300,405,0,0,0,1
2023-12-02,ATM001,metro_retail,1665000,520,0,0,0,1
2023-12-02,ATM002,urban_residential,1013600,317,0,0,0,1
2023-12-02,ATM003,corporate_park,1485600,464,0,0,92400,0
2023-12-02,ATM004,rural_branch,829500,259,0,1116000,410600,0
2023-12-02,ATM005,transit_hub,2104200,658,0,3290000,1185800,0
2023-12-03,ATM001,metro_retail,1752200,548,0,3540000,1787800,0
2023-12-03,ATM002,urban_residential,1035800,324,0,2120000,1084200,0
2023-12-03,ATM003,corporate_park,1415400,442,0,2828000,1505000,0
2023-12-03,ATM004,rural_branch,679300,212,0,829000,560400,0
2023-12-03,ATM005,transit_hub,1185800,371,0,0,0,1
2023-12-04,ATM001,metro_retail,1129200,353,0,0,658600,0
2023-12-04,ATM002,urban_residential,702600,220,0,0,381700,0
2023-12-04,ATM003,corporate_park,955400,299,0,0,549600,0
2023-12-04,ATM004,rural_branch,522300,163,0,0,38100,0
2023-12-04,ATM005,transit_hub,884600,276,0,3290000,2405400,0
2023-12-05,ATM001,metro_retail,964700,301,0,2881000,2574900,0
2023-12-05,ATM002,urban_residential,446200,139,0,1738000,1673500,0
2023-12-05,ATM003,corporate_park,664800,208,0,2370000,2254800,0
2023-12-05,ATM004,rural_branch,293900,92,0,1202000,946200,0
2023-12-05,ATM005,transit_hub,782600,245,0,0,1622800,0
2023-12-06,ATM001,metro_retail,872300,273,0,0,1702600,0
2023-12-06,ATM002,urban_residential,474700,148,0,0,1198700,0
2023-12-06,ATM003,corporate_park,710000,222,0,0,1544900,0
2023-12-06,ATM004,rural_branch,317200,99,0,0,629000,0
2023-12-06,ATM005,transit_hub,841600,263,0,0,781100,0
2023-12-07,ATM001,metro_retail,945100,295,0,0,757500,0
2023-12-07,ATM002,urban_residential,568800,178,0,0,629900,0
2023-12-07,ATM003,corporate_park,776000,243,0,0,768800,0
2023-12-07,ATM004,rural_branch,376500,118,0,0,252500,0
2023-12-07,ATM005,transit_hub,1013100,317,0,2509000,2277000,0
2023-12-08,ATM001,metro_retail,1343300,420,0,2782000,2196200,0
2023-12-08,ATM002,urban_residential,839100,262,0,1490000,1280900,0
2023-12-08,ATM003,corporate_park,788300,246,0,2151000,2131500,0
2023-12-08,ATM004,rural_branch,447300,140,0,987000,792200,0
2023-12-08,ATM005,transit_hub,1074500,336,0,0,1202600,0
2023-12-09,ATM001,metro_retail,1828600,571,0,0,367700,0
2023-12-09,ATM002,urban_residential,1010000,316,0,0,270900,0
2023-12-09,ATM003,corporate_park,1172300,366,0,0,959200,0
2023-12-09,ATM004,rural_branch,645500,202,0,0,146700,0
2023-12-09,ATM005,transit_hub,1202600,376,0,0,0,1
2023-12-10,ATM001,metro_retail,1559300,487,0,3172000,1980300,0
2023-12-10,ATM002,urban_residential,880500,275,0,1849000,1239300,0
2023-12-10,ATM003,corporate_park,977200,305,0,1961000,1943000,0
2023-12-10,ATM004,rural_branch,543700,170,0,1093000,696000,0
2023-12-10,ATM005,transit_hub,1364400,426,0,3290000,1925600,0
2023-12-11,ATM001,metro_retail,1210500,378,0,0,769800,0
2023-12-11,ATM002,urban_residential,603900,189,0,0,635500,0
2023-12-11,ATM003,corporate_park,920800,288,0,0,1022200,0
2023-12-11,ATM004,rural_branch,427400,134,0,0,268600,0
2023-12-11,ATM005,transit_hub,1151200,360,0,0,774400,0
2023-12-12,ATM001,metro_retail,837000,262,0,2770000,2702800,0
2023-12-12,ATM002,urban_residential,582300,182,0,1485000,1538100,0
2023-12-12,ATM003,corporate_park,565800,177,0,0,456300,0
2023-12-12,ATM004,rural_branch,306900,96,0,971000,932700,0
2023-12-12,ATM005,transit_hub,845300,264,0,2516000,2445000,0
2023-12-13,ATM001,metro_retail,885600,277,0,0,1817300,0
2023-12-13,ATM002,urban_residential,501700,157,0,0,1036500,0
2023-12-13,ATM003,corporate_park,663000,207,0,2464000,2257400,0
2023-12-13,ATM004,rural_branch,346500,108,0,0,586200,0
2023-12-13,ATM005,transit_hub,734900,230,0,0,1710100,0
2023-12-14,ATM001,metro_retail,845900,264,0,0,971400,0
2023-12-14,ATM002,urban_residential,480700,150,0,0,555700,0
2023-12-14,ATM003,corporate_park,650000,203,0,0,1607400,0
2023-12-14,ATM004,rural_branch,311700,97,0,0,274500,0
2023-12-14,ATM005,transit_hub,864500,270,0,0,845700,0
2023-12-15,ATM001,metro_retail,1466000,458,0,2569000,2074400,0
2023-12-15,ATM002,urban_residential,944000,295,0,1564000,1175700,0
2023-12-15,ATM003,corporate_park,1091800,341,0,0,515600,0
2023-12-15,ATM004,rural_branch,512000,160,0,965000,727600,0
2023-12-15,ATM005,transit_hub,1540300,481,0,2444000,1749400,0
2023-12-16,ATM001,metro_retail,1809700,566,0,0,264600,0
2023-12-16,ATM002,urban_residential,851400,266,0,0,324400,0
2023-12-16,ATM003,corporate_park,1267500,396,0,2404000,1652100,0
2023-12-16,ATM004,rural_branch,679300,212,0,0,48300,0
2023-12-16,ATM005,transit_hub,1617200,505,0,0,132200,0
2023-12-17,ATM001,metro_retail,1489400,465,0,3275000,2050200,0
2023-12-17,ATM002,urban_residential,771100,241,0,1796000,1349200,0
2023-12-17,ATM003,corporate_park,1065000,333,0,0,587000,0
2023-12-17,ATM004,rural_branch,625300,195,0,1192000,615000,0
2023-12-17,ATM005,transit_hub,1298400,406,0,3158000,1991800,0
2023-12-18,ATM001,metro_retail,1214100,379,0,0,836200,0
2023-12-18,ATM002,urban_residential,627100,196,0,0,722100,0
2023-12-18,ATM003,corporate_park,984100,308,0,2333000,1935900,0
2023-12-18,ATM004,rural_branch,392400,123,0,0,222600,0
2023-12-18,ATM005,transit_hub,1109300,347,0,0,882500,0
2023-12-19,ATM001,metro_retail,846400,264,0,2704000,2693800,0
2023-12-19,ATM002,urban_residential,464900,145,0,1398000,1655300,0
2023-12-19,ATM003,corporate_park,655800,205,0,0,1280100,0
2023-12-19,ATM004,rural_branch,351600,110,0,1017000,888000,0
2023-12-19,ATM005,transit_hub,661800,207,0,2408000,2628600,0
2023-12-20,ATM001,metro_retail,892500,279,0,0,1801300,0
2023-12-20,ATM002,urban_residential,504100,158,0,0,1151200,0
2023-12-20,ATM003,corporate_park,601600,188,0,0,678500,0
2023-12-20,ATM004,rural_branch,319700,100,0,0,568400,0
2023-12-20,ATM005,transit_hub,783300,245,0,0,1845300,0
2023-12-21,ATM001,metro_retail,981600,307,0,0,819700,0
2023-12-21,ATM002,urban_residential,526300,164,0,0,624900,0
2023-12-21,ATM003,corporate_park,653600,204,0,2242000,2266800,0
2023-12-21,ATM004,rural_branch,380300,119,0,0,188000,0
2023-12-21,ATM005,transit_hub,793300,248,0,0,1052000,0
2023-12-22,ATM001,metro_retail,1363100,426,0,2720000,2176700,0
2023-12-22,ATM002,urban_residential,734700,230,0,1495000,1385200,0
2023-12-22,ATM003,corporate_park,887700,277,0,0,1379100,0
2023-12-22,ATM004,rural_branch,489200,153,0,1052000,750800,0
2023-12-22,ATM005,transit_hub,1127400,352,0,2238000,2162500,0
2023-12-23,ATM001,metro_retail,1649900,516,0,0,526800,0
2023-12-23,ATM002,urban_residential,1075000,336,0,0,310200,0
2023-12-23,ATM003,corporate_park,1325700,414,0,0,53400,0
2023-12-23,ATM004,rural_branch,740600,231,0,0,10200,0
2023-12-23,ATM005,transit_hub,1438400,450,0,0,724100,0
2023-12-24,ATM001,metro_retail,1408100,440,0,3013000,2131700,0
2023-12-24,ATM002,urban_residential,731500,229,0,1810000,1388700,0
2023-12-24,ATM003,corporate_park,1124500,351,0,2867000,1796000,0
2023-12-24,ATM004,rural_branch,634700,198,0,1230000,605500,0
2023-12-24,ATM005,transit_hub,1313000,410,0,2566000,1977200,0
2023-12-25,ATM001,metro_retail,1618500,506,1,0,513200,0
2023-12-25,ATM002,urban_residential,912600,285,1,0,476000,0
2023-12-25,ATM003,corporate_park,1084100,339,1,0,711900,0
2023-12-25,ATM004,rural_branch,499600,156,1,0,105900,0
2023-12-25,ATM005,transit_hub,1333500,417,1,0,643600,0
2023-12-26,ATM001,metro_retail,1005300,314,0,3027000,2534900,0
2023-12-26,ATM002,urban_residential,470300,147,0,1644000,1649700,0
2023-12-26,ATM003,corporate_park,604700,189,0,2208000,2315200,0
2023-12-26,ATM004,rural_branch,320200,100,0,1134000,919700,0
2023-12-26,ATM005,transit_hub,752800,235,0,2646000,2536800,0
2023-12-27,ATM001,metro_retail,973300,304,0,0,1561700,0
2023-12-27,ATM002,urban_residential,538600,168,0,0,1111100,0
2023-12-27,ATM003,corporate_park,649600,203,0,0,1665600,0
2023-12-27,ATM004,rural_branch,299500,94,0,0,620200,0
2023-12-27,ATM005,transit_hub,696000,217,0,0,1840900,0
2023-12-28,ATM001,metro_retail,977000,305,0,0,584700,0
2023-12-28,ATM002,urban_residential,590400,184,0,0,520700,0
2023-12-28,ATM003,corporate_park,626000,196,0,0,1039600,0
2023-12-28,ATM004,rural_branch,340400,106,0,0,279800,0
2023-12-28,ATM005,transit_hub,718600,225,0,0,1122300,0
2023-12-29,ATM001,metro_retail,1751100,547,0,2955000,1788500,0
2023-12-29,ATM002,urban_residential,1114100,348,0,1599000,1005600,0
2023-12-29,ATM003,corporate_park,1039600,325,0,0,0,1
2023-12-29,ATM004,rural_branch,525200,164,0,960000,714600,0
2023-12-29,ATM005,transit_hub,1502700,470,0,2168000,1787500,0
2023-12-30,ATM001,metro_retail,1788500,559,0,0,0,1
2023-12-30,ATM002,urban_residential,1005600,314,0,0,0,1
2023-12-30,ATM003,corporate_park,1730400,541,0,2920000,1189600,0
2023-12-30,ATM004,rural_branch,688300,215,0,0,26300,0
2023-12-30,ATM005,transit_hub,1787500,559,0,0,0,1
2023-12-31,ATM001,metro_retail,2581200,807,1,3540000,958800,0
2023-12-31,ATM002,urban_residential,1327900,415,1,2120000,792100,0
2023-12-31,ATM003,corporate_park,1189600,372,1,0,0,1
2023-12-31,ATM004,rural_branch,1059700,331,1,1214000,180500,0
2023-12-31,ATM005,transit_hub,2526700,790,1,3290000,763300,0
