date,atm_id,location_type,net_cash_out,num_withdrawals,is_holiday,replenishment,start_balance,end_of_day_balance,stockout
2021-01-01,ATM001,metro_retail,1859000,581,1,0,3540000,1681000,0
2021-01-01,ATM002,urban_residential,974700,305,1,0,2030000,1055300,0
2021-01-01,ATM003,corporate_park,1346000,421,1,0,2350000,1004000,0
2021-01-01,ATM004,rural_branch,654900,205,1,0,1270000,615100,0
2021-01-01,ATM005,transit_hub,1947800,609,1,0,3680000,1732200,0
2021-01-02,ATM001,metro_retail,1681000,525,0,0,1681000,0,1
2021-01-02,ATM002,urban_residential,1039100,325,0,0,1055300,16200,0
2021-01-02,ATM003,corporate_park,1004000,314,0,0,1004000,0,1
2021-01-02,ATM004,rural_branch,615100,192,0,0,615100,0,1
2021-01-02,ATM005,transit_hub,1732200,541,0,0,1732200,0,1
2021-01-03,ATM001,metro_retail,1468000,459,0,3540000,3540000,2072000,0
2021-01-03,ATM002,urban_residential,879100,275,0,2014000,2030200,1151100,0
2021-01-03,ATM003,corporate_park,1072500,335,0,2350000,2350000,1277500,0
2021-01-03,ATM004,rural_branch,553600,173,0,1270000,1270000,716400,0
2021-01-03,ATM005,transit_hub,1578100,493,0,3680000,3680000,2101900,0
2021-01-04,ATM001,metro_retail,949400,297,0,0,2072000,1122500,0
2021-01-04,ATM002,urban_residential,512400,160,0,0,1151100,638700,0
2021-01-04,ATM003,corporate_park,662000,207,0,0,1277500,615500,0
2021-01-04,ATM004,rural_branch,327400,102,0,0,716400,388900,0
2021-01-04,ATM005,transit_hub,912100,285,0,0,2101900,1189800,0
2021-01-05,ATM001,metro_retail,745000,233,0,2417000,3539500,2794600,0
2021-01-05,ATM002,urban_residential,404300,126,0,1391000,2029700,1625400,0
2021-01-05,ATM003,corporate_park,470700,147,0,1735000,2350500,1879800,0
2021-01-05,ATM004,rural_branch,258100,81,0,881000,1269900,1011900,0
2021-01-05,ATM005,transit_hub,748100,234,0,2490000,3679800,2931700,0
2021-01-06,ATM001,metro_retail,712200,223,0,0,2794600,2082300,0
2021-01-06,ATM002,urban_residential,406200,127,0,0,1625400,1219200,0
2021-01-06,ATM003,corporate_park,492900,154,0,0,1879800,1386900,0
2021-01-06,ATM004,rural_branch,229100,72,0,0,1011900,782800,0
2021-01-06,ATM005,transit_hub,723600,226,0,0,2931700,2208100,0
2021-01-07,ATM001,metro_retail,874300,273,0,0,2082300,1208100,0
2021-01-07,ATM002,urban_residential,439800,137,0,0,1219200,779500,0
2021-01-07,ATM003,corporate_park,545800,171,0,0,1386900,841200,0
2021-01-07,ATM004,rural_branch,360900,113,0,0,782800,421900,0
2021-01-07,ATM005,transit_hub,768500,240,0,0,2208100,1439700,0
2021-01-08,ATM001,metro_retail,1106900,346,0,2332000,3540100,2433100,0
2021-01-08,ATM002,urban_residential,566300,177,0,0,779500,213100,0
2021-01-08,ATM003,corporate_park,776400,243,0,0,841200,64800,0
2021-01-08,ATM004,rural_branch,406900,127,0,848000,1269900,863000,0
2021-01-08,ATM005,transit_hub,1150900,360,0,0,1439700,288800,0
2021-01-09,ATM001,metro_retail,1355400,424,0,0,2433100,1077700,0
2021-01-09,ATM002,urban_residential,820000,256,0,1817000,2030100,1210100,0
2021-01-09,ATM003,corporate_park,1064200,333,0,2285000,2349800,1285500,0
2021-01-09,ATM004,rural_branch,579400,181,0,0,863000,283600,0
2021-01-09,ATM005,transit_hub,1164800,364,0,3391000,3679800,2515000,0
2021-01-10,ATM001,metro_retail,1119000,350,0,2462000,3539700,2420800,0
2021-01-10,ATM002,urban_residential,637500,199,0,0,1210100,572700,0
2021-01-10,ATM003,corporate_park,855800,267,0,0,1285500,429700,0
2021-01-10,ATM004,rural_branch,414300,129,0,986000,1269600,855300,0
2021-01-10,ATM005,transit_hub,1212500,379,0,0,2515000,1302500,0
2021-01-11,ATM001,metro_retail,880100,275,0,0,2420800,1540600,0
2021-01-11,ATM002,urban_residential,563000,176,0,1457000,2029700,1466700,0
2021-01-11,ATM003,corporate_park,761200,238,0,1920000,2349700,1588500,0
2021-01-11,ATM004,rural_branch,314500,98,0,0,855300,540800,0
2021-01-11,ATM005,transit_hub,883100,276,0,0,1302500,419400,0
2021-01-12,ATM001,metro_retail,739900,231,0,0,1540600,800700,0
2021-01-12,ATM002,urban_residential,416300,130,0,0,1466700,1050400,0
2021-01-12,ATM003,corporate_park,426300,133,0,0,1588500,1162200,0
2021-01-12,ATM004,rural_branch,247500,77,0,0,540800,293300,0
2021-01-12,ATM005,transit_hub,765800,239,0,3261000,3680400,2914600,0
2021-01-13,ATM001,metro_retail,688100,215,0,2739000,3539700,2851600,0
2021-01-13,ATM002,urban_residential,372300,116,0,0,1050400,678200,0
2021-01-13,ATM003,corporate_park,433700,136,0,0,1162200,728600,0
2021-01-13,ATM004,rural_branch,228800,71,0,977000,1270300,1041500,0
2021-01-13,ATM005,transit_hub,720000,225,0,0,2914600,2194600,0
2021-01-14,ATM001,metro_retail,880700,275,0,0,2851600,1970900,0
2021-01-14,ATM002,urban_residential,428500,134,0,1352000,2030200,1601600,0
2021-01-14,ATM003,corporate_park,496000,155,0,1621000,2349600,1853500,0
2021-01-14,ATM004,rural_branch,296700,93,0,0,1041500,744800,0
2021-01-14,ATM005,transit_hub,853000,267,0,0,2194600,1341600,0
2021-01-15,ATM001,metro_retail,1128100,353,0,0,1970900,842800,0
2021-01-15,ATM002,urban_residential,667200,209,0,0,1601600,934400,0
2021-01-15,ATM003,corporate_park,756300,236,0,0,1853500,1097200,0
2021-01-15,ATM004,rural_branch,455900,142,0,0,744800,288900,0
2021-01-15,ATM005,transit_hub,1206000,377,0,0,1341600,135500,0
2021-01-16,ATM001,metro_retail,1319600,412,0,2697000,3539800,2220200,0
2021-01-16,ATM002,urban_residential,839400,262,0,0,934400,94900,0
2021-01-16,ATM003,corporate_park,931900,291,0,0,1097200,165300,0
2021-01-16,ATM004,rural_branch,479400,150,0,981000,1269900,790500,0
2021-01-16,ATM005,transit_hub,1435700,449,0,3544000,3679500,2243800,0
2021-01-17,ATM001,metro_retail,1225200,383,0,0,2220200,995000,0
2021-01-17,ATM002,urban_residential,747100,233,0,1935000,2029900,1282800,0
2021-01-17,ATM003,corporate_park,750900,235,0,2185000,2350300,1599400,0
2021-01-17,ATM004,rural_branch,423900,132,0,0,790500,366600,0
2021-01-17,ATM005,transit_hub,1368200,428,0,0,2243800,875600,0
2021-01-18,ATM001,metro_retail,987400,309,0,2545000,3540000,2552600,0
2021-01-18,ATM002,urban_residential,506200,158,0,0,1282800,776600,0
2021-01-18,ATM003,corporate_park,684700,214,0,0,1599400,914700,0
2021-01-18,ATM004,rural_branch,345400,108,0,903000,1269600,924200,0
2021-01-18,ATM005,transit_hub,959700,300,0,2804000,3679600,2719900,0
2021-01-19,ATM001,metro_retail,741300,232,0,0,2552600,1811200,0
2021-01-19,ATM002,urban_residential,390600,122,0,0,776600,386000,0
2021-01-19,ATM003,corporate_park,535900,167,0,0,914700,378800,0
2021-01-19,ATM004,rural_branch,237400,74,0,0,924200,686800,0
2021-01-19,ATM005,transit_hub,749200,234,0,0,2719900,1970600,0
2021-01-20,ATM001,metro_retail,735600,230,0,0,1811200,1075700,0
2021-01-20,ATM002,urban_residential,390500,122,0,1644000,2030000,1639500,0
2021-01-20,ATM003,corporate_park,473200,148,0,1971000,2349800,1876700,0
2021-01-20,ATM004,rural_branch,239800,75,0,0,686800,447000,0
2021-01-20,ATM005,transit_hub,830000,259,0,0,1970600,1140600,0
2021-01-21,ATM001,metro_retail,835300,261,0,2464000,3539700,2704400,0
2021-01-21,ATM002,urban_residential,392600,123,0,0,1639500,1246900,0
2021-01-21,ATM003,corporate_park,464100,145,0,0,1876700,1412600,0
2021-01-21,ATM004,rural_branch,324700,101,0,0,447000,122300,0
2021-01-21,ATM005,transit_hub,843500,264,0,2539000,3679600,2836100,0
2021-01-22,ATM001,metro_retail,1072800,335,0,0,2704400,1631600,0
2021-01-22,ATM002,urban_residential,569500,178,0,0,1246900,677300,0
2021-01-22,ATM003,corporate_park,749200,234,0,0,1412600,663400,0
2021-01-22,ATM004,rural_branch,358900,112,0,1148000,1270300,911400,0
2021-01-22,ATM005,transit_hub,1307300,409,0,0,2836100,1528800,0
2021-01-23,ATM001,metro_retail,1296200,405,0,0,1631600,335500,0
2021-01-23,ATM002,urban_residential,812600,254,0,1353000,2030300,1217700,0
2021-01-23,ATM003,corporate_park,958100,299,0,1687000,2350400,1392300,0
2021-01-23,ATM004,rural_branch,480200,150,0,0,911400,431200,0
2021-01-23,ATM005,transit_hub,1516700,474,0,0,1528800,12100,0
2021-01-24,ATM001,metro_retail,1134900,355,0,3205000,3540500,2405500,0
2021-01-24,ATM002,urban_residential,690300,216,0,0,1217700,527400,0
2021-01-24,ATM003,corporate_park,801800,251,0,0,1392300,590500,0
2021-01-24,ATM004,rural_branch,563300,176,0,839000,1270200,706900,0
2021-01-24,ATM005,transit_hub,1200400,375,0,3668000,3680100,2479700,0
2021-01-25,ATM001,metro_retail,961500,300,0,0,2405500,1444000,0
2021-01-25,ATM002,urban_residential,502300,157,0,1503000,2030400,1528100,0
2021-01-25,ATM003,corporate_park,621800,194,0,1760000,2350500,1728600,0
2021-01-25,ATM004,rural_branch,269400,84,0,0,706900,437500,0
2021-01-25,ATM005,transit_hub,1086700,340,0,0,2479700,1393000,0
2021-01-26,ATM001,metro_retail,726600,227,1,0,1444000,717400,0
2021-01-26,ATM002,urban_residential,429100,134,1,0,1528100,1099000,0
2021-01-26,ATM003,corporate_park,612300,191,1,0,1728600,1116300,0
2021-01-26,ATM004,rural_branch,250600,78,1,833000,1270500,1019900,0
2021-01-26,ATM005,transit_hub,890400,278,1,0,1393000,502600,0
2021-01-27,ATM001,metro_retail,702100,219,0,2823000,3540400,2838400,0
2021-01-27,ATM002,urban_residential,417900,131,0,0,1099000,681100,0
2021-01-27,ATM003,corporate_park,434200,136,0,0,1116300,682200,0
2021-01-27,ATM004,rural_branch,299600,94,0,0,1019900,720300,0
2021-01-27,ATM005,transit_hub,725300,227,0,3177000,3679600,2954200,0
2021-01-28,ATM001,metro_retail,779700,244,0,0,2838400,2058700,0
2021-01-28,ATM002,urban_residential,406400,127,0,1349000,2030100,1623700,0
2021-01-28,ATM003,corporate_park,492100,154,0,1668000,2350200,1858000,0
2021-01-28,ATM004,rural_branch,267200,83,0,0,720300,453100,0
2021-01-28,ATM005,transit_hub,836300,261,0,0,2954200,2118000,0
2021-01-29,ATM001,metro_retail,1378300,431,0,0,2058700,680400,0
2021-01-29,ATM002,urban_residential,726000,227,0,0,1623700,897700,0
2021-01-29,ATM003,corporate_park,985100,308,0,0,1858000,873000,0
2021-01-29,ATM004,rural_branch,453100,142,0,0,453100,0,1
2021-01-29,ATM005,transit_hub,1442300,451,0,0,2118000,675600,0
2021-01-30,ATM001,metro_retail,1919500,600,0,2860000,3540400,1620800,0
2021-01-30,ATM002,urban_residential,897700,281,0,0,897700,0,1
2021-01-30,ATM003,corporate_park,873000,273,0,0,873000,0,1
2021-01-30,ATM004,rural_branch,814100,254,0,1270000,1270000,455900,0
2021-01-30,ATM005,transit_hub,1980200,619,0,3004000,3679600,1699500,0
2021-01-31,ATM001,metro_retail,1579700,494,0,0,1620800,41100,0
2021-01-31,ATM002,urban_residential,880800,275,0,2030000,2030000,1149200,0
2021-01-31,ATM003,corporate_park,1090800,341,0,2350000,2350000,1259200,0
2021-01-31,ATM004,rural_branch,455900,142,0,0,455900,0,1
2021-01-31,ATM005,transit_hub,1634200,511,0,0,1699500,65300,0
2021-02-01,ATM001,metro_retail,1515800,474,0,3499000,3540100,2024300,0
2021-02-01,ATM002,urban_residential,700100,219,0,0,1149200,449100,0
2021-02-01,ATM003,corporate_park,877000,274,0,0,1259200,382200,0
2021-02-01,ATM004,rural_branch,456300,143,0,1270000,1270000,813700,0
2021-02-01,ATM005,transit_hub,1432700,448,0,3615000,3680300,2247600,0
2021-02-02,ATM001,metro_retail,1010800,316,0,0,2024300,1013600,0
2021-02-02,ATM002,urban_residential,588200,184,0,1581000,2030100,1441900,0
2021-02-02,ATM003,corporate_park,588900,184,0,1968000,2350200,1761300,0
2021-02-02,ATM004,rural_branch,361400,113,0,0,813700,452300,0
2021-02-02,ATM005,transit_hub,1163200,364,0,0,2247600,1084400,0
2021-02-03,ATM001,metro_retail,845700,264,0,2526000,3539600,2693900,0
2021-02-03,ATM002,urban_residential,541400,169,0,0,1441900,900500,0
2021-02-03,ATM003,corporate_park,510400,159,0,0,1761300,1250900,0
2021-02-03,ATM004,rural_branch,311100,97,0,0,452300,141100,0
2021-02-03,ATM005,transit_hub,962300,301,0,2596000,3680400,2718200,0
2021-02-04,ATM001,metro_retail,743600,232,0,0,2693900,1950300,0
2021-02-04,ATM002,urban_residential,422500,132,0,0,900500,477900,0
2021-02-04,ATM003,corporate_park,489500,153,0,0,1250900,761400,0
2021-02-04,ATM004,rural_branch,264600,83,0,1129000,1270100,1005500,0
2021-02-04,ATM005,transit_hub,720900,225,0,0,2718200,1997300,0
2021-02-05,ATM001,metro_retail,1029500,322,0,0,1950300,920800,0
2021-02-05,ATM002,urban_residential,606800,190,0,1552000,2029900,1423200,0
2021-02-05,ATM003,corporate_park,766800,240,0,1589000,2350400,1583600,0
2021-02-05,ATM004,rural_branch,383000,120,0,0,1005500,622500,0
2021-02-05,ATM005,transit_hub,1136900,355,0,0,1997300,860400,0
2021-02-06,ATM001,metro_retail,1499300,469,0,2619000,3539800,2040600,0
2021-02-06,ATM002,urban_residential,828100,259,0,0,1423200,595000,0
2021-02-06,ATM003,corporate_park,969500,303,0,0,1583600,614200,0
2021-02-06,ATM004,rural_branch,444500,139,0,0,622500,178100,0
2021-02-06,ATM005,transit_hub,1430700,447,0,2820000,3680400,2249700,0
2021-02-07,ATM001,metro_retail,1249600,391,0,0,2040600,790900,0
2021-02-07,ATM002,urban_residential,758300,237,0,1435000,2030000,1271700,0
2021-02-07,ATM003,corporate_park,726300,227,0,1736000,2350200,1623800,0
2021-02-07,ATM004,rural_branch,507300,159,0,1092000,1270100,762800,0
2021-02-07,ATM005,transit_hub,1415700,442,0,0,2249700,833900,0
2021-02-08,ATM001,metro_retail,907000,283,0,2749000,3539900,2632900,0
2021-02-08,ATM002,urban_residential,554400,173,0,0,1271700,717300,0
2021-02-08,ATM003,corporate_park,651400,204,0,0,1623800,972400,0
2021-02-08,ATM004,rural_branch,363600,114,0,0,762800,399200,0
2021-02-08,ATM005,transit_hub,1018900,318,0,2846000,3679900,2661000,0
2021-02-09,ATM001,metro_retail,755700,236,0,0,2632900,1877200,0
2021-02-09,ATM002,urban_residential,462200,144,0,0,717300,255100,0
2021-02-09,ATM003,corporate_park,487400,152,0,0,972400,485000,0
2021-02-09,ATM004,rural_branch,253300,79,0,871000,1270200,1016900,0
2021-02-09,ATM005,transit_hub,776000,243,0,0,2661000,1885000,0
2021-02-10,ATM001,metro_retail,672900,210,0,0,1877200,1204300,0
2021-02-10,ATM002,urban_residential,410900,128,0,1775000,2030100,1619200,0
2021-02-10,ATM003,corporate_park,415800,130,0,1865000,2350000,1934200,0
2021-02-10,ATM004,rural_branch,245700,77,0,0,1016900,771100,0
2021-02-10,ATM005,transit_hub,648700,203,0,0,1885000,1236400,0
2021-02-11,ATM001,metro_retail,756800,237,0,2336000,3540300,2783500,0
2021-02-11,ATM002,urban_residential,434900,136,0,0,1619200,1184300,0
2021-02-11,ATM003,corporate_park,620200,194,0,0,1934200,1314000,0
2021-02-11,ATM004,rural_branch,295200,92,0,0,771100,476000,0
2021-02-11,ATM005,transit_hub,708100,221,0,2444000,3680400,2972300,0
2021-02-12,ATM001,metro_retail,970500,303,0,0,2783500,1813000,0
2021-02-12,ATM002,urban_residential,639800,200,0,0,1184300,544500,0
2021-02-12,ATM003,corporate_park,731600,229,0,0,1314000,582400,0
2021-02-12,ATM004,rural_branch,368500,115,0,0,476000,107500,0
2021-02-12,ATM005,transit_hub,1252100,391,0,0,2972300,1720100,0
2021-02-13,ATM001,metro_retail,1329000,415,0,0,1813000,484000,0
2021-02-13,ATM002,urban_residential,780200,244,0,1485000,2029500,1249300,0
2021-02-13,ATM003,corporate_park,973100,304,0,1768000,2350400,1377300,0
2021-02-13,ATM004,rural_branch,493100,154,0,1163000,1270500,777400,0
2021-02-13,ATM005,transit_hub,1463900,457,0,0,1720100,256200,0
2021-02-14,ATM001,metro_retail,1137700,356,0,3056000,3540000,2402300,0
2021-02-14,ATM002,urban_residential,639000,200,0,0,1249300,610300,0
2021-02-14,ATM003,corporate_park,980200,306,0,0,1377300,397000,0
2021-02-14,ATM004,rural_branch,438000,137,0,0,777400,339300,0
2021-02-14,ATM005,transit_hub,1398600,437,0,3424000,3680200,2281600,0
2021-02-15,ATM001,metro_retail,1028800,322,0,0,2402300,1373500,0
2021-02-15,ATM002,urban_residential,611000,191,0,1420000,2030300,1419300,0
2021-02-15,ATM003,corporate_park,648500,203,0,1953000,2350000,1701500,0
2021-02-15,ATM004,rural_branch,427100,133,0,931000,1270300,843200,0
2021-02-15,ATM005,transit_hub,1148200,359,0,0,2281600,1133400,0
2021-02-16,ATM001,metro_retail,777300,243,0,0,1373500,596200,0
2021-02-16,ATM002,urban_residential,369100,115,0,0,1419300,1050100,0
2021-02-16,ATM003,corporate_park,474300,148,0,0,1701500,1227200,0
2021-02-16,ATM004,rural_branch,256700,80,0,0,843200,586600,0
2021-02-16,ATM005,transit_hub,723000,226,0,2547000,3680400,2957400,0
2021-02-17,ATM001,metro_retail,703100,220,0,2944000,3540200,2837200,0
2021-02-17,ATM002,urban_residential,463600,145,0,0,1050100,586600,0
2021-02-17,ATM003,corporate_park,522500,163,0,0,1227200,704700,0
2021-02-17,ATM004,rural_branch,248900,78,0,0,586600,337700,0
2021-02-17,ATM005,transit_hub,649900,203,0,0,2957400,2307500,0
2021-02-18,ATM001,metro_retail,783600,245,0,0,2837200,2053500,0
2021-02-18,ATM002,urban_residential,448700,140,0,1443000,2029600,1580900,0
2021-02-18,ATM003,corporate_park,453000,142,0,1645000,2349700,1896800,0
2021-02-18,ATM004,rural_branch,275400,86,0,932000,1269700,994300,0
2021-02-18,ATM005,transit_hub,837200,262,0,0,2307500,1470300,0
2021-02-19,ATM001,metro_retail,1096500,343,0,0,2053500,957100,0
2021-02-19,ATM002,urban_residential,610400,191,0,0,1580900,970600,0
2021-02-19,ATM003,corporate_park,719600,225,0,0,1896800,1177200,0
2021-02-19,ATM004,rural_branch,375000,117,0,0,994300,619300,0
2021-02-19,ATM005,transit_hub,1168000,365,0,0,1470300,302200,0
2021-02-20,ATM001,metro_retail,1515800,474,0,2583000,3540100,2024300,0
2021-02-20,ATM002,urban_residential,802500,251,0,0,970600,168100,0
2021-02-20,ATM003,corporate_park,907600,284,0,0,1177200,269600,0
2021-02-20,ATM004,rural_branch,462600,145,0,0,619300,156700,0
2021-02-20,ATM005,transit_hub,1689600,528,0,3378000,3680200,1990600,0
2021-02-21,ATM001,metro_retail,1243800,389,0,0,2024300,780500,0
2021-02-21,ATM002,urban_residential,782500,245,0,1862000,2030100,1247600,0
2021-02-21,ATM003,corporate_park,849500,265,0,2080000,2349600,1500200,0
2021-02-21,ATM004,rural_branch,403100,126,0,1113000,1269700,866600,0
2021-02-21,ATM005,transit_hub,1237900,387,0,0,1990600,752800,0
2021-02-22,ATM001,metro_retail,928800,290,0,2760000,3540500,2611700,0
2021-02-22,ATM002,urban_residential,488400,153,0,0,1247600,759100,0
2021-02-22,ATM003,corporate_park,644700,201,0,0,1500200,855500,0
2021-02-22,ATM004,rural_branch,365900,114,0,0,866600,500700,0
2021-02-22,ATM005,transit_hub,1007900,315,0,2927000,3679800,2671800,0
2021-02-23,ATM001,metro_retail,682000,213,0,0,2611700,1929700,0
2021-02-23,ATM002,urban_residential,380200,119,0,0,759100,379000,0
2021-02-23,ATM003,corporate_park,453000,142,0,0,855500,402500,0
2021-02-23,ATM004,rural_branch,244100,76,0,0,500700,256600,0
2021-02-23,ATM005,transit_hub,653600,204,0,0,2671800,2018200,0
2021-02-24,ATM001,metro_retail,744200,233,0,0,1929700,1185500,0
2021-02-24,ATM002,urban_residential,392600,123,0,1651000,2030000,1637400,0
2021-02-24,ATM003,corporate_park,499000,156,0,1948000,2350500,1851500,0
2021-02-24,ATM004,rural_branch,254600,80,0,1013000,1269600,1015000,0
2021-02-24,ATM005,transit_hub,709500,222,0,0,2018200,1308800,0
2021-02-25,ATM001,metro_retail,790500,247,0,2355000,3540500,2750000,0
2021-02-25,ATM002,urban_residential,414900,130,0,0,1637400,1222500,0
2021-02-25,ATM003,corporate_park,550100,172,0,0,1851500,1301400,0
2021-02-25,ATM004,rural_branch,267400,84,0,0,1015000,747600,0
2021-02-25,ATM005,transit_hub,820600,256,0,0,1308800,488200,0
2021-02-26,ATM001,metro_retail,1521200,475,0,0,2750000,1228800,0
2021-02-26,ATM002,urban_residential,730500,228,0,0,1222500,492000,0
2021-02-26,ATM003,corporate_park,845900,264,0,0,1301400,455500,0
2021-02-26,ATM004,rural_branch,444400,139,0,0,747600,303200,0
2021-02-26,ATM005,transit_hub,1418200,443,0,3192000,3680200,2262000,0
2021-02-27,ATM001,metro_retail,1845900,577,0,2311000,3539800,1693900,0
2021-02-27,ATM002,urban_residential,1051800,329,0,1538000,2030000,978200,0
2021-02-27,ATM003,corporate_park,1105000,345,0,1895000,2350500,1245400,0
2021-02-27,ATM004,rural_branch,633500,198,0,967000,1270200,636800,0
2021-02-27,ATM005,transit_hub,1782500,557,0,0,2262000,479600,0
2021-02-28,ATM001,metro_retail,1693900,529,0,0,1693900,0,1
2021-02-28,ATM002,urban_residential,909300,284,0,0,978200,68800,0
2021-02-28,ATM003,corporate_park,965700,302,0,0,1245400,279700,0
2021-02-28,ATM004,rural_branch,636800,199,0,0,636800,0,1
2021-02-28,ATM005,transit_hub,1834000,573,0,3200000,3679600,1845500,0
2021-03-01,ATM001,metro_retail,1298500,406,0,3540000,3540000,2241500,0
2021-03-01,ATM002,urban_residential,715500,224,0,1961000,2029800,1314400,0
2021-03-01,ATM003,corporate_park,813200,254,0,2070000,2349700,1536500,0
2021-03-01,ATM004,rural_branch,468000,146,0,1270000,1270000,802000,0
2021-03-01,ATM005,transit_hub,1653200,517,0,0,1845500,192400,0
2021-03-02,ATM001,metro_retail,1078100,337,0,0,2241500,1163400,0
2021-03-02,ATM002,urban_residential,623400,195,0,0,1314400,691000,0
2021-03-02,ATM003,corporate_park,731200,228,0,0,1536500,805300,0
2021-03-02,ATM004,rural_branch,326700,102,0,0,802000,475400,0
2021-03-02,ATM005,transit_hub,937300,293,0,3488000,3680400,2743100,0
2021-03-03,ATM001,metro_retail,888600,278,0,2377000,3540400,2651800,0
2021-03-03,ATM002,urban_residential,464700,145,0,1339000,2030000,1565300,0
2021-03-03,ATM003,corporate_park,555400,174,0,1545000,2350300,1794900,0
2021-03-03,ATM004,rural_branch,302700,95,0,0,475400,172700,0
2021-03-03,ATM005,transit_hub,939400,294,0,0,2743100,1803700,0
2021-03-04,ATM001,metro_retail,750200,234,0,0,2651800,1901600,0
2021-03-04,ATM002,urban_residential,386800,121,0,0,1565300,1178500,0
2021-03-04,ATM003,corporate_park,497500,155,0,0,1794900,1297400,0
2021-03-04,ATM004,rural_branch,271700,85,0,1097000,1269700,998000,0
2021-03-04,ATM005,transit_hub,778300,243,0,0,1803700,1025300,0
2021-03-05,ATM001,metro_retail,1017500,318,0,0,1901600,884200,0
2021-03-05,ATM002,urban_residential,619600,194,0,0,1178500,558900,0
2021-03-05,ATM003,corporate_park,651800,204,0,0,1297400,645600,0
2021-03-05,ATM004,rural_branch,400100,125,0,0,998000,597800,0
2021-03-05,ATM005,transit_hub,1264900,395,0,2655000,3680300,2415400,0
2021-03-06,ATM001,metro_retail,1411800,441,0,2656000,3540200,2128400,0
2021-03-06,ATM002,urban_residential,789600,247,0,1471000,2029900,1240300,0
2021-03-06,ATM003,corporate_park,873300,273,0,1704000,2349600,1476300,0
2021-03-06,ATM004,rural_branch,490800,153,0,0,597800,107000,0
2021-03-06,ATM005,transit_hub,1500300,469,0,0,2415400,915100,0
2021-03-07,ATM001,metro_retail,1416700,443,0,0,2128400,711700,0
2021-03-07,ATM002,urban_residential,785500,245,0,0,1240300,454800,0
2021-03-07,ATM003,corporate_park,979800,306,0,0,1476300,496500,0
2021-03-07,ATM004,rural_branch,483100,151,0,1163000,1270000,786900,0
2021-03-07,ATM005,transit_hub,1454900,455,0,2765000,3680100,2225200,0
2021-03-08,ATM001,metro_retail,1106800,346,1,2828000,3539700,2432900,0
2021-03-08,ATM002,urban_residential,575800,180,1,1575000,2029800,1454000,0
2021-03-08,ATM003,corporate_park,765500,239,1,1853000,2349500,1584000,0
2021-03-08,ATM004,rural_branch,369000,115,1,0,786900,417900,0
2021-03-08,ATM005,transit_hub,1071500,335,1,0,2225200,1153700,0
2021-03-09,ATM001,metro_retail,757500,237,0,0,2432900,1675400,0
2021-03-09,ATM002,urban_residential,384300,120,0,0,1454000,1069700,0
2021-03-09,ATM003,corporate_park,425700,133,0,0,1584000,1158300,0
2021-03-09,ATM004,rural_branch,268800,84,0,852000,1269900,1001000,0
2021-03-09,ATM005,transit_hub,841900,263,0,2526000,3679700,2837800,0
2021-03-10,ATM001,metro_retail,613100,192,0,0,1675400,1062300,0
2021-03-10,ATM002,urban_residential,392000,123,0,0,1069700,677600,0
2021-03-10,ATM003,corporate_park,418700,131,0,0,1158300,739600,0
2021-03-10,ATM004,rural_branch,261200,82,0,0,1001000,739800,0
2021-03-10,ATM005,transit_hub,728800,228,0,0,2837800,2109000,0
2021-03-11,ATM001,metro_retail,808700,253,0,2478000,3540300,2731600,0
2021-03-11,ATM002,urban_residential,403600,126,0,1352000,2029600,1626000,0
2021-03-11,ATM003,corporate_park,540400,169,0,1610000,2349600,1809200,0
2021-03-11,ATM004,rural_branch,287500,90,0,0,739800,452300,0
2021-03-11,ATM005,transit_hub,936000,293,0,0,2109000,1173000,0
2021-03-12,ATM001,metro_retail,1127400,352,0,0,2731600,1604200,0
2021-03-12,ATM002,urban_residential,626700,196,0,0,1626000,999300,0
2021-03-12,ATM003,corporate_park,684700,214,0,0,1809200,1124500,0
2021-03-12,ATM004,rural_branch,417400,130,0,0,452300,34800,0
2021-03-12,ATM005,transit_hub,1227200,384,0,2507000,3680000,2452800,0
2021-03-13,ATM001,metro_retail,1380500,431,0,0,1604200,223700,0
2021-03-13,ATM002,urban_residential,775400,242,0,0,999300,223900,0
2021-03-13,ATM003,corporate_park,861400,269,0,0,1124500,263100,0
2021-03-13,ATM004,rural_branch,507300,159,0,1235000,1269800,762500,0
2021-03-13,ATM005,transit_hub,1399000,437,0,0,2452800,1053800,0
2021-03-14,ATM001,metro_retail,1140500,356,0,3316000,3539700,2399200,0
2021-03-14,ATM002,urban_residential,732200,229,0,1806000,2029900,1297700,0
2021-03-14,ATM003,corporate_park,721700,226,0,2087000,2350100,1628500,0
2021-03-14,ATM004,rural_branch,501700,157,0,0,762500,260800,0
2021-03-14,ATM005,transit_hub,1316700,411,0,2626000,3679800,2363100,0
2021-03-15,ATM001,metro_retail,1009400,315,0,0,2399200,1389800,0
2021-03-15,ATM002,urban_residential,599900,187,0,0,1297700,697800,0
2021-03-15,ATM003,corporate_park,607600,190,0,0,1628500,1020900,0
2021-03-15,ATM004,rural_branch,389200,122,0,1009000,1269800,880700,0
2021-03-15,ATM005,transit_hub,1127500,352,0,0,2363100,1235600,0
2021-03-16,ATM001,metro_retail,807300,252,0,0,1389800,582400,0
2021-03-16,ATM002,urban_residential,444800,139,0,1332000,2029800,1585000,0
2021-03-16,ATM003,corporate_park,496900,155,0,0,1020900,524000,0
2021-03-16,ATM004,rural_branch,301600,94,0,0,880700,579100,0
2021-03-16,ATM005,transit_hub,744600,233,0,2444000,3679600,2934900,0
2021-03-17,ATM001,metro_retail,664700,208,0,2958000,3540400,2875700,0
2021-03-17,ATM002,urban_residential,437300,137,0,0,1585000,1147800,0
2021-03-17,ATM003,corporate_park,442600,138,0,1826000,2350000,1907400,0
2021-03-17,ATM004,rural_branch,251700,79,0,0,579100,327400,0
2021-03-17,ATM005,transit_hub,793500,248,0,0,2934900,2141400,0
2021-03-18,ATM001,metro_retail,756400,236,0,0,2875700,2119300,0
2021-03-18,ATM002,urban_residential,447700,140,0,0,1147800,700100,0
2021-03-18,ATM003,corporate_park,565900,177,0,0,1907400,1341500,0
2021-03-18,ATM004,rural_branch,289800,91,0,943000,1270400,980600,0
2021-03-18,ATM005,transit_hub,805700,252,0,0,2141400,1335800,0
2021-03-19,ATM001,metro_retail,1185000,370,0,0,2119300,934300,0
2021-03-19,ATM002,urban_residential,638200,199,0,1330000,2030100,1391900,0
2021-03-19,ATM003,corporate_park,712200,223,0,0,1341500,629300,0
2021-03-19,ATM004,rural_branch,366700,115,0,0,980600,613900,0
2021-03-19,ATM005,transit_hub,1128300,353,0,0,1335800,207400,0
2021-03-20,ATM001,metro_retail,1391200,435,0,2606000,3540300,2149100,0
2021-03-20,ATM002,urban_residential,774200,242,0,0,1391900,617800,0
2021-03-20,ATM003,corporate_park,830500,260,0,1721000,2350300,1519800,0
2021-03-20,ATM004,rural_branch,514200,161,0,0,613900,99800,0
2021-03-20,ATM005,transit_hub,1402800,438,0,3473000,3680400,2277700,0
2021-03-21,ATM001,metro_retail,1160400,363,0,0,2149100,988700,0
2021-03-21,ATM002,urban_residential,682200,213,0,1412000,2029800,1347500,0
2021-03-21,ATM003,corporate_park,830500,260,0,0,1519800,689400,0
2021-03-21,ATM004,rural_branch,483200,151,0,1170000,1269800,786600,0
2021-03-21,ATM005,transit_hub,1190800,372,0,0,2277700,1086900,0
2021-03-22,ATM001,metro_retail,924600,289,0,2551000,3539700,2615100,0
2021-03-22,ATM002,urban_residential,460900,144,0,0,1347500,886700,0
2021-03-22,ATM003,corporate_park,703300,220,0,1661000,2350400,1647100,0
2021-03-22,ATM004,rural_branch,326200,102,0,0,786600,460500,0
2021-03-22,ATM005,transit_hub,1012600,316,0,2593000,3679900,2667400,0
2021-03-23,ATM001,metro_retail,676700,211,0,0,2615100,1938300,0
2021-03-23,ATM002,urban_residential,422500,132,0,0,886700,464200,0
2021-03-23,ATM003,corporate_park,461400,144,0,0,1647100,1185700,0
2021-03-23,ATM004,rural_branch,302300,94,0,0,460500,158200,0
2021-03-23,ATM005,transit_hub,769700,241,0,0,2667400,1897700,0
2021-03-24,ATM001,metro_retail,718600,225,0,0,1938300,1219700,0
2021-03-24,ATM002,urban_residential,392000,123,0,1566000,2030200,1638200,0
2021-03-24,ATM003,corporate_park,393100,123,0,0,1185700,792600,0
2021-03-24,ATM004,rural_branch,254800,80,0,1112000,1270200,1015400,0
2021-03-24,ATM005,transit_hub,815400,255,0,0,1897700,1082200,0
2021-03-25,ATM001,metro_retail,722900,226,0,2320000,3539700,2816800,0
2021-03-25,ATM002,urban_residential,436200,136,0,0,1638200,1202000,0
2021-03-25,ATM003,corporate_park,489400,153,0,1557000,2349600,1860200,0
2021-03-25,ATM004,rural_branch,331000,103,0,0,1015400,684300,0
2021-03-25,ATM005,transit_hub,725200,227,0,2598000,3680200,2955000,0
2021-03-26,ATM001,metro_retail,1153400,360,0,0,2816800,1663500,0
2021-03-26,ATM002,urban_residential,628000,196,0,0,1202000,573900,0
2021-03-26,ATM003,corporate_park,634900,198,0,0,1860200,1225300,0
2021-03-26,ATM004,rural_branch,354200,111,0,0,684300,330200,0
2021-03-26,ATM005,transit_hub,1137300,355,0,0,2955000,1817800,0
2021-03-27,ATM001,metro_retail,1431400,447,0,0,1663500,232100,0
2021-03-27,ATM002,urban_residential,730900,228,0,1456000,2029900,1299000,0
2021-03-27,ATM003,corporate_park,1050700,328,0,0,1225300,174600,0
2021-03-27,ATM004,rural_branch,500300,156,0,940000,1270200,769900,0
2021-03-27,ATM005,transit_hub,1678000,524,0,0,1817800,139700,0
2021-03-28,ATM001,metro_retail,1362300,426,0,3308000,3540100,2177900,0
2021-03-28,ATM002,urban_residential,647900,202,0,0,1299000,651200,0
2021-03-28,ATM003,corporate_park,689000,215,0,2175000,2349600,1660600,0
2021-03-28,ATM004,rural_branch,424400,133,0,0,769900,345500,0
2021-03-28,ATM005,transit_hub,1198500,375,0,3540000,3679700,2481300,0
2021-03-29,ATM001,metro_retail,1217100,380,0,0,2177900,960800,0
2021-03-29,ATM002,urban_residential,665200,208,0,1379000,2030200,1365000,0
2021-03-29,ATM003,corporate_park,786800,246,0,0,1660600,873800,0
2021-03-29,ATM004,rural_branch,487500,152,0,925000,1270500,783000,0
2021-03-29,ATM005,transit_hub,1204900,377,0,0,2481300,1276400,0
2021-03-30,ATM001,metro_retail,1030300,322,0,2579000,3539800,2509500,0
2021-03-30,ATM002,urban_residential,519400,162,0,0,1365000,845600,0
2021-03-30,ATM003,corporate_park,732200,229,0,0,873800,141600,0
2021-03-30,ATM004,rural_branch,361600,113,0,0,783000,421400,0
2021-03-30,ATM005,transit_hub,917000,287,0,2404000,3680400,2763400,0
2021-03-31,ATM001,metro_retail,853900,267,0,0,2509500,1655600,0
2021-03-31,ATM002,urban_residential,541000,169,0,0,845600,304500,0
2021-03-31,ATM003,corporate_park,644700,201,0,2208000,2349600,1705000,0
2021-03-31,ATM004,rural_branch,328500,103,0,849000,1270400,941900,0
2021-03-31,ATM005,transit_hub,1037400,324,0,0,2763400,1726100,0
2021-04-01,ATM001,metro_retail,1120500,350,0,0,1655600,535100,0
2021-04-01,ATM002,urban_residential,567800,177,0,1725000,2029500,1461700,0
2021-04-01,ATM003,corporate_park,707900,221,0,0,1705000,997100,0
2021-04-01,ATM004,rural_branch,392200,123,0,0,941900,549700,0
2021-04-01,ATM005,transit_hub,1060300,331,0,0,1726100,665800,0
2021-04-02,ATM001,metro_retail,1507700,471,0,3005000,3540100,2032400,0
2021-04-02,ATM002,urban_residential,820600,256,0,0,1461700,641200,0
2021-04-02,ATM003,corporate_park,902400,282,0,0,997100,94700,0
2021-04-02,ATM004,rural_branch,530500,166,0,0,549700,19200,0
2021-04-02,ATM005,transit_hub,1525600,477,0,3014000,3679800,2154200,0
2021-04-03,ATM001,metro_retail,1989400,622,0,0,2032400,43100,0
2021-04-03,ATM002,urban_residential,893200,279,0,1389000,2030200,1137000,0
2021-04-03,ATM003,corporate_park,1115300,349,0,2255000,2349700,1234400,0
2021-04-03,ATM004,rural_branch,692500,216,0,1251000,1270200,577600,0
2021-04-03,ATM005,transit_hub,1752100,548,0,0,2154200,402000,0
2021-04-04,ATM001,metro_retail,1075500,336,0,3497000,3540100,2464600,0
2021-04-04,ATM002,urban_residential,598700,187,0,0,1137000,538300,0
2021-04-04,ATM003,corporate_park,764400,239,0,0,1234400,470000,0
2021-04-04,ATM004,rural_branch,485800,152,0,0,577600,91800,0
2021-04-04,ATM005,transit_hub,1209700,378,0,3278000,3680000,2470300,0
2021-04-05,ATM001,metro_retail,978400,306,0,0,2464600,1486100,0
2021-04-05,ATM002,urban_residential,551800,172,0,1492000,2030300,1478500,0
2021-04-05,ATM003,corporate_park,713600,223,0,1880000,2350000,1636400,0
2021-04-05,ATM004,rural_branch,337600,105,0,1178000,1269800,932300,0
2021-04-05,ATM005,transit_hub,984200,308,0,0,2470300,1486100,0
2021-04-06,ATM001,metro_retail,757700,237,0,0,1486100,728500,0
2021-04-06,ATM002,urban_residential,378500,118,0,0,1478500,1100000,0
2021-04-06,ATM003,corporate_park,486700,152,0,0,1636400,1149700,0
2021-04-06,ATM004,rural_branch,249900,78,0,0,932300,682300,0
2021-04-06,ATM005,transit_hub,738100,231,0,0,1486100,748000,0
2021-04-07,ATM001,metro_retail,857900,268,0,2812000,3540500,2682600,0
2021-04-07,ATM002,urban_residential,435500,136,0,0,1100000,664500,0
2021-04-07,ATM003,corporate_park,446900,140,0,0,1149700,702700,0
2021-04-07,ATM004,rural_branch,283500,89,0,0,682300,398800,0
2021-04-07,ATM005,transit_hub,800900,250,0,2932000,3680000,2879100,0
2021-04-08,ATM001,metro_retail,813700,254,0,0,2682600,1868900,0
2021-04-08,ATM002,urban_residential,384800,120,0,1366000,2030500,1645600,0
2021-04-08,ATM003,corporate_park,559000,175,0,1647000,2349700,1790700,0
2021-04-08,ATM004,rural_branch,287300,90,0,871000,1269800,982500,0
2021-04-08,ATM005,transit_hub,806600,252,0,0,2879100,2072500,0
2021-04-09,ATM001,metro_retail,1100400,344,0,0,1868900,768500,0
2021-04-09,ATM002,urban_residential,549500,172,0,0,1645600,1096200,0
2021-04-09,ATM003,corporate_park,787900,246,0,0,1790700,1002900,0
2021-04-09,ATM004,rural_branch,404900,127,0,0,982500,577600,0
2021-04-09,ATM005,transit_hub,1154200,361,0,0,2072500,918300,0
2021-04-10,ATM001,metro_retail,1391200,435,0,2772000,3540500,2149300,0
2021-04-10,ATM002,urban_residential,782800,245,0,0,1096200,313400,0
2021-04-10,ATM003,corporate_park,889100,278,0,0,1002900,113800,0
2021-04-10,ATM004,rural_branch,493400,154,0,0,577600,84300,0
2021-04-10,ATM005,transit_hub,1427700,446,0,2762000,3680300,2252600,0
2021-04-11,ATM001,metro_retail,1105500,345,0,0,2149300,1043900,0
2021-04-11,ATM002,urban_residential,677100,212,0,1717000,2030400,1353300,0
2021-04-11,ATM003,corporate_park,837800,262,0,2236000,2349800,1512000,0
2021-04-11,ATM004,rural_branch,532800,167,0,1186000,1270300,737400,0
2021-04-11,ATM005,transit_hub,1316800,411,0,0,2252600,935800,0
2021-04-12,ATM001,metro_retail,934200,292,0,2496000,3539900,2605600,0
2021-04-12,ATM002,urban_residential,562700,176,0,0,1353300,790500,0
2021-04-12,ATM003,corporate_park,627000,196,0,0,1512000,885000,0
2021-04-12,ATM004,rural_branch,319500,100,0,0,737400,418000,0
2021-04-12,ATM005,transit_hub,971800,304,0,2744000,3679800,2708000,0
2021-04-13,ATM001,metro_retail,724000,226,0,0,2605600,1881600,0
2021-04-13,ATM002,urban_residential,428400,134,0,0,790500,362200,0
2021-04-13,ATM003,corporate_park,443000,138,0,0,885000,442000,0
2021-04-13,ATM004,rural_branch,304600,95,0,852000,1270000,965400,0
2021-04-13,ATM005,transit_hub,734200,229,0,0,2708000,1973800,0
2021-04-14,ATM001,metro_retail,900700,281,1,0,1881600,980900,0
2021-04-14,ATM002,urban_residential,453200,142,1,1668000,2030200,1576900,0
2021-04-14,ATM003,corporate_park,510400,159,1,1908000,2350000,1839700,0
2021-04-14,ATM004,rural_branch,329100,103,1,0,965400,636300,0
2021-04-14,ATM005,transit_hub,843600,264,1,0,1973800,1130200,0
2021-04-15,ATM001,metro_retail,828000,259,0,2559000,3539900,2712000,0
2021-04-15,ATM002,urban_residential,493400,154,0,0,1576900,1083600,0
2021-04-15,ATM003,corporate_park,507900,159,0,0,1839700,1331700,0
2021-04-15,ATM004,rural_branch,343600,107,0,0,636300,292700,0
2021-04-15,ATM005,transit_hub,777600,243,0,2550000,3680200,2902600,0
2021-04-16,ATM001,metro_retail,1120000,350,0,0,2712000,1592000,0
2021-04-16,ATM002,urban_residential,656300,205,0,0,1083600,427200,0
2021-04-16,ATM003,corporate_park,678300,212,0,0,1331700,653500,0
2021-04-16,ATM004,rural_branch,477000,149,0,977000,1269700,792700,0
2021-04-16,ATM005,transit_hub,1059000,331,0,0,2902600,1843500,0
2021-04-17,ATM001,metro_retail,1308400,409,0,0,1592000,283600,0
2021-04-17,ATM002,urban_residential,829300,259,0,1603000,2030200,1201000,0
2021-04-17,ATM003,corporate_park,834400,261,0,1697000,2350500,1516100,0
2021-04-17,ATM004,rural_branch,546800,171,0,0,792700,245900,0
2021-04-17,ATM005,transit_hub,1405000,439,0,0,1843500,438500,0
2021-04-18,ATM001,metro_retail,1165200,364,0,3256000,3539600,2374400,0
2021-04-18,ATM002,urban_residential,677900,212,0,0,1201000,523100,0
2021-04-18,ATM003,corporate_park,805800,252,0,0,1516100,710300,0
2021-04-18,ATM004,rural_branch,434600,136,0,1024000,1269900,835300,0
2021-04-18,ATM005,transit_hub,1169800,366,0,3241000,3679500,2509700,0
2021-04-19,ATM001,metro_retail,939300,294,0,0,2374400,1435100,0
2021-04-19,ATM002,urban_residential,564700,176,0,1507000,2030100,1465400,0
2021-04-19,ATM003,corporate_park,635000,198,0,1640000,2350300,1715300,0
2021-04-19,ATM004,rural_branch,323500,101,0,0,835300,511800,0
2021-04-19,ATM005,transit_hub,992400,310,0,0,2509700,1517300,0
2021-04-20,ATM001,metro_retail,770600,241,0,0,1435100,664400,0
2021-04-20,ATM002,urban_residential,470300,147,0,0,1465400,995100,0
2021-04-20,ATM003,corporate_park,438800,137,0,0,1715300,1276600,0
2021-04-20,ATM004,rural_branch,245300,77,0,0,511800,266500,0
2021-04-20,ATM005,transit_hub,718800,225,0,0,1517300,798500,0
2021-04-21,ATM001,metro_retail,778200,243,0,2876000,3540400,2762200,0
2021-04-21,ATM002,urban_residential,432000,135,0,0,995100,563100,0
2021-04-21,ATM003,corporate_park,422800,132,0,0,1276600,853800,0
2021-04-21,ATM004,rural_branch,278400,87,0,1003000,1269500,991100,0
2021-04-21,ATM005,transit_hub,698700,218,0,2881000,3679500,2980800,0
2021-04-22,ATM001,metro_retail,779900,244,0,0,2762200,1982300,0
2021-04-22,ATM002,urban_residential,481900,151,0,1467000,2030100,1548100,0
2021-04-22,ATM003,corporate_park,512000,160,0,0,853800,341700,0
2021-04-22,ATM004,rural_branch,245500,77,0,0,991100,745600,0
2021-04-22,ATM005,transit_hub,880700,275,0,0,2980800,2100100,0
2021-04-23,ATM001,metro_retail,1029000,322,0,0,1982300,953300,0
2021-04-23,ATM002,urban_residential,648300,203,0,0,1548100,899900,0
2021-04-23,ATM003,corporate_park,749200,234,0,2008000,2349700,1600600,0
2021-04-23,ATM004,rural_branch,343700,107,0,0,745600,401900,0
2021-04-23,ATM005,transit_hub,1337400,418,0,0,2100100,762700,0
2021-04-24,ATM001,metro_retail,1479800,462,0,2587000,3540300,2060500,0
2021-04-24,ATM002,urban_residential,855900,267,0,0,899900,44000,0
2021-04-24,ATM003,corporate_park,914400,286,0,0,1600600,686200,0
2021-04-24,ATM004,rural_branch,604000,189,0,868000,1269900,665900,0
2021-04-24,ATM005,transit_hub,1606600,502,0,2917000,3679700,2073100,0
2021-04-25,ATM001,metro_retail,1232600,385,0,0,2060500,827900,0
2021-04-25,ATM002,urban_residential,646800,202,0,1986000,2030000,1383200,0
2021-04-25,ATM003,corporate_park,641500,200,0,1664000,2350200,1708700,0
2021-04-25,ATM004,rural_branch,497300,155,0,0,665900,168600,0
2021-04-25,ATM005,transit_hub,1301700,407,0,0,2073100,771400,0
2021-04-26,ATM001,metro_retail,953800,298,0,2712000,3539900,2586000,0
2021-04-26,ATM002,urban_residential,486900,152,0,0,1383200,896300,0
2021-04-26,ATM003,corporate_park,701500,219,0,0,1708700,1007200,0
2021-04-26,ATM004,rural_branch,355900,111,0,1101000,1269600,913700,0
2021-04-26,ATM005,transit_hub,1107300,346,0,2909000,3680400,2573100,0
2021-04-27,ATM001,metro_retail,704300,220,0,0,2586000,1881700,0
2021-04-27,ATM002,urban_residential,414400,130,0,0,896300,481800,0
2021-04-27,ATM003,corporate_park,579900,181,0,0,1007200,427300,0
2021-04-27,ATM004,rural_branch,288200,90,0,0,913700,625500,0
2021-04-27,ATM005,transit_hub,782500,245,0,0,2573100,1790600,0
2021-04-28,ATM001,metro_retail,994300,311,0,0,1881700,887400,0
2021-04-28,ATM002,urban_residential,477600,149,0,1548000,2029800,1552300,0
2021-04-28,ATM003,corporate_park,688900,215,0,1923000,2350300,1661400,0
2021-04-28,ATM004,rural_branch,360300,113,0,0,625500,265100,0
2021-04-28,ATM005,transit_hub,957900,299,0,0,1790600,832600,0
2021-04-29,ATM001,metro_retail,1023500,320,0,2653000,3540400,2517000,0
2021-04-29,ATM002,urban_residential,531500,166,0,0,1552300,1020800,0
2021-04-29,ATM003,corporate_park,699600,219,0,0,1661400,961800,0
2021-04-29,ATM004,rural_branch,363900,114,0,1005000,1270100,906200,0
2021-04-29,ATM005,transit_hub,1066100,333,0,2847000,3679600,2613500,0
2021-04-30,ATM001,metro_retail,1494000,467,0,0,2517000,1023000,0
2021-04-30,ATM002,urban_residential,840000,263,0,0,1020800,180700,0
2021-04-30,ATM003,corporate_park,961800,301,0,0,961800,0,1
2021-04-30,ATM004,rural_branch,445600,139,0,0,906200,460600,0
2021-04-30,ATM005,transit_hub,1434400,448,0,0,2613500,1179100,0
2021-05-01,ATM001,metro_retail,2256800,705,0,2517000,3540000,1283200,0
2021-05-01,ATM002,urban_residential,1117300,349,0,1849000,2029700,912500,0
2021-05-01,ATM003,corporate_park,1242600,388,0,2350000,2350000,1107400,0
2021-05-01,ATM004,rural_branch,460600,144,0,0,460600,0,1
2021-05-01,ATM005,transit_hub,1805700,564,0,2501000,3680100,1874400,0
2021-05-02,ATM001,metro_retail,1283200,401,0,0,1283200,0,1
2021-05-02,ATM002,urban_residential,912500,285,0,0,912500,0,1
2021-05-02,ATM003,corporate_park,1075000,336,0,0,1107400,32400,0
2021-05-02,ATM004,rural_branch,635500,199,0,1270000,1270000,634500,0
2021-05-02,ATM005,transit_hub,1606000,502,0,0,1874400,268400,0
2021-05-03,ATM001,metro_retail,1179500,369,0,3540000,3540000,2360500,0
2021-05-03,ATM002,urban_residential,599100,187,0,2030000,2030000,1430900,0
2021-05-03,ATM003,corporate_park,705800,221,0,2318000,2350400,1644500,0
2021-05-03,ATM004,rural_branch,372700,116,0,0,634500,261800,0
2021-05-03,ATM005,transit_hub,1185300,370,0,3412000,3680400,2495200,0
2021-05-04,ATM001,metro_retail,837100,262,0,0,2360500,1523400,0
2021-05-04,ATM002,urban_residential,402100,126,0,0,1430900,1028800,0
2021-05-04,ATM003,corporate_park,500100,156,0,0,1644500,1144400,0
2021-05-04,ATM004,rural_branch,267100,83,0,1008000,1269800,1002700,0
2021-05-04,ATM005,transit_hub,794100,248,0,0,2495200,1701100,0
2021-05-05,ATM001,metro_retail,726200,227,0,0,1523400,797300,0
2021-05-05,ATM002,urban_residential,444000,139,0,0,1028800,584800,0
2021-05-05,ATM003,corporate_park,404300,126,0,0,1144400,740100,0
2021-05-05,ATM004,rural_branch,245200,77,0,0,1002700,757500,0
2021-05-05,ATM005,transit_hub,724800,227,0,0,1701100,976200,0
2021-05-06,ATM001,metro_retail,770500,241,0,2743000,3540300,2769800,0
2021-05-06,ATM002,urban_residential,432800,135,0,1445000,2029800,1596900,0
2021-05-06,ATM003,corporate_park,540500,169,0,1610000,2350100,1809700,0
2021-05-06,ATM004,rural_branch,282500,88,0,0,757500,475000,0
2021-05-06,ATM005,transit_hub,704600,220,0,2704000,3680200,2975600,0
2021-05-07,ATM001,metro_retail,1222100,382,0,0,2769800,1547600,0
2021-05-07,ATM002,urban_residential,683300,214,0,0,1596900,913600,0
2021-05-07,ATM003,corporate_park,766400,240,0,0,1809700,1043300,0
2021-05-07,ATM004,rural_branch,423400,132,0,0,475000,51600,0
2021-05-07,ATM005,transit_hub,1245400,389,0,0,2975600,1730300,0
2021-05-08,ATM001,metro_retail,1547600,484,0,0,1547600,0,1
2021-05-08,ATM002,urban_residential,910400,285,0,0,913600,3200,0
2021-05-08,ATM003,corporate_park,974500,305,0,0,1043300,68800,0
2021-05-08,ATM004,rural_branch,549600,172,0,1218000,1269600,720100,0
2021-05-08,ATM005,transit_hub,1521700,476,0,0,1730300,208600,0
2021-05-09,ATM001,metro_retail,1207100,377,0,3540000,3540000,2332900,0
2021-05-09,ATM002,urban_residential,765900,239,0,2027000,2030200,1264300,0
2021-05-09,ATM003,corporate_park,796300,249,0,2281000,2349800,1553500,0
2021-05-09,ATM004,rural_branch,441800,138,0,0,720100,278300,0
2021-05-09,ATM005,transit_hub,1354700,423,0,3471000,3679600,2324800,0
2021-05-10,ATM001,metro_retail,958300,299,0,0,2332900,1374600,0
2021-05-10,ATM002,urban_residential,495900,155,0,0,1264300,768300,0
2021-05-10,ATM003,corporate_park,600200,188,0,0,1553500,953300,0
2021-05-10,ATM004,rural_branch,305400,95,0,992000,1270300,964900,0
2021-05-10,ATM005,transit_hub,1044400,326,0,0,2324800,1280500,0
2021-05-11,ATM001,metro_retail,791600,247,0,0,1374600,583000,0
2021-05-11,ATM002,urban_residential,456900,143,0,0,768300,311400,0
2021-05-11,ATM003,corporate_park,534000,167,0,0,953300,419300,0
2021-05-11,ATM004,rural_branch,282100,88,0,0,964900,682800,0
2021-05-11,ATM005,transit_hub,926000,289,0,2400000,3680500,2754500,0
2021-05-12,ATM001,metro_retail,695000,217,0,2957000,3540000,2845100,0
2021-05-12,ATM002,urban_residential,396200,124,0,1719000,2030400,1634200,0
2021-05-12,ATM003,corporate_park,414000,129,0,1931000,2350300,1936400,0
2021-05-12,ATM004,rural_branch,270300,84,0,0,682800,412500,0
2021-05-12,ATM005,transit_hub,703600,220,0,0,2754500,2050900,0
2021-05-13,ATM001,metro_retail,708200,221,0,0,2845100,2136900,0
2021-05-13,ATM002,urban_residential,426400,133,0,0,1634200,1207700,0
2021-05-13,ATM003,corporate_park,500900,157,0,0,1936400,1435400,0
2021-05-13,ATM004,rural_branch,248200,78,0,858000,1270500,1022200,0
2021-05-13,ATM005,transit_hub,905200,283,0,0,2050900,1145700,0
2021-05-14,ATM001,metro_retail,1125300,352,0,0,2136900,1011600,0
2021-05-14,ATM002,urban_residential,609900,191,0,0,1207700,597800,0
2021-05-14,ATM003,corporate_park,685700,214,0,0,1435400,749700,0
2021-05-14,ATM004,rural_branch,415100,130,0,0,1022200,607100,0
2021-05-14,ATM005,transit_hub,1222900,382,0,2534000,3679700,2456800,0
2021-05-15,ATM001,metro_retail,1612900,504,0,2528000,3539600,1926700,0
2021-05-15,ATM002,urban_residential,959100,300,0,1432000,2029800,1070700,0
2021-05-15,ATM003,corporate_park,1070300,334,0,1600000,2349700,1279400,0
2021-05-15,ATM004,rural_branch,607100,190,0,0,607100,0,1
2021-05-15,ATM005,transit_hub,1556600,486,0,0,2456800,900200,0
2021-05-16,ATM001,metro_retail,1157400,362,0,0,1926700,769400,0
2021-05-16,ATM002,urban_residential,646900,202,0,0,1070700,423800,0
2021-05-16,ATM003,corporate_park,778500,243,0,0,1279400,500900,0
2021-05-16,ATM004,rural_branch,445100,139,0,1270000,1270000,824900,0
2021-05-16,ATM005,transit_hub,1262300,394,0,2780000,3680200,2417900,0
2021-05-17,ATM001,metro_retail,980200,306,0,2771000,3540400,2560200,0
2021-05-17,ATM002,urban_residential,544800,170,0,1606000,2029800,1485000,0
2021-05-17,ATM003,corporate_park,641300,200,0,1849000,2349900,1708600,0
2021-05-17,ATM004,rural_branch,349900,109,0,0,824900,475100,0
2021-05-17,ATM005,transit_hub,956700,299,0,0,2417900,1461300,0
2021-05-18,ATM001,metro_retail,765300,239,0,0,2560200,1794900,0
2021-05-18,ATM002,urban_residential,432600,135,0,0,1485000,1052400,0
2021-05-18,ATM003,corporate_park,519200,162,0,0,1708600,1189400,0
2021-05-18,ATM004,rural_branch,244800,77,0,0,475100,230200,0
2021-05-18,ATM005,transit_hub,758100,237,0,0,1461300,703200,0
2021-05-19,ATM001,metro_retail,676200,211,0,0,1794900,1118800,0
2021-05-19,ATM002,urban_residential,438300,137,0,0,1052400,614100,0
2021-05-19,ATM003,corporate_park,372700,116,0,0,1189400,816700,0
2021-05-19,ATM004,rural_branch,216500,68,0,1040000,1270200,1053700,0
2021-05-19,ATM005,transit_hub,728700,228,0,2977000,3680200,2951500,0
2021-05-20,ATM001,metro_retail,811500,254,0,2421000,3539800,2728300,0
2021-05-20,ATM002,urban_residential,421100,132,0,1416000,2030100,1609000,0
2021-05-20,ATM003,corporate_park,472300,148,0,1533000,2349700,1877500,0
2021-05-20,ATM004,rural_branch,302200,94,0,0,1053700,751500,0
2021-05-20,ATM005,transit_hub,787100,246,0,0,2951500,2164400,0
2021-05-21,ATM001,metro_retail,1093900,342,0,0,2728300,1634300,0
2021-05-21,ATM002,urban_residential,654200,204,0,0,1609000,954800,0
2021-05-21,ATM003,corporate_park,727700,227,0,0,1877500,1149800,0
2021-05-21,ATM004,rural_branch,395700,124,0,0,751500,355800,0
2021-05-21,ATM005,transit_hub,1136800,355,0,0,2164400,1027600,0
2021-05-22,ATM001,metro_retail,1325000,414,0,0,1634300,309300,0
2021-05-22,ATM002,urban_residential,770200,241,0,0,954800,184600,0
2021-05-22,ATM003,corporate_park,997400,312,0,0,1149800,152400,0
2021-05-22,ATM004,rural_branch,545000,170,0,914000,1269800,724800,0
2021-05-22,ATM005,transit_hub,1372000,429,0,2652000,3679600,2307600,0
2021-05-23,ATM001,metro_retail,1235300,386,0,3231000,3540300,2305000,0
2021-05-23,ATM002,urban_residential,759400,237,0,1845000,2029600,1270200,0
2021-05-23,ATM003,corporate_park,825700,258,0,2198000,2350400,1524700,0
2021-05-23,ATM004,rural_branch,442200,138,0,0,724800,282600,0
2021-05-23,ATM005,transit_hub,1396900,437,0,0,2307600,910700,0
2021-05-24,ATM001,metro_retail,929100,290,0,0,2305000,1375900,0
2021-05-24,ATM002,urban_residential,541500,169,0,0,1270200,728700,0
2021-05-24,ATM003,corporate_park,704600,220,0,0,1524700,820000,0
2021-05-24,ATM004,rural_branch,335200,105,0,987000,1269600,934400,0
2021-05-24,ATM005,transit_hub,1090600,341,0,2769000,3679700,2589000,0
2021-05-25,ATM001,metro_retail,706600,221,0,0,1375900,669300,0
2021-05-25,ATM002,urban_residential,378500,118,0,0,728700,350200,0
2021-05-25,ATM003,corporate_park,485700,152,0,0,820000,334300,0
2021-05-25,ATM004,rural_branch,269100,84,0,0,934400,665300,0
2021-05-25,ATM005,transit_hub,725100,227,0,0,2589000,1864000,0
2021-05-26,ATM001,metro_retail,741700,232,0,2871000,3540300,2798600,0
2021-05-26,ATM002,urban_residential,426500,133,0,1680000,2030200,1603800,0
2021-05-26,ATM003,corporate_park,464800,145,0,2016000,2350300,1885500,0
2021-05-26,ATM004,rural_branch,256800,80,0,0,665300,408500,0
2021-05-26,ATM005,transit_hub,809800,253,0,0,1864000,1054200,0
2021-05-27,ATM001,metro_retail,811200,254,0,0,2798600,1987300,0
2021-05-27,ATM002,urban_residential,433200,135,0,0,1603800,1170600,0
2021-05-27,ATM003,corporate_park,491000,153,0,0,1885500,1394500,0
2021-05-27,ATM004,rural_branch,313300,98,0,861000,1269500,956200,0
2021-05-27,ATM005,transit_hub,750600,235,0,2626000,3680200,2929500,0
2021-05-28,ATM001,metro_retail,1070800,335,0,0,1987300,916500,0
2021-05-28,ATM002,urban_residential,595400,186,0,0,1170600,575200,0
2021-05-28,ATM003,corporate_park,692800,217,0,0,1394500,701700,0
2021-05-28,ATM004,rural_branch,383300,120,0,0,956200,572900,0
2021-05-28,ATM005,transit_hub,987100,308,0,0,2929500,1942400,0
2021-05-29,ATM001,metro_retail,1931500,604,0,2623000,3539500,1608100,0
2021-05-29,ATM002,urban_residential,1000500,313,0,1455000,2030200,1029700,0
2021-05-29,ATM003,corporate_park,1099100,343,0,1648000,2349700,1250600,0
2021-05-29,ATM004,rural_branch,572900,179,0,0,572900,0,1
2021-05-29,ATM005,transit_hub,1942400,607,0,0,1942400,0,1
2021-05-30,ATM001,metro_retail,1608100,503,0,0,1608100,0,1
2021-05-30,ATM002,urban_residential,896700,280,0,0,1029700,133000,0
2021-05-30,ATM003,corporate_park,971400,304,0,0,1250600,279200,0
2021-05-30,ATM004,rural_branch,598200,187,0,1270000,1270000,671800,0
2021-05-30,ATM005,transit_hub,1735900,542,0,3680000,3680000,1944100,0
2021-05-31,ATM001,metro_retail,1162200,363,0,3540000,3540000,2377800,0
2021-05-31,ATM002,urban_residential,621400,194,0,1897000,2030000,1408600,0
2021-05-31,ATM003,corporate_park,800700,250,0,2071000,2350200,1549500,0
2021-05-31,ATM004,rural_branch,393300,123,0,0,671800,278500,0
2021-05-31,ATM005,transit_hub,1247100,390,0,0,1944100,697000,0
2021-06-01,ATM001,metro_retail,1097900,343,0,0,2377800,1279900,0
2021-06-01,ATM002,urban_residential,682000,213,0,0,1408600,726600,0
2021-06-01,ATM003,corporate_park,678000,212,0,0,1549500,871600,0
2021-06-01,ATM004,rural_branch,298500,93,0,991000,1269500,971000,0
2021-06-01,ATM005,transit_hub,1160600,363,0,2983000,3680000,2519400,0
2021-06-02,ATM001,metro_retail,972000,304,0,0,1279900,307900,0
2021-06-02,ATM002,urban_residential,517500,162,0,0,726600,209100,0
2021-06-02,ATM003,corporate_park,623600,195,0,0,871600,247900,0
2021-06-02,ATM004,rural_branch,313200,98,0,0,971000,657800,0
2021-06-02,ATM005,transit_hub,1194900,373,0,0,2519400,1324500,0
2021-06-03,ATM001,metro_retail,1129900,353,0,3232000,3539900,2410000,0
2021-06-03,ATM002,urban_residential,511000,160,0,1821000,2030100,1519100,0
2021-06-03,ATM003,corporate_park,545400,170,0,2102000,2349900,1804500,0
2021-06-03,ATM004,rural_branch,344400,108,0,0,657800,313400,0
2021-06-03,ATM005,transit_hub,1300200,406,0,0,1324500,24200,0
2021-06-04,ATM001,metro_retail,992800,310,0,0,2410000,1417200,0
2021-06-04,ATM002,urban_residential,662000,207,0,0,1519100,857100,0
2021-06-04,ATM003,corporate_park,749300,234,0,0,1804500,1055200,0
2021-06-04,ATM004,rural_branch,370000,116,0,957000,1270400,900300,0
2021-06-04,ATM005,transit_hub,1063000,332,0,3656000,3680200,2617300,0
2021-06-05,ATM001,metro_retail,1417200,443,0,0,1417200,0,1
2021-06-05,ATM002,urban_residential,845000,264,0,0,857100,12100,0
2021-06-05,ATM003,corporate_park,926200,289,0,0,1055200,129000,0
2021-06-05,ATM004,rural_branch,449300,140,0,0,900300,451000,0
2021-06-05,ATM005,transit_hub,1533400,479,0,0,2617300,1083800,0
2021-06-06,ATM001,metro_retail,1183800,370,0,3540000,3540000,2356200,0
2021-06-06,ATM002,urban_residential,738400,231,0,2018000,2030100,1291700,0
2021-06-06,ATM003,corporate_park,817300,255,0,2221000,2350000,1532700,0
2021-06-06,ATM004,rural_branch,444300,139,0,0,451000,6700,0
2021-06-06,ATM005,transit_hub,1159800,362,0,2596000,3679800,2520000,0
2021-06-07,ATM001,metro_retail,1021700,319,0,0,2356200,1334500,0
2021-06-07,ATM002,urban_residential,647500,202,0,0,1291700,644200,0
2021-06-07,ATM003,corporate_park,661400,207,0,0,1532700,871300,0
2021-06-07,ATM004,rural_branch,428900,134,0,1263000,1269700,840800,0
2021-06-07,ATM005,transit_hub,1405800,439,0,0,2520000,1114200,0
2021-06-08,ATM001,metro_retail,830700,260,0,0,1334500,503800,0
2021-06-08,ATM002,urban_residential,409200,128,0,1386000,2030200,1621000,0
2021-06-08,ATM003,corporate_park,473900,148,0,0,871300,397400,0
2021-06-08,ATM004,rural_branch,288700,90,0,0,840800,552000,0
2021-06-08,ATM005,transit_hub,741900,232,0,2566000,3680200,2938300,0
2021-06-09,ATM001,metro_retail,720600,225,0,3036000,3539800,2819200,0
2021-06-09,ATM002,urban_residential,385900,121,0,0,1621000,1235100,0
2021-06-09,ATM003,corporate_park,503700,157,0,1953000,2350400,1846600,0
2021-06-09,ATM004,rural_branch,259600,81,0,0,552000,292400,0
2021-06-09,ATM005,transit_hub,811500,254,0,0,2938300,2126800,0
2021-06-10,ATM001,metro_retail,903900,282,0,0,2819200,1915300,0
2021-06-10,ATM002,urban_residential,454700,142,0,0,1235100,780500,0
2021-06-10,ATM003,corporate_park,507100,158,0,0,1846600,1339600,0
2021-06-10,ATM004,rural_branch,316200,99,0,978000,1270400,954200,0
2021-06-10,ATM005,transit_hub,824500,258,0,0,2126800,1302300,0
2021-06-11,ATM001,metro_retail,1082700,338,0,0,1915300,832600,0
2021-06-11,ATM002,urban_residential,646600,202,0,0,780500,133800,0
2021-06-11,ATM003,corporate_park,862600,270,0,0,1339600,477000,0
2021-06-11,ATM004,rural_branch,384100,120,0,0,954200,570100,0
2021-06-11,ATM005,transit_hub,1048600,328,0,0,1302300,253700,0
2021-06-12,ATM001,metro_retail,1485700,464,0,2707000,3539600,2053900,0
2021-06-12,ATM002,urban_residential,793500,248,0,1896000,2029800,1236400,0
2021-06-12,ATM003,corporate_park,803700,251,0,1873000,2350000,1546300,0
2021-06-12,ATM004,rural_branch,480600,150,0,0,570100,89500,0
2021-06-12,ATM005,transit_hub,1471000,460,0,3426000,3679700,2208700,0
2021-06-13,ATM001,metro_retail,1172500,366,0,0,2053900,881400,0
2021-06-13,ATM002,urban_residential,643200,201,0,0,1236400,593200,0
2021-06-13,ATM003,corporate_park,768300,240,0,0,1546300,778000,0
2021-06-13,ATM004,rural_branch,487200,152,0,1181000,1270500,783300,0
2021-06-13,ATM005,transit_hub,1149600,359,0,0,2208700,1059100,0
2021-06-14,ATM001,metro_retail,897800,281,0,2659000,3540400,2642600,0
2021-06-14,ATM002,urban_residential,577800,181,0,1437000,2030200,1452400,0
2021-06-14,ATM003,corporate_park,566800,177,0,1572000,2350000,1783300,0
2021-06-14,ATM004,rural_branch,310400,97,0,0,783300,472900,0
2021-06-14,ATM005,transit_hub,969200,303,0,2621000,3680100,2710900,0
2021-06-15,ATM001,metro_retail,819600,256,0,0,2642600,1823000,0
2021-06-15,ATM002,urban_residential,479400,150,0,0,1452400,973000,0
2021-06-15,ATM003,corporate_park,508700,159,0,0,1783300,1274600,0
2021-06-15,ATM004,rural_branch,302800,95,0,0,472900,170100,0
2021-06-15,ATM005,transit_hub,828100,259,0,0,2710900,1882800,0
2021-06-16,ATM001,metro_retail,709900,222,0,0,1823000,1113200,0
2021-06-16,ATM002,urban_residential,377500,118,0,0,973000,595400,0
2021-06-16,ATM003,corporate_park,429700,134,0,0,1274600,844900,0
2021-06-16,ATM004,rural_branch,259200,81,0,1100000,1270100,1010900,0
2021-06-16,ATM005,transit_hub,772100,241,0,0,1882800,1110700,0
2021-06-17,ATM001,metro_retail,801000,250,0,2427000,3540200,2739100,0
2021-06-17,ATM002,urban_residential,453100,142,0,1435000,2030400,1577400,0
2021-06-17,ATM003,corporate_park,492700,154,0,0,844900,352200,0
2021-06-17,ATM004,rural_branch,278600,87,0,0,1010900,732200,0
2021-06-17,ATM005,transit_hub,683100,213,0,2569000,3679700,2996600,0
2021-06-18,ATM001,metro_retail,981400,307,0,0,2739100,1757800,0
2021-06-18,ATM002,urban_residential,553400,173,0,0,1577400,1024000,0
2021-06-18,ATM003,corporate_park,774500,242,0,1998000,2350200,1575700,0
2021-06-18,ATM004,rural_branch,384200,120,0,0,732200,348100,0
2021-06-18,ATM005,transit_hub,1136400,355,0,0,2996600,1860200,0
2021-06-19,ATM001,metro_retail,1642900,513,0,0,1757800,114800,0
2021-06-19,ATM002,urban_residential,785600,245,0,0,1024000,238400,0
2021-06-19,ATM003,corporate_park,823300,257,0,0,1575700,752400,0
2021-06-19,ATM004,rural_branch,589200,184,0,922000,1270100,680800,0
2021-06-19,ATM005,transit_hub,1836500,574,0,0,1860200,23700,0
2021-06-20,ATM001,metro_retail,1197300,374,0,3425000,3539800,2342600,0
2021-06-20,ATM002,urban_residential,650200,203,0,1792000,2030400,1380200,0
2021-06-20,ATM003,corporate_park,830400,259,0,1598000,2350400,1520000,0
2021-06-20,ATM004,rural_branch,389100,122,0,0,680800,291800,0
2021-06-20,ATM005,transit_hub,1188500,371,0,3656000,3679700,2491200,0
2021-06-21,ATM001,metro_retail,1040500,325,0,0,2342600,1302100,0
2021-06-21,ATM002,urban_residential,507100,158,0,0,1380200,873000,0
2021-06-21,ATM003,corporate_park,551300,172,0,0,1520000,968700,0
2021-06-21,ATM004,rural_branch,356000,111,0,978000,1269800,913800,0
2021-06-21,ATM005,transit_hub,1048200,328,0,0,2491200,1443000,0
2021-06-22,ATM001,metro_retail,699800,219,0,0,1302100,602300,0
2021-06-22,ATM002,urban_residential,395300,124,0,0,873000,477700,0
2021-06-22,ATM003,corporate_park,478800,150,0,0,968700,489900,0
2021-06-22,ATM004,rural_branch,259100,81,0,0,913800,654700,0
2021-06-22,ATM005,transit_hub,744400,233,0,0,1443000,698700,0
2021-06-23,ATM001,metro_retail,735900,230,0,2938000,3540300,2804400,0
2021-06-23,ATM002,urban_residential,398500,125,0,1552000,2029700,1631200,0
2021-06-23,ATM003,corporate_park,519900,162,0,1860000,2349900,1830000,0
2021-06-23,ATM004,rural_branch,241700,76,0,0,654700,412900,0
2021-06-23,ATM005,transit_hub,605800,189,0,2981000,3679700,3073900,0
2021-06-24,ATM001,metro_retail,958200,299,0,0,2804400,1846200,0
2021-06-24,ATM002,urban_residential,451700,141,0,0,1631200,1179500,0
2021-06-24,ATM003,corporate_park,536600,168,0,0,1830000,1293400,0
2021-06-24,ATM004,rural_branch,290600,91,0,857000,1269900,979300,0
2021-06-24,ATM005,transit_hub,757400,237,0,0,3073900,2316500,0
2021-06-25,ATM001,metro_retail,1058400,331,0,0,1846200,787700,0
2021-06-25,ATM002,urban_residential,625500,195,0,0,1179500,554000,0
2021-06-25,ATM003,corporate_park,740100,231,0,0,1293400,553300,0
2021-06-25,ATM004,rural_branch,415800,130,0,0,979300,563500,0
2021-06-25,ATM005,transit_hub,1082800,338,0,0,2316500,1233700,0
2021-06-26,ATM001,metro_retail,1333900,417,0,2752000,3539700,2205800,0
2021-06-26,ATM002,urban_residential,849900,266,0,1476000,2030000,1180000,0
2021-06-26,ATM003,corporate_park,966400,302,0,1797000,2350300,1383900,0
2021-06-26,ATM004,rural_branch,523700,164,0,0,563500,39800,0
2021-06-26,ATM005,transit_hub,1604000,501,0,2446000,3679700,2075700,0
2021-06-27,ATM001,metro_retail,1172000,366,0,0,2205800,1033800,0
2021-06-27,ATM002,urban_residential,760000,238,0,0,1180000,420000,0
2021-06-27,ATM003,corporate_park,828300,259,0,0,1383900,555600,0
2021-06-27,ATM004,rural_branch,468200,146,0,1230000,1269800,801600,0
2021-06-27,ATM005,transit_hub,1280300,400,0,0,2075700,795300,0
2021-06-28,ATM001,metro_retail,1255200,392,0,2506000,3539800,2284600,0
2021-06-28,ATM002,urban_residential,672300,210,0,1610000,2030000,1357800,0
2021-06-28,ATM003,corporate_park,863900,270,0,1794000,2349600,1485700,0
2021-06-28,ATM004,rural_branch,519900,162,0,0,801600,281600,0
2021-06-28,ATM005,transit_hub,1305900,408,0,2885000,3680300,2374500,0
2021-06-29,ATM001,metro_retail,1008900,315,0,0,2284600,1275700,0
2021-06-29,ATM002,urban_residential,548300,171,0,0,1357800,809400,0
2021-06-29,ATM003,corporate_park,733000,229,0,0,1485700,752700,0
2021-06-29,ATM004,rural_branch,327100,102,0,988000,1269600,942500,0
2021-06-29,ATM005,transit_hub,1057600,330,0,0,2374500,1316900,0
2021-06-30,ATM001,metro_retail,1017200,318,0,0,1275700,258500,0
2021-06-30,ATM002,urban_residential,562100,176,0,0,809400,247300,0
2021-06-30,ATM003,corporate_park,546900,171,0,1597000,2349700,1802900,0
2021-06-30,ATM004,rural_branch,353500,110,0,0,942500,589000,0
2021-06-30,ATM005,transit_hub,998300,312,0,0,1316900,318600,0
2021-07-01,ATM001,metro_retail,1133200,354,0,3282000,3540500,2407200,0
2021-07-01,ATM002,urban_residential,702300,219,0,1783000,2030300,1328100,0
2021-07-01,ATM003,corporate_park,742100,232,0,0,1802900,1060700,0
2021-07-01,ATM004,rural_branch,353400,110,0,0,589000,235600,0
2021-07-01,ATM005,transit_hub,1175000,367,0,3361000,3679600,2504600,0
2021-07-02,ATM001,metro_retail,1369500,428,0,0,2407200,1037800,0
2021-07-02,ATM002,urban_residential,881700,276,0,0,1328100,446300,0
2021-07-02,ATM003,corporate_park,1033100,323,0,0,1060700,27600,0
2021-07-02,ATM004,rural_branch,570400,178,0,1034000,1269600,699200,0
2021-07-02,ATM005,transit_hub,1630600,510,0,0,2504600,874000,0
2021-07-03,ATM001,metro_retail,1779500,556,0,2502000,3539800,1760300,0
2021-07-03,ATM002,urban_residential,1121000,350,0,1584000,2030300,909400,0
2021-07-03,ATM003,corporate_park,1221700,382,0,2322000,2349600,1127900,0
2021-07-03,ATM004,rural_branch,547400,171,0,0,699200,151800,0
2021-07-03,ATM005,transit_hub,1680200,525,0,2806000,3680000,1999800,0
2021-07-04,ATM001,metro_retail,1306600,408,0,0,1760300,453700,0
2021-07-04,ATM002,urban_residential,756800,237,0,0,909400,152500,0
2021-07-04,ATM003,corporate_park,827400,259,0,0,1127900,300500,0
2021-07-04,ATM004,rural_branch,487600,152,0,1118000,1269800,782200,0
2021-07-04,ATM005,transit_hub,1264300,395,0,0,1999800,735500,0
2021-07-05,ATM001,metro_retail,966600,302,0,3086000,3539700,2573100,0
2021-07-05,ATM002,urban_residential,572100,179,0,1877000,2029500,1457400,0
2021-07-05,ATM003,corporate_park,706800,221,0,2050000,2350500,1643700,0
2021-07-05,ATM004,rural_branch,331700,104,0,0,782200,450500,0
2021-07-05,ATM005,transit_hub,1131500,354,0,2944000,3679500,2548100,0
2021-07-06,ATM001,metro_retail,663000,207,0,0,2573100,1910100,0
2021-07-06,ATM002,urban_residential,370500,116,0,0,1457400,1086900,0
2021-07-06,ATM003,corporate_park,475300,149,0,0,1643700,1168400,0
2021-07-06,ATM004,rural_branch,272100,85,0,0,450500,178400,0
2021-07-06,ATM005,transit_hub,650300,203,0,0,2548100,1897800,0
2021-07-07,ATM001,metro_retail,796100,249,0,0,1910100,1114100,0
2021-07-07,ATM002,urban_residential,487600,152,0,0,1086900,599300,0
2021-07-07,ATM003,corporate_park,450200,141,0,0,1168400,718200,0
2021-07-07,ATM004,rural_branch,248500,78,0,1092000,1270400,1021900,0
2021-07-07,ATM005,transit_hub,785700,246,0,0,1897800,1112100,0
2021-07-08,ATM001,metro_retail,864400,270,0,2426000,3540100,2675700,0
2021-07-08,ATM002,urban_residential,436600,136,0,1431000,2030300,1593600,0
2021-07-08,ATM003,corporate_park,577900,181,0,1632000,2350200,1772300,0
2021-07-08,ATM004,rural_branch,291200,91,0,0,1021900,730700,0
2021-07-08,ATM005,transit_hub,832300,260,0,2568000,3680100,2847800,0
2021-07-09,ATM001,metro_retail,1270600,397,0,0,2675700,1405000,0
2021-07-09,ATM002,urban_residential,616200,193,0,0,1593600,977400,0
2021-07-09,ATM003,corporate_park,723000,226,0,0,1772300,1049300,0
2021-07-09,ATM004,rural_branch,439100,137,0,0,730700,291600,0
2021-07-09,ATM005,transit_hub,1167500,365,0,0,2847800,1680300,0
2021-07-10,ATM001,metro_retail,1405000,439,0,0,1405000,0,1
2021-07-10,ATM002,urban_residential,785300,245,0,0,977400,192100,0
2021-07-10,ATM003,corporate_park,870100,272,0,0,1049300,179200,0
2021-07-10,ATM004,rural_branch,562600,176,0,978000,1269600,707000,0
2021-07-10,ATM005,transit_hub,1462400,457,0,0,1680300,217900,0
2021-07-11,ATM001,metro_retail,1237400,387,0,3540000,3540000,2302600,0
2021-07-11,ATM002,urban_residential,684700,214,0,1838000,2030100,1345400,0
2021-07-11,ATM003,corporate_park,789900,247,0,2171000,2350200,1560400,0
2021-07-11,ATM004,rural_branch,457800,143,0,0,707000,249200,0
2021-07-11,ATM005,transit_hub,1331800,416,0,3462000,3679900,2348100,0
2021-07-12,ATM001,metro_retail,873800,273,0,0,2302600,1428700,0
2021-07-12,ATM002,urban_residential,547500,171,0,0,1345400,797900,0
2021-07-12,ATM003,corporate_park,604700,189,0,0,1560400,955600,0
2021-07-12,ATM004,rural_branch,348200,109,0,1021000,1270200,922000,0
2021-07-12,ATM005,transit_hub,954500,298,0,0,2348100,1393600,0
2021-07-13,ATM001,metro_retail,709800,222,0,0,1428700,718900,0
2021-07-13,ATM002,urban_residential,445700,139,0,0,797900,352200,0
2021-07-13,ATM003,corporate_park,544600,170,0,0,955600,411000,0
2021-07-13,ATM004,rural_branch,300700,94,0,0,922000,621200,0
2021-07-13,ATM005,transit_hub,835500,261,0,0,1393600,558000,0
2021-07-14,ATM001,metro_retail,728300,228,0,2821000,3539900,2811600,0
2021-07-14,ATM002,urban_residential,375700,117,0,1678000,2030200,1654600,0
2021-07-14,ATM003,corporate_park,501000,157,0,1939000,2350000,1849000,0
2021-07-14,ATM004,rural_branch,281800,88,0,0,621200,339500,0
2021-07-14,ATM005,transit_hub,773700,242,0,3122000,3680000,2906300,0
2021-07-15,ATM001,metro_retail,902500,282,0,0,2811600,1909100,0
2021-07-15,ATM002,urban_residential,480900,150,0,0,1654600,1173600,0
2021-07-15,ATM003,corporate_park,583400,182,0,0,1849000,1265600,0
2021-07-15,ATM004,rural_branch,300800,94,0,931000,1270500,969700,0
2021-07-15,ATM005,transit_hub,1046700,327,0,0,2906300,1859700,0
2021-07-16,ATM001,metro_retail,1159700,362,0,0,1909100,749400,0
2021-07-16,ATM002,urban_residential,590800,185,0,0,1173600,582800,0
2021-07-16,ATM003,corporate_park,759500,237,0,0,1265600,506100,0
2021-07-16,ATM004,rural_branch,382300,119,0,0,969700,587400,0
2021-07-16,ATM005,transit_hub,1227900,384,0,0,1859700,631700,0
2021-07-17,ATM001,metro_retail,1424100,445,0,2791000,3540400,2116200,0
2021-07-17,ATM002,urban_residential,763100,238,0,1447000,2029800,1266700,0
2021-07-17,ATM003,corporate_park,917400,287,0,1844000,2350100,1432800,0
2021-07-17,ATM004,rural_branch,494900,155,0,0,587400,92500,0
2021-07-17,ATM005,transit_hub,1571800,491,0,3048000,3679700,2107900,0
2021-07-18,ATM001,metro_retail,1135200,355,0,0,2116200,981000,0
2021-07-18,ATM002,urban_residential,725700,227,0,0,1266700,541000,0
2021-07-18,ATM003,corporate_park,864000,270,0,0,1432800,568700,0
2021-07-18,ATM004,rural_branch,457800,143,0,1178000,1270500,812700,0
2021-07-18,ATM005,transit_hub,1442800,451,0,0,2107900,665200,0
2021-07-19,ATM001,metro_retail,899700,281,0,2559000,3540000,2640300,0
2021-07-19,ATM002,urban_residential,520200,163,0,1489000,2030000,1509800,0
2021-07-19,ATM003,corporate_park,508500,159,0,1781000,2349700,1841200,0
2021-07-19,ATM004,rural_branch,310800,97,0,0,812700,501900,0
2021-07-19,ATM005,transit_hub,962000,301,0,3015000,3680200,2718200,0
2021-07-20,ATM001,metro_retail,697600,218,0,0,2640300,1942700,0
2021-07-20,ATM002,urban_residential,401600,126,0,0,1509800,1108200,0
2021-07-20,ATM003,corporate_park,448100,140,0,0,1841200,1393100,0
2021-07-20,ATM004,rural_branch,216500,68,0,0,501900,285400,0
2021-07-20,ATM005,transit_hub,755500,236,0,0,2718200,1962700,0
2021-07-21,ATM001,metro_retail,756000,236,0,0,1942700,1186700,0
2021-07-21,ATM002,urban_residential,395700,124,0,0,1108200,712500,0
2021-07-21,ATM003,corporate_park,461000,144,0,0,1393100,932100,0
2021-07-21,ATM004,rural_branch,256600,80,0,985000,1270400,1013800,0
2021-07-21,ATM005,transit_hub,663000,207,0,0,1962700,1299700,0
2021-07-22,ATM001,metro_retail,693900,217,0,2353000,3539700,2845700,0
2021-07-22,ATM002,urban_residential,439600,137,0,0,712500,272900,0
2021-07-22,ATM003,corporate_park,497100,155,0,0,932100,435000,0
2021-07-22,ATM004,rural_branch,299000,93,0,0,1013800,714700,0
2021-07-22,ATM005,transit_hub,883300,276,0,0,1299700,416500,0
2021-07-23,ATM001,metro_retail,1099500,344,0,0,2845700,1746200,0
2021-07-23,ATM002,urban_residential,614600,192,0,1757000,2029900,1415400,0
2021-07-23,ATM003,corporate_park,664500,208,0,1915000,2350000,1685500,0
2021-07-23,ATM004,rural_branch,413500,129,0,0,714700,301200,0
2021-07-23,ATM005,transit_hub,1311400,410,0,3264000,3680500,2369100,0
2021-07-24,ATM001,metro_retail,1507900,471,0,0,1746200,238300,0
2021-07-24,ATM002,urban_residential,756300,236,0,0,1415400,659000,0
2021-07-24,ATM003,corporate_park,967700,302,0,0,1685500,717800,0
2021-07-24,ATM004,rural_branch,591500,185,0,969000,1270200,678700,0
2021-07-24,ATM005,transit_hub,1448300,453,0,0,2369100,920900,0
2021-07-25,ATM001,metro_retail,1334700,417,0,3302000,3540300,2205600,0
2021-07-25,ATM002,urban_residential,666300,208,0,1371000,2030000,1363700,0
2021-07-25,ATM003,corporate_park,721800,226,0,1632000,2349800,1628000,0
2021-07-25,ATM004,rural_branch,404400,126,0,0,678700,274300,0
2021-07-25,ATM005,transit_hub,1170000,366,0,2759000,3679900,2509800,0
2021-07-26,ATM001,metro_retail,948200,296,0,0,2205600,1257400,0
2021-07-26,ATM002,urban_residential,526000,164,0,0,1363700,837700,0
2021-07-26,ATM003,corporate_park,641900,201,0,0,1628000,986200,0
2021-07-26,ATM004,rural_branch,332200,104,0,996000,1270300,938000,0
2021-07-26,ATM005,transit_hub,1123600,351,0,0,2509800,1386200,0
2021-07-27,ATM001,metro_retail,795200,249,0,0,1257400,462200,0
2021-07-27,ATM002,urban_residential,433100,135,0,0,837700,404600,0
2021-07-27,ATM003,corporate_park,503600,157,0,0,986200,482500,0
2021-07-27,ATM004,rural_branch,233000,73,0,0,938000,705000,0
2021-07-27,ATM005,transit_hub,729900,228,0,0,1386200,656300,0
2021-07-28,ATM001,metro_retail,711200,222,0,3078000,3540200,2829000,0
2021-07-28,ATM002,urban_residential,388400,121,0,1625000,2029600,1641200,0
2021-07-28,ATM003,corporate_park,465400,145,0,1867000,2349500,1884100,0
2021-07-28,ATM004,rural_branch,269300,84,0,0,705000,435700,0
2021-07-28,ATM005,transit_hub,733300,229,0,3024000,3680300,2947000,0
2021-07-29,ATM001,metro_retail,992500,310,0,0,2829000,1836500,0
2021-07-29,ATM002,urban_residential,580300,181,0,0,1641200,1060900,0
2021-07-29,ATM003,corporate_park,622900,195,0,0,1884100,1261300,0
2021-07-29,ATM004,rural_branch,375800,117,0,834000,1269700,894000,0
2021-07-29,ATM005,transit_hub,1212700,379,0,0,2947000,1734300,0
2021-07-30,ATM001,metro_retail,1402500,438,0,0,1836500,434000,0
2021-07-30,ATM002,urban_residential,755400,236,0,0,1060900,305500,0
2021-07-30,ATM003,corporate_park,925300,289,0,0,1261300,336000,0
2021-07-30,ATM004,rural_branch,503700,157,0,0,894000,390200,0
2021-07-30,ATM005,transit_hub,1452800,454,0,0,1734300,281500,0
2021-07-31,ATM001,metro_retail,2094200,654,0,3106000,3540000,1445800,0
2021-07-31,ATM002,urban_residential,1285800,402,0,1724000,2029500,743700,0
2021-07-31,ATM003,corporate_park,1329400,415,0,2014000,2350000,1020600,0
2021-07-31,ATM004,rural_branch,694100,217,0,880000,1270200,576200,0
2021-07-31,ATM005,transit_hub,1930500,603,0,3399000,3680500,1750000,0
2021-08-01,ATM001,metro_retail,1445800,452,0,0,1445800,0,1
2021-08-01,ATM002,urban_residential,743700,232,0,0,743700,0,1
2021-08-01,ATM003,corporate_park,1020600,319,0,0,1020600,0,1
2021-08-01,ATM004,rural_branch,576200,180,0,0,576200,0,1
2021-08-01,ATM005,transit_hub,1750000,547,0,0,1750000,0,1
2021-08-02,ATM001,metro_retail,1314300,411,0,3540000,3540000,2225700,0
2021-08-02,ATM002,urban_residential,681200,213,0,2030000,2030000,1348800,0
2021-08-02,ATM003,corporate_park,927200,290,0,2350000,2350000,1422800,0
2021-08-02,ATM004,rural_branch,427000,133,0,1270000,1270000,843000,0
2021-08-02,ATM005,transit_hub,1455100,455,0,3680000,3680000,2224900,0
2021-08-03,ATM001,metro_retail,1144800,358,0,0,2225700,1080900,0
2021-08-03,ATM002,urban_residential,533900,167,0,0,1348800,814900,0
2021-08-03,ATM003,corporate_park,618400,193,0,0,1422800,804400,0
2021-08-03,ATM004,rural_branch,394800,123,0,0,843000,448200,0
2021-08-03,ATM005,transit_hub,889900,278,0,0,2224900,1335000,0
2021-08-04,ATM001,metro_retail,728100,228,0,2459000,3539900,2811800,0
2021-08-04,ATM002,urban_residential,392700,123,0,0,814900,422100,0
2021-08-04,ATM003,corporate_park,397400,124,0,1546000,2350400,1953000,0
2021-08-04,ATM004,rural_branch,285400,89,0,0,448200,162800,0
2021-08-04,ATM005,transit_hub,862100,269,0,0,1335000,472900,0
2021-08-05,ATM001,metro_retail,829900,259,0,0,2811800,1982000,0
2021-08-05,ATM002,urban_residential,457500,143,0,1608000,2030100,1572600,0
2021-08-05,ATM003,corporate_park,495300,155,0,0,1953000,1457700,0
2021-08-05,ATM004,rural_branch,287300,90,0,1107000,1269800,982500,0
2021-08-05,ATM005,transit_hub,718300,224,0,3207000,3679900,2961600,0
2021-08-06,ATM001,metro_retail,1146000,358,0,0,1982000,836000,0
2021-08-06,ATM002,urban_residential,699000,218,0,0,1572600,873600,0
2021-08-06,ATM003,corporate_park,714900,223,0,0,1457700,742800,0
2021-08-06,ATM004,rural_branch,349100,109,0,0,982500,633300,0
2021-08-06,ATM005,transit_hub,1248000,390,0,0,2961600,1713600,0
2021-08-07,ATM001,metro_retail,1597800,499,0,2704000,3540000,1942200,0
2021-08-07,ATM002,urban_residential,873600,273,0,0,873600,0,1
2021-08-07,ATM003,corporate_park,1133100,354,0,1607000,2349800,1216700,0
2021-08-07,ATM004,rural_branch,573500,179,0,0,633300,59800,0
2021-08-07,ATM005,transit_hub,1713600,535,0,0,1713600,0,1
2021-08-08,ATM001,metro_retail,1404000,439,0,0,1942200,538200,0
2021-08-08,ATM002,urban_residential,716600,224,0,2030000,2030000,1313400,0
2021-08-08,ATM003,corporate_park,874100,273,0,0,1216700,342600,0
2021-08-08,ATM004,rural_branch,489200,153,0,1210000,1269800,780600,0
2021-08-08,ATM005,transit_hub,1239500,387,0,3680000,3680000,2440500,0
2021-08-09,ATM001,metro_retail,1036500,324,0,3002000,3540200,2503700,0
2021-08-09,ATM002,urban_residential,514800,161,0,0,1313400,798600,0
2021-08-09,ATM003,corporate_park,654700,205,0,2007000,2349600,1695000,0
2021-08-09,ATM004,rural_branch,357000,112,0,0,780600,423600,0
2021-08-09,ATM005,transit_hub,967000,302,0,0,2440500,1473400,0
2021-08-10,ATM001,metro_retail,690600,216,0,0,2503700,1813100,0
2021-08-10,ATM002,urban_residential,421800,132,0,0,798600,376800,0
2021-08-10,ATM003,corporate_park,461600,144,0,0,1695000,1233300,0
2021-08-10,ATM004,rural_branch,298800,93,0,846000,1269600,970800,0
2021-08-10,ATM005,transit_hub,709900,222,0,0,1473400,763500,0
2021-08-11,ATM001,metro_retail,713300,223,0,0,1813100,1099900,0
2021-08-11,ATM002,urban_residential,462900,145,0,1653000,2029800,1566900,0
2021-08-11,ATM003,corporate_park,468900,147,0,0,1233300,764500,0
2021-08-11,ATM004,rural_branch,298100,93,0,0,970800,672700,0
2021-08-11,ATM005,transit_hub,878700,275,0,2917000,3680500,2801800,0
2021-08-12,ATM001,metro_retail,821600,257,0,2440000,3539900,2718300,0
2021-08-12,ATM002,urban_residential,460100,144,0,0,1566900,1106800,0
2021-08-12,ATM003,corporate_park,504800,158,0,1586000,2350500,1845700,0
2021-08-12,ATM004,rural_branch,290700,91,0,0,672700,382000,0
2021-08-12,ATM005,transit_hub,834900,261,0,0,2801800,1967000,0
2021-08-13,ATM001,metro_retail,1180900,369,0,0,2718300,1537500,0
2021-08-13,ATM002,urban_residential,578900,181,0,0,1106800,527900,0
2021-08-13,ATM003,corporate_park,709300,222,0,0,1845700,1136300,0
2021-08-13,ATM004,rural_branch,389400,122,0,888000,1270000,880600,0
2021-08-13,ATM005,transit_hub,1095900,342,0,0,1967000,871000,0
2021-08-14,ATM001,metro_retail,1359600,425,0,0,1537500,177800,0
2021-08-14,ATM002,urban_residential,912200,285,0,1502000,2029900,1117600,0
2021-08-14,ATM003,corporate_park,820400,256,0,0,1136300,315900,0
2021-08-14,ATM004,rural_branch,507900,159,0,0,880600,372700,0
2021-08-14,ATM005,transit_hub,1581600,494,0,2809000,3680000,2098400,0
2021-08-15,ATM001,metro_retail,1293200,404,1,3362000,3539800,2246700,0
2021-08-15,ATM002,urban_residential,930200,291,1,0,1117600,187500,0
2021-08-15,ATM003,corporate_park,996100,311,1,2034000,2349900,1353800,0
2021-08-15,ATM004,rural_branch,537300,168,1,897000,1269700,732500,0
2021-08-15,ATM005,transit_hub,1724100,539,1,0,2098400,374300,0
2021-08-16,ATM001,metro_retail,845800,264,0,0,2246700,1400900,0
2021-08-16,ATM002,urban_residential,552800,173,0,1843000,2030500,1477700,0
2021-08-16,ATM003,corporate_park,628800,196,0,0,1353800,725000,0
2021-08-16,ATM004,rural_branch,384900,120,0,0,732500,347500,0
2021-08-16,ATM005,transit_hub,1057000,330,0,3306000,3680300,2623300,0
2021-08-17,ATM001,metro_retail,748900,234,0,0,1400900,651900,0
2021-08-17,ATM002,urban_residential,403100,126,0,0,1477700,1074600,0
2021-08-17,ATM003,corporate_park,536300,168,0,1625000,2350000,1813700,0
2021-08-17,ATM004,rural_branch,259400,81,0,922000,1269500,1010200,0
2021-08-17,ATM005,transit_hub,821400,257,0,0,2623300,1801900,0
2021-08-18,ATM001,metro_retail,727100,227,0,2888000,3539900,2812800,0
2021-08-18,ATM002,urban_residential,421100,132,0,0,1074600,653500,0
2021-08-18,ATM003,corporate_park,406600,127,0,0,1813700,1407100,0
2021-08-18,ATM004,rural_branch,223300,70,0,0,1010200,786900,0
2021-08-18,ATM005,transit_hub,826700,258,0,0,1801900,975100,0
2021-08-19,ATM001,metro_retail,818700,256,0,0,2812800,1994100,0
2021-08-19,ATM002,urban_residential,409200,128,0,1377000,2030500,1621300,0
2021-08-19,ATM003,corporate_park,467200,146,0,0,1407100,939900,0
2021-08-19,ATM004,rural_branch,307700,96,0,0,786900,479200,0
2021-08-19,ATM005,transit_hub,831400,260,0,2705000,3680100,2848700,0
2021-08-20,ATM001,metro_retail,1077400,337,0,0,1994100,916800,0
2021-08-20,ATM002,urban_residential,637800,199,0,0,1621300,983500,0
2021-08-20,ATM003,corporate_park,939900,294,0,0,939900,0,1
2021-08-20,ATM004,rural_branch,404800,126,0,0,479200,74400,0
2021-08-20,ATM005,transit_hub,1183500,370,0,0,2848700,1665200,0
2021-08-21,ATM001,metro_retail,1371800,429,0,2623000,3539800,2168000,0
2021-08-21,ATM002,urban_residential,801500,250,0,0,983500,182000,0
2021-08-21,ATM003,corporate_park,847400,265,0,2350000,2350000,1502600,0
2021-08-21,ATM004,rural_branch,510200,159,0,1196000,1270400,760300,0
2021-08-21,ATM005,transit_hub,1498400,468,0,0,1665200,166800,0
2021-08-22,ATM001,metro_retail,1085300,339,0,0,2168000,1082600,0
2021-08-22,ATM002,urban_residential,606600,190,0,1848000,2030000,1423400,0
2021-08-22,ATM003,corporate_park,810700,253,0,0,1502600,691900,0
2021-08-22,ATM004,rural_branch,380900,119,0,0,760300,379300,0
2021-08-22,ATM005,transit_hub,1196500,374,0,3513000,3679800,2483200,0
2021-08-23,ATM001,metro_retail,968600,303,0,2457000,3539600,2571000,0
2021-08-23,ATM002,urban_residential,570600,178,0,0,1423400,852800,0
2021-08-23,ATM003,corporate_park,656200,205,0,1658000,2349900,1693700,0
2021-08-23,ATM004,rural_branch,396000,124,0,891000,1270300,874300,0
2021-08-23,ATM005,transit_hub,932100,291,0,0,2483200,1551100,0
2021-08-24,ATM001,metro_retail,770200,241,0,0,2571000,1800900,0
2021-08-24,ATM002,urban_residential,428300,134,0,0,852800,424500,0
2021-08-24,ATM003,corporate_park,456900,143,0,0,1693700,1236700,0
2021-08-24,ATM004,rural_branch,290700,91,0,0,874300,583600,0
2021-08-24,ATM005,transit_hub,806300,252,0,0,1551100,744900,0
2021-08-25,ATM001,metro_retail,777700,243,0,0,1800900,1023200,0
2021-08-25,ATM002,urban_residential,452400,141,0,1605000,2029500,1577100,0
2021-08-25,ATM003,corporate_park,542100,169,0,0,1236700,694700,0
2021-08-25,ATM004,rural_branch,236200,74,0,0,583600,347500,0
2021-08-25,ATM005,transit_hub,724600,226,0,2935000,3679900,2955300,0
2021-08-26,ATM001,metro_retail,842100,263,0,2517000,3540200,2698100,0
2021-08-26,ATM002,urban_residential,428900,134,0,0,1577100,1148200,0
2021-08-26,ATM003,corporate_park,514400,161,0,1655000,2349700,1835300,0
2021-08-26,ATM004,rural_branch,298700,93,0,923000,1270500,971700,0
2021-08-26,ATM005,transit_hub,827000,258,0,0,2955300,2128200,0
2021-08-27,ATM001,metro_retail,1117100,349,0,0,2698100,1581000,0
2021-08-27,ATM002,urban_residential,626100,196,0,0,1148200,522100,0
2021-08-27,ATM003,corporate_park,735700,230,0,0,1835300,1099600,0
2021-08-27,ATM004,rural_branch,367500,115,0,0,971700,604300,0
2021-08-27,ATM005,transit_hub,1132500,354,0,0,2128200,995700,0
2021-08-28,ATM001,metro_retail,1581000,494,0,0,1581000,0,1
2021-08-28,ATM002,urban_residential,886800,277,0,1508000,2030100,1143300,0
2021-08-28,ATM003,corporate_park,1081000,338,0,0,1099600,18600,0
2021-08-28,ATM004,rural_branch,467400,146,0,0,604300,136800,0
2021-08-28,ATM005,transit_hub,1636200,511,0,2684000,3679700,2043500,0
2021-08-29,ATM001,metro_retail,1582400,494,0,3540000,3540000,1957600,0
2021-08-29,ATM002,urban_residential,948400,296,0,0,1143300,194900,0
2021-08-29,ATM003,corporate_park,957000,299,0,2331000,2349600,1392600,0
2021-08-29,ATM004,rural_branch,489500,153,0,1133000,1269800,780400,0
2021-08-29,ATM005,transit_hub,1724100,539,0,0,2043500,319400,0
2021-08-30,ATM001,metro_retail,1485400,464,1,0,1957600,472300,0
2021-08-30,ATM002,urban_residential,887500,277,1,1835000,2029900,1142400,0
2021-08-30,ATM003,corporate_park,981700,307,1,0,1392600,411000,0
2021-08-30,ATM004,rural_branch,620000,194,1,0,780400,160400,0
2021-08-30,ATM005,transit_hub,1719700,537,1,3361000,3680400,1960700,0
2021-08-31,ATM001,metro_retail,950500,297,0,3068000,3540300,2589800,0
2021-08-31,ATM002,urban_residential,688600,215,0,0,1142400,453800,0
2021-08-31,ATM003,corporate_park,629400,197,0,1939000,2350000,1720600,0
2021-08-31,ATM004,rural_branch,385600,120,0,1110000,1270400,884900,0
2021-08-31,ATM005,transit_hub,989200,309,0,0,1960700,971400,0
2021-09-01,ATM001,metro_retail,1027300,321,0,0,2589800,1562500,0
2021-09-01,ATM002,urban_residential,601700,188,0,1576000,2029800,1428100,0
2021-09-01,ATM003,corporate_park,594900,186,0,0,1720600,1125600,0
2021-09-01,ATM004,rural_branch,372700,116,0,0,884900,512200,0
2021-09-01,ATM005,transit_hub,1100900,344,0,2709000,3680400,2579500,0
2021-09-02,ATM001,metro_retail,953400,298,0,0,1562500,609100,0
2021-09-02,ATM002,urban_residential,592100,185,0,0,1428100,836000,0
2021-09-02,ATM003,corporate_park,716500,224,0,0,1125600,409200,0
2021-09-02,ATM004,rural_branch,395500,124,0,0,512200,116600,0
2021-09-02,ATM005,transit_hub,1089600,340,0,0,2579500,1489900,0
2021-09-03,ATM001,metro_retail,1427800,446,0,2931000,3540100,2112200,0
2021-09-03,ATM002,urban_residential,836000,261,0,0,836000,0,1
2021-09-03,ATM003,corporate_park,947400,296,0,1941000,2350200,1402800,0
2021-09-03,ATM004,rural_branch,611200,191,0,1153000,1269600,658400,0
2021-09-03,ATM005,transit_hub,1474800,461,0,0,1489900,15200,0
2021-09-04,ATM001,metro_retail,1503000,470,0,0,2112200,609200,0
2021-09-04,ATM002,urban_residential,776000,242,0,2030000,2030000,1254000,0
2021-09-04,ATM003,corporate_park,933600,292,0,0,1402800,469300,0
2021-09-04,ATM004,rural_branch,497500,155,0,0,658400,161000,0
2021-09-04,ATM005,transit_hub,1320400,413,0,3665000,3680200,2359700,0
2021-09-05,ATM001,metro_retail,1202600,376,0,2931000,3540200,2337700,0
2021-09-05,ATM002,urban_residential,660700,206,0,0,1254000,593300,0
2021-09-05,ATM003,corporate_park,839000,262,0,1881000,2350300,1511200,0
2021-09-05,ATM004,rural_branch,413300,129,0,1109000,1270000,856700,0
2021-09-05,ATM005,transit_hub,1296200,405,0,0,2359700,1063500,0
2021-09-06,ATM001,metro_retail,912500,285,0,0,2337700,1425200,0
2021-09-06,ATM002,urban_residential,484700,151,0,1437000,2030300,1545600,0
2021-09-06,ATM003,corporate_park,682700,213,0,0,1511200,828500,0
2021-09-06,ATM004,rural_branch,358100,112,0,0,856700,498600,0
2021-09-06,ATM005,transit_hub,1064600,333,0,2616000,3679500,2614900,0
2021-09-07,ATM001,metro_retail,849700,266,0,0,1425200,575400,0
2021-09-07,ATM002,urban_residential,483400,151,0,0,1545600,1062200,0
2021-09-07,ATM003,corporate_park,566700,177,0,0,828500,261800,0
2021-09-07,ATM004,rural_branch,316200,99,0,0,498600,182400,0
2021-09-07,ATM005,transit_hub,884800,277,0,0,2614900,1730100,0
2021-09-08,ATM001,metro_retail,814600,255,0,2965000,3540400,2725800,0
2021-09-08,ATM002,urban_residential,439100,137,0,0,1062200,623100,0
2021-09-08,ATM003,corporate_park,454500,142,0,2088000,2349800,1895300,0
2021-09-08,ATM004,rural_branch,257800,81,0,1088000,1270400,1012600,0
2021-09-08,ATM005,transit_hub,705100,220,0,0,1730100,1025000,0
2021-09-09,ATM001,metro_retail,807200,252,0,0,2725800,1918600,0
2021-09-09,ATM002,urban_residential,456900,143,0,1407000,2030100,1573200,0
2021-09-09,ATM003,corporate_park,578100,181,0,0,1895300,1317100,0
2021-09-09,ATM004,rural_branch,256000,80,0,0,1012600,756500,0
2021-09-09,ATM005,transit_hub,802800,251,0,2655000,3680000,2877200,0
2021-09-10,ATM001,metro_retail,1099300,344,0,0,1918600,819300,0
2021-09-10,ATM002,urban_residential,563100,176,0,0,1573200,1010100,0
2021-09-10,ATM003,corporate_park,682500,213,0,0,1317100,634600,0
2021-09-10,ATM004,rural_branch,380700,119,0,0,756500,375900,0
2021-09-10,ATM005,transit_hub,1123000,351,0,0,2877200,1754200,0
2021-09-11,ATM001,metro_retail,1431100,447,0,2721000,3540300,2109200,0
2021-09-11,ATM002,urban_residential,881700,276,0,0,1010100,128500,0
2021-09-11,ATM003,corporate_park,1041800,326,0,1715000,2349600,1307800,0
2021-09-11,ATM004,rural_branch,575600,180,0,894000,1269900,694300,0
2021-09-11,ATM005,transit_hub,1453200,454,0,0,1754200,301000,0
2021-09-12,ATM001,metro_retail,1225600,383,0,0,2109200,883600,0
2021-09-12,ATM002,urban_residential,773500,242,0,1902000,2030500,1256900,0
2021-09-12,ATM003,corporate_park,777700,243,0,0,1307800,530000,0
2021-09-12,ATM004,rural_branch,500600,156,0,0,694300,193700,0
2021-09-12,ATM005,transit_hub,1179100,368,0,3379000,3680000,2500800,0
2021-09-13,ATM001,metro_retail,884100,276,0,2656000,3539600,2655500,0
2021-09-13,ATM002,urban_residential,532600,166,0,0,1256900,724300,0
2021-09-13,ATM003,corporate_park,676900,212,0,1820000,2350000,1673100,0
2021-09-13,ATM004,rural_branch,299700,94,0,1076000,1269700,970000,0
2021-09-13,ATM005,transit_hub,948800,296,0,0,2500800,1552100,0
2021-09-14,ATM001,metro_retail,750900,235,0,0,2655500,1904600,0
2021-09-14,ATM002,urban_residential,424700,133,0,0,724300,299600,0
2021-09-14,ATM003,corporate_park,589400,184,0,0,1673100,1083700,0
2021-09-14,ATM004,rural_branch,241200,75,0,0,970000,728800,0
2021-09-14,ATM005,transit_hub,780900,244,0,0,1552100,771200,0
2021-09-15,ATM001,metro_retail,812500,254,0,0,1904600,1092100,0
2021-09-15,ATM002,urban_residential,485200,152,0,1730000,2029600,1544400,0
2021-09-15,ATM003,corporate_park,417000,130,0,0,1083700,666700,0
2021-09-15,ATM004,rural_branch,265200,83,0,0,728800,463600,0
2021-09-15,ATM005,transit_hub,872800,273,0,2909000,3680200,2807300,0
2021-09-16,ATM001,metro_retail,901000,282,0,2448000,3540100,2639100,0
2021-09-16,ATM002,urban_residential,445500,139,0,0,1544400,1098900,0
2021-09-16,ATM003,corporate_park,509400,159,0,1683000,2349700,1840300,0
2021-09-16,ATM004,rural_branch,295100,92,0,0,463600,168500,0
2021-09-16,ATM005,transit_hub,841100,263,0,0,2807300,1966200,0
2021-09-17,ATM001,metro_retail,1201000,375,0,0,2639100,1438100,0
2021-09-17,ATM002,urban_residential,648100,203,0,0,1098900,450800,0
2021-09-17,ATM003,corporate_park,701200,219,0,0,1840300,1139200,0
2021-09-17,ATM004,rural_branch,513400,160,0,1101000,1269500,756100,0
2021-09-17,ATM005,transit_hub,1081000,338,0,0,1966200,885300,0
2021-09-18,ATM001,metro_retail,1438100,449,0,0,1438100,0,1
2021-09-18,ATM002,urban_residential,762300,238,0,1579000,2029800,1267600,0
2021-09-18,ATM003,corporate_park,1072000,335,0,0,1139200,67200,0
2021-09-18,ATM004,rural_branch,523300,164,0,0,756100,232800,0
2021-09-18,ATM005,transit_hub,1566500,490,0,2795000,3680300,2113700,0
2021-09-19,ATM001,metro_retail,1180900,369,0,3540000,3540000,2359100,0
2021-09-19,ATM002,urban_residential,703300,220,0,0,1267600,564200,0
2021-09-19,ATM003,corporate_park,763300,239,0,2283000,2350200,1586800,0
2021-09-19,ATM004,rural_branch,469800,147,0,1037000,1269800,800000,0
2021-09-19,ATM005,transit_hub,1280600,400,0,0,2113700,833100,0
2021-09-20,ATM001,metro_retail,994400,311,0,0,2359100,1364700,0
2021-09-20,ATM002,urban_residential,493100,154,0,1466000,2030200,1537200,0
2021-09-20,ATM003,corporate_park,808300,253,0,0,1586800,778500,0
2021-09-20,ATM004,rural_branch,327600,102,0,0,800000,472400,0
2021-09-20,ATM005,transit_hub,995800,311,0,2847000,3680100,2684300,0
2021-09-21,ATM001,metro_retail,707600,221,0,0,1364700,657100,0
2021-09-21,ATM002,urban_residential,443300,139,0,0,1537200,1093900,0
2021-09-21,ATM003,corporate_park,436000,136,0,1571000,2349500,1913500,0
2021-09-21,ATM004,rural_branch,353600,111,0,0,472400,118700,0
2021-09-21,ATM005,transit_hub,725400,227,0,0,2684300,1958800,0
2021-09-22,ATM001,metro_retail,750900,235,0,2883000,3540100,2789200,0
2021-09-22,ATM002,urban_residential,437000,137,0,0,1093900,656900,0
2021-09-22,ATM003,corporate_park,479900,150,0,0,1913500,1433600,0
2021-09-22,ATM004,rural_branch,251000,78,0,1151000,1269700,1018800,0
2021-09-22,ATM005,transit_hub,739500,231,0,0,1958800,1219300,0
2021-09-23,ATM001,metro_retail,828300,259,0,0,2789200,1960900,0
2021-09-23,ATM002,urban_residential,431600,135,0,1373000,2029900,1598200,0
2021-09-23,ATM003,corporate_park,500900,157,0,0,1433600,932700,0
2021-09-23,ATM004,rural_branch,281600,88,0,0,1018800,737200,0
2021-09-23,ATM005,transit_hub,881200,275,0,2461000,3680300,2799100,0
2021-09-24,ATM001,metro_retail,1085500,339,0,0,1960900,875400,0
2021-09-24,ATM002,urban_residential,633200,198,0,0,1598200,965000,0
2021-09-24,ATM003,corporate_park,761400,238,0,0,932700,171400,0
2021-09-24,ATM004,rural_branch,419000,131,0,0,737200,318200,0
2021-09-24,ATM005,transit_hub,1143400,357,0,0,2799100,1655700,0
2021-09-25,ATM001,metro_retail,1676700,524,0,2665000,3540400,1863800,0
2021-09-25,ATM002,urban_residential,738300,231,0,0,965000,226800,0
2021-09-25,ATM003,corporate_park,874200,273,0,2179000,2350400,1476200,0
2021-09-25,ATM004,rural_branch,472500,148,0,952000,1270200,797800,0
2021-09-25,ATM005,transit_hub,1505800,471,0,0,1655700,149900,0
2021-09-26,ATM001,metro_retail,1277100,399,0,0,1863800,586700,0
2021-09-26,ATM002,urban_residential,756800,236,0,1803000,2029800,1273000,0
2021-09-26,ATM003,corporate_park,760700,238,0,0,1476200,715400,0
2021-09-26,ATM004,rural_branch,507200,158,0,0,797800,290600,0
2021-09-26,ATM005,transit_hub,1202300,376,0,3530000,3679900,2477600,0
2021-09-27,ATM001,metro_retail,853400,267,0,2953000,3539700,2686300,0
2021-09-27,ATM002,urban_residential,520000,162,0,0,1273000,753100,0
2021-09-27,ATM003,corporate_park,536900,168,0,1635000,2350400,1813500,0
2021-09-27,ATM004,rural_branch,355200,111,0,979000,1269600,914400,0
2021-09-27,ATM005,transit_hub,1296600,405,0,0,2477600,1181000,0
2021-09-28,ATM001,metro_retail,1019600,319,0,0,2686300,1666600,0
2021-09-28,ATM002,urban_residential,556900,174,0,0,753100,196200,0
2021-09-28,ATM003,corporate_park,657100,205,0,0,1813500,1156400,0
2021-09-28,ATM004,rural_branch,326900,102,0,0,914400,587500,0
2021-09-28,ATM005,transit_hub,848200,265,0,2499000,3680000,2831800,0
2021-09-29,ATM001,metro_retail,936300,293,0,0,1666600,730300,0
2021-09-29,ATM002,urban_residential,592400,185,0,1834000,2030200,1437800,0
2021-09-29,ATM003,corporate_park,528600,165,0,0,1156400,627800,0
2021-09-29,ATM004,rural_branch,327000,102,0,0,587500,260500,0
2021-09-29,ATM005,transit_hub,852300,266,0,0,2831800,1979500,0
2021-09-30,ATM001,metro_retail,1051700,329,0,2810000,3540300,2488700,0
2021-09-30,ATM002,urban_residential,536300,168,0,0,1437800,901400,0
2021-09-30,ATM003,corporate_park,599500,187,0,1722000,2349800,1750300,0
2021-09-30,ATM004,rural_branch,319300,100,0,1009000,1269500,950200,0
2021-09-30,ATM005,transit_hub,1038400,324,0,0,1979500,941100,0
2021-10-01,ATM001,metro_retail,1697100,530,0,0,2488700,791500,0
2021-10-01,ATM002,urban_residential,901400,282,0,0,901400,0,1
2021-10-01,ATM003,corporate_park,1063800,332,0,0,1750300,686500,0
2021-10-01,ATM004,rural_branch,566800,177,0,0,950200,383400,0
2021-10-01,ATM005,transit_hub,1711400,535,0,2739000,3680100,1968700,0
2021-10-02,ATM001,metro_retail,2264000,708,1,2748000,3539500,1275500,0
2021-10-02,ATM002,urban_residential,1234300,386,1,2030000,2030000,795700,0
2021-10-02,ATM003,corporate_park,1351900,422,1,1664000,2350500,998600,0
2021-10-02,ATM004,rural_branch,639200,200,1,887000,1270400,631200,0
2021-10-02,ATM005,transit_hub,1968700,615,1,0,1968700,0,1
2021-10-03,ATM001,metro_retail,1275500,399,0,0,1275500,0,1
2021-10-03,ATM002,urban_residential,795700,249,0,0,795700,0,1
2021-10-03,ATM003,corporate_park,998600,312,0,0,998600,0,1
2021-10-03,ATM004,rural_branch,560000,175,0,0,631200,71200,0
2021-10-03,ATM005,transit_hub,1698400,531,0,3680000,3680000,1981600,0
2021-10-04,ATM001,metro_retail,893700,279,0,3540000,3540000,2646300,0
2021-10-04,ATM002,urban_residential,559100,175,0,2030000,2030000,1470900,0
2021-10-04,ATM003,corporate_park,560400,175,0,2350000,2350000,1789600,0
2021-10-04,ATM004,rural_branch,338900,106,0,1199000,1270200,931400,0
2021-10-04,ATM005,transit_hub,1063700,332,0,0,1981600,917900,0
2021-10-05,ATM001,metro_retail,795900,249,0,0,2646300,1850400,0
2021-10-05,ATM002,urban_residential,389400,122,0,0,1470900,1081500,0
2021-10-05,ATM003,corporate_park,520200,163,0,0,1789600,1269400,0
2021-10-05,ATM004,rural_branch,258400,81,0,0,931400,673000,0
2021-10-05,ATM005,transit_hub,842700,263,0,2762000,3679900,2837200,0
2021-10-06,ATM001,metro_retail,799100,250,0,0,1850400,1051300,0
2021-10-06,ATM002,urban_residential,439800,137,0,0,1081500,641700,0
2021-10-06,ATM003,corporate_park,479300,150,0,0,1269400,790100,0
2021-10-06,ATM004,rural_branch,252300,79,0,0,673000,420700,0
2021-10-06,ATM005,transit_hub,777800,243,0,0,2837200,2059400,0
2021-10-07,ATM001,metro_retail,998900,312,0,2489000,3540300,2541400,0
2021-10-07,ATM002,urban_residential,481000,150,0,1388000,2029700,1548700,0
2021-10-07,ATM003,corporate_park,555700,174,0,1560000,2350100,1794400,0
2021-10-07,ATM004,rural_branch,300700,94,0,849000,1269700,968900,0
2021-10-07,ATM005,transit_hub,784500,245,0,0,2059400,1274900,0
2021-10-08,ATM001,metro_retail,1270100,397,0,0,2541400,1271300,0
2021-10-08,ATM002,urban_residential,668100,209,0,0,1548700,880600,0
2021-10-08,ATM003,corporate_park,677500,212,0,0,1794400,1116800,0
2021-10-08,ATM004,rural_branch,468300,146,0,0,968900,500600,0
2021-10-08,ATM005,transit_hub,1186800,371,0,2405000,3679900,2493100,0
2021-10-09,ATM001,metro_retail,1271300,397,0,0,1271300,0,1
2021-10-09,ATM002,urban_residential,812300,254,0,0,880600,68300,0
2021-10-09,ATM003,corporate_park,914300,286,0,0,1116800,202500,0
2021-10-09,ATM004,rural_branch,500600,156,0,0,500600,0,1
2021-10-09,ATM005,transit_hub,1550800,485,0,0,2493100,942300,0
2021-10-10,ATM001,metro_retail,1296400,405,0,3540000,3540000,2243600,0
2021-10-10,ATM002,urban_residential,696000,218,0,1962000,2030300,1334300,0
2021-10-10,ATM003,corporate_park,858800,268,0,2148000,2350500,1491700,0
2021-10-10,ATM004,rural_branch,461500,144,0,1270000,1270000,808500,0
2021-10-10,ATM005,transit_hub,1552900,485,0,2738000,3680300,2127400,0
2021-10-11,ATM001,metro_retail,855200,267,0,0,2243600,1388400,0
2021-10-11,ATM002,urban_residential,552400,173,0,0,1334300,781900,0
2021-10-11,ATM003,corporate_park,612400,191,0,0,1491700,879300,0
2021-10-11,ATM004,rural_branch,399900,125,0,0,808500,408500,0
2021-10-11,ATM005,transit_hub,981300,307,0,0,2127400,1146100,0
2021-10-12,ATM001,metro_retail,838300,262,0,0,1388400,550100,0
2021-10-12,ATM002,urban_residential,423500,132,0,0,781900,358300,0
2021-10-12,ATM003,corporate_park,540900,169,0,0,879300,338400,0
2021-10-12,ATM004,rural_branch,266200,83,0,861000,1269500,1003300,0
2021-10-12,ATM005,transit_hub,866700,271,0,2534000,3680100,2813400,0
2021-10-13,ATM001,metro_retail,751500,235,0,2990000,3540100,2788600,0
2021-10-13,ATM002,urban_residential,388900,122,0,1672000,2030300,1641400,0
2021-10-13,ATM003,corporate_park,454500,142,0,2012000,2350400,1895900,0
2021-10-13,ATM004,rural_branch,260000,81,0,0,1003300,743300,0
2021-10-13,ATM005,transit_hub,693100,217,0,0,2813400,2120300,0
2021-10-14,ATM001,metro_retail,757600,237,0,0,2788600,2031000,0
2021-10-14,ATM002,urban_residential,429900,134,0,0,1641400,1211500,0
2021-10-14,ATM003,corporate_park,606700,190,0,0,1895900,1289300,0
2021-10-14,ATM004,rural_branch,274200,86,0,0,743300,469000,0
2021-10-14,ATM005,transit_hub,943800,295,0,0,2120300,1176500,0
2021-10-15,ATM001,metro_retail,1416600,443,0,0,2031000,614500,0
2021-10-15,ATM002,urban_residential,747600,234,0,0,1211500,463900,0
2021-10-15,ATM003,corporate_park,803600,251,0,0,1289300,485700,0
2021-10-15,ATM004,rural_branch,469000,147,0,0,469000,0,1
2021-10-15,ATM005,transit_hub,1294200,404,0,2503000,3679500,2385300,0
2021-10-16,ATM001,metro_retail,1552400,485,0,2926000,3540500,1988000,0
2021-10-16,ATM002,urban_residential,820200,256,0,1566000,2029900,1209700,0
2021-10-16,ATM003,corporate_park,907000,283,0,1864000,2349700,1442700,0
2021-10-16,ATM004,rural_branch,576900,180,0,1270000,1270000,693100,0
2021-10-16,ATM005,transit_hub,1631400,510,0,0,2385300,753900,0
2021-10-17,ATM001,metro_retail,1106700,346,0,0,1988000,881300,0
2021-10-17,ATM002,urban_residential,672400,210,0,0,1209700,537400,0
2021-10-17,ATM003,corporate_park,686500,215,0,0,1442700,756300,0
2021-10-17,ATM004,rural_branch,413300,129,0,0,693100,279800,0
2021-10-17,ATM005,transit_hub,1382600,432,0,2926000,3679900,2297300,0
2021-10-18,ATM001,metro_retail,977800,306,0,2659000,3540300,2562500,0
2021-10-18,ATM002,urban_residential,566400,177,0,1493000,2030400,1463900,0
2021-10-18,ATM003,corporate_park,557300,174,0,1594000,2350300,1792900,0
2021-10-18,ATM004,rural_branch,363100,113,0,990000,1269800,906700,0
2021-10-18,ATM005,transit_hub,1098600,343,0,0,2297300,1198700,0
2021-10-19,ATM001,metro_retail,729300,228,0,0,2562500,1833100,0
2021-10-19,ATM002,urban_residential,373900,117,0,0,1463900,1090000,0
2021-10-19,ATM003,corporate_park,518900,162,0,0,1792900,1274000,0
2021-10-19,ATM004,rural_branch,261200,82,0,0,906700,645500,0
2021-10-19,ATM005,transit_hub,790800,247,0,2481000,3679700,2888900,0
2021-10-20,ATM001,metro_retail,746200,233,0,0,1833100,1086900,0
2021-10-20,ATM002,urban_residential,364300,114,0,0,1090000,725700,0
2021-10-20,ATM003,corporate_park,456700,143,0,0,1274000,817400,0
2021-10-20,ATM004,rural_branch,245300,77,0,0,645500,400200,0
2021-10-20,ATM005,transit_hub,734100,229,0,0,2888900,2154800,0
2021-10-21,ATM001,metro_retail,790100,247,0,2453000,3539900,2749800,0
2021-10-21,ATM002,urban_residential,436100,136,0,0,725700,289600,0
2021-10-21,ATM003,corporate_park,533100,167,0,1533000,2350400,1817300,0
2021-10-21,ATM004,rural_branch,297700,93,0,870000,1270200,972500,0
2021-10-21,ATM005,transit_hub,825200,258,0,0,2154800,1329600,0
2021-10-22,ATM001,metro_retail,1241300,388,0,0,2749800,1508500,0
2021-10-22,ATM002,urban_residential,630400,197,0,1740000,2029600,1399200,0
2021-10-22,ATM003,corporate_park,685600,214,0,0,1817300,1131700,0
2021-10-22,ATM004,rural_branch,342900,107,0,0,972500,629600,0
2021-10-22,ATM005,transit_hub,1096200,343,0,0,1329600,233400,0
2021-10-23,ATM001,metro_retail,1373300,429,0,0,1508500,135200,0
2021-10-23,ATM002,urban_residential,839100,262,0,0,1399200,560000,0
2021-10-23,ATM003,corporate_park,909500,284,0,0,1131700,222200,0
2021-10-23,ATM004,rural_branch,520200,163,0,0,629600,109500,0
2021-10-23,ATM005,transit_hub,1513700,473,0,3447000,3680400,2166700,0
2021-10-24,ATM001,metro_retail,1961300,613,1,3405000,3540200,1578900,0
2021-10-24,ATM002,urban_residential,1041500,325,1,1470000,2030000,988500,0
2021-10-24,ATM003,corporate_park,1163600,364,1,2128000,2350200,1186600,0
2021-10-24,ATM004,rural_branch,882100,276,1,1161000,1270500,388400,0
2021-10-24,ATM005,transit_hub,1783000,557,1,0,2166700,383700,0
2021-10-25,ATM001,metro_retail,1072800,335,0,0,1578900,506100,0
2021-10-25,ATM002,urban_residential,533600,167,0,0,988500,454900,0
2021-10-25,ATM003,corporate_park,651100,203,0,0,1186600,535500,0
2021-10-25,ATM004,rural_branch,373900,117,0,882000,1270400,896400,0
2021-10-25,ATM005,transit_hub,1056300,330,0,3296000,3679700,2623500,0
2021-10-26,ATM001,metro_retail,726200,227,0,3034000,3540100,2813900,0
2021-10-26,ATM002,urban_residential,386400,121,0,1575000,2029900,1643600,0
2021-10-26,ATM003,corporate_park,492000,154,0,1814000,2349500,1857600,0
2021-10-26,ATM004,rural_branch,245900,77,0,0,896400,650500,0
2021-10-26,ATM005,transit_hub,849400,265,0,0,2623500,1774100,0
2021-10-27,ATM001,metro_retail,751800,235,0,0,2813900,2062100,0
2021-10-27,ATM002,urban_residential,429600,134,0,0,1643600,1214000,0
2021-10-27,ATM003,corporate_park,551600,172,0,0,1857600,1306000,0
2021-10-27,ATM004,rural_branch,284200,89,0,0,650500,366300,0
2021-10-27,ATM005,transit_hub,852700,266,0,0,1774100,921400,0
2021-10-28,ATM001,metro_retail,823500,257,0,0,2062100,1238600,0
2021-10-28,ATM002,urban_residential,389900,122,0,0,1214000,824000,0
2021-10-28,ATM003,corporate_park,488800,153,0,0,1306000,817200,0
2021-10-28,ATM004,rural_branch,301700,94,0,904000,1270300,968600,0
2021-10-28,ATM005,transit_hub,929400,290,0,2759000,3680400,2751000,0
2021-10-29,ATM001,metro_retail,1427900,446,0,2301000,3539600,2111700,0
2021-10-29,ATM002,urban_residential,801500,250,0,0,824000,22500,0
2021-10-29,ATM003,corporate_park,1048900,328,0,1533000,2350200,1301300,0
2021-10-29,ATM004,rural_branch,523900,164,0,0,968600,444700,0
2021-10-29,ATM005,transit_hub,1535400,480,0,0,2751000,1215700,0
2021-10-30,ATM001,metro_retail,2024500,633,0,0,2111700,87200,0
2021-10-30,ATM002,urban_residential,1095000,342,0,2007000,2029500,934500,0
2021-10-30,ATM003,corporate_park,1090600,341,0,0,1301300,210700,0
2021-10-30,ATM004,rural_branch,444700,139,0,0,444700,0,1
2021-10-30,ATM005,transit_hub,1963500,614,0,2464000,3679700,1716200,0
2021-10-31,ATM001,metro_retail,1625700,508,0,3453000,3540200,1914500,0
2021-10-31,ATM002,urban_residential,823000,257,0,0,934500,111400,0
2021-10-31,ATM003,corporate_park,990500,310,0,2139000,2349700,1359200,0
2021-10-31,ATM004,rural_branch,613600,192,0,1270000,1270000,656400,0
2021-10-31,ATM005,transit_hub,1668300,521,0,0,1716200,47900,0
2021-11-01,ATM001,metro_retail,1320200,413,0,0,1914500,594300,0
2021-11-01,ATM002,urban_residential,754500,236,0,1919000,2030400,1275900,0
2021-11-01,ATM003,corporate_park,852800,266,0,0,1359200,506400,0
2021-11-01,ATM004,rural_branch,490100,153,0,0,656400,166300,0
2021-11-01,ATM005,transit_hub,1560500,488,0,3632000,3679900,2119500,0
2021-11-02,ATM001,metro_retail,1146800,358,0,2946000,3540300,2393600,0
2021-11-02,ATM002,urban_residential,608400,190,0,0,1275900,667500,0
2021-11-02,ATM003,corporate_park,759000,237,0,1844000,2350400,1591400,0
2021-11-02,ATM004,rural_branch,366200,114,0,1104000,1270300,904100,0
2021-11-02,ATM005,transit_hub,1124300,351,0,0,2119500,995200,0
2021-11-03,ATM001,metro_retail,974500,305,0,0,2393600,1419100,0
2021-11-03,ATM002,urban_residential,589900,184,0,1363000,2030500,1440600,0
2021-11-03,ATM003,corporate_park,606700,190,0,0,1591400,984700,0
2021-11-03,ATM004,rural_branch,362600,113,0,0,904100,541500,0
2021-11-03,ATM005,transit_hub,995800,311,0,2685000,3680200,2684400,0
2021-11-04,ATM001,metro_retail,806600,252,0,0,1419100,612500,0
2021-11-04,ATM002,urban_residential,393400,123,0,0,1440600,1047200,0
2021-11-04,ATM003,corporate_park,526800,165,0,0,984700,457900,0
2021-11-04,ATM004,rural_branch,325000,102,0,0,541500,216600,0
2021-11-04,ATM005,transit_hub,752100,235,0,0,2684400,1932300,0
2021-11-05,ATM001,metro_retail,1103500,345,0,2928000,3540500,2437000,0
2021-11-05,ATM002,urban_residential,638600,200,0,0,1047200,408600,0
2021-11-05,ATM003,corporate_park,745500,233,0,1892000,2349900,1604400,0
2021-11-05,ATM004,rural_branch,366200,114,0,1053000,1269600,903300,0
2021-11-05,ATM005,transit_hub,1304100,408,0,0,1932300,628200,0
2021-11-06,ATM001,metro_retail,1431100,447,0,0,2437000,1005900,0
2021-11-06,ATM002,urban_residential,759200,237,0,1621000,2029600,1270400,0
2021-11-06,ATM003,corporate_park,837100,262,0,0,1604400,767200,0
2021-11-06,ATM004,rural_branch,520200,163,0,0,903300,383100,0
2021-11-06,ATM005,transit_hub,1590400,497,0,3052000,3680200,2089800,0
2021-11-07,ATM001,metro_retail,1474600,461,0,2534000,3539900,2065300,0
2021-11-07,ATM002,urban_residential,717400,224,0,0,1270400,553000,0
2021-11-07,ATM003,corporate_park,992100,310,0,1583000,2350200,1358100,0
2021-11-07,ATM004,rural_branch,610700,191,0,887000,1270100,659400,0
2021-11-07,ATM005,transit_hub,1561300,488,0,0,2089800,528500,0
2021-11-08,ATM001,metro_retail,956500,299,0,0,2065300,1108900,0
2021-11-08,ATM002,urban_residential,604100,189,0,1477000,2030000,1425900,0
2021-11-08,ATM003,corporate_park,719300,225,0,0,1358100,638800,0
2021-11-08,ATM004,rural_branch,430000,134,0,0,659400,229400,0
2021-11-08,ATM005,transit_hub,1048400,328,0,3151000,3679500,2631100,0
2021-11-09,ATM001,metro_retail,786700,246,0,2431000,3539900,2753100,0
2021-11-09,ATM002,urban_residential,447300,140,0,0,1425900,978600,0
2021-11-09,ATM003,corporate_park,500700,156,0,1711000,2349800,1849100,0
2021-11-09,ATM004,rural_branch,286900,90,0,1041000,1270400,983500,0
2021-11-09,ATM005,transit_hub,771000,241,0,0,2631100,1860200,0
2021-11-10,ATM001,metro_retail,736300,230,0,0,2753100,2016900,0
2021-11-10,ATM002,urban_residential,400600,125,0,0,978600,578000,0
2021-11-10,ATM003,corporate_park,467400,146,0,0,1849100,1381700,0
2021-11-10,ATM004,rural_branch,317000,99,0,0,983500,666500,0
2021-11-10,ATM005,transit_hub,906300,283,0,0,1860200,953800,0
2021-11-11,ATM001,metro_retail,846700,265,0,0,2016900,1170200,0
2021-11-11,ATM002,urban_residential,444200,139,0,1452000,2030000,1585800,0
2021-11-11,ATM003,corporate_park,551900,172,0,0,1381700,829700,0
2021-11-11,ATM004,rural_branch,338600,106,0,0,666500,327900,0
2021-11-11,ATM005,transit_hub,769700,241,0,2726000,3679800,2910100,0
2021-11-12,ATM001,metro_retail,1653200,517,1,2370000,3540200,1887000,0
2021-11-12,ATM002,urban_residential,946700,296,1,0,1585800,639100,0
2021-11-12,ATM003,corporate_park,829700,259,1,0,829700,0,1
2021-11-12,ATM004,rural_branch,597600,187,1,942000,1269900,672300,0
2021-11-12,ATM005,transit_hub,1481300,463,1,0,2910100,1428800,0
2021-11-13,ATM001,metro_retail,1572700,491,0,0,1887000,314400,0
2021-11-13,ATM002,urban_residential,839200,262,0,1391000,2030100,1190900,0
2021-11-13,ATM003,corporate_park,907000,283,0,2350000,2350000,1443000,0
2021-11-13,ATM004,rural_branch,447300,140,0,0,672300,225000,0
2021-11-13,ATM005,transit_hub,1428800,447,0,0,1428800,0,1
2021-11-14,ATM001,metro_retail,1233200,385,0,3226000,3540400,2307100,0
2021-11-14,ATM002,urban_residential,839400,262,0,0,1190900,351500,0
2021-11-14,ATM003,corporate_park,760900,238,0,0,1443000,682200,0
2021-11-14,ATM004,rural_branch,470700,147,0,1045000,1270000,799300,0
2021-11-14,ATM005,transit_hub,1338100,418,0,3680000,3680000,2341900,0
2021-11-15,ATM001,metro_retail,1117200,349,0,0,2307100,1189900,0
2021-11-15,ATM002,urban_residential,620600,194,0,1679000,2030500,1409900,0
2021-11-15,ATM003,corporate_park,677200,212,0,1668000,2350200,1672900,0
2021-11-15,ATM004,rural_branch,348200,109,0,0,799300,451000,0
2021-11-15,ATM005,transit_hub,1111000,347,0,0,2341900,1230900,0
2021-11-16,ATM001,metro_retail,798000,249,0,2350000,3539900,2742000,0
2021-11-16,ATM002,urban_residential,346500,108,0,0,1409900,1063400,0
2021-11-16,ATM003,corporate_park,481500,150,0,0,1672900,1191500,0
2021-11-16,ATM004,rural_branch,280800,88,0,0,451000,170200,0
2021-11-16,ATM005,transit_hub,752000,235,0,2449000,3679900,2927800,0
2021-11-17,ATM001,metro_retail,740300,231,0,0,2742000,2001600,0
2021-11-17,ATM002,urban_residential,415700,130,0,0,1063400,647700,0
2021-11-17,ATM003,corporate_park,498900,156,0,0,1191500,692600,0
2021-11-17,ATM004,rural_branch,321900,101,0,1100000,1270200,948300,0
2021-11-17,ATM005,transit_hub,661800,207,0,0,2927800,2266000,0
2021-11-18,ATM001,metro_retail,776000,243,0,0,2001600,1225600,0
2021-11-18,ATM002,urban_residential,415800,130,0,1382000,2029700,1613900,0
2021-11-18,ATM003,corporate_park,505700,158,0,1657000,2349600,1843900,0
2021-11-18,ATM004,rural_branch,308200,96,0,0,948300,640200,0
2021-11-18,ATM005,transit_hub,974700,305,0,0,2266000,1291300,0
2021-11-19,ATM001,metro_retail,1086700,340,0,2314000,3539600,2452900,0
2021-11-19,ATM002,urban_residential,615900,192,0,0,1613900,998000,0
2021-11-19,ATM003,corporate_park,703200,220,0,0,1843900,1140700,0
2021-11-19,ATM004,rural_branch,386800,121,0,0,640200,253400,0
2021-11-19,ATM005,transit_hub,1238500,387,0,0,1291300,52800,0
2021-11-20,ATM001,metro_retail,1439000,450,0,0,2452900,1013900,0
2021-11-20,ATM002,urban_residential,830100,259,0,0,998000,167900,0
2021-11-20,ATM003,corporate_park,873300,273,0,0,1140700,267400,0
2021-11-20,ATM004,rural_branch,486700,152,0,1017000,1270400,783600,0
2021-11-20,ATM005,transit_hub,1598000,499,0,3627000,3679800,2081800,0
2021-11-21,ATM001,metro_retail,1177000,368,0,2526000,3539900,2362900,0
2021-11-21,ATM002,urban_residential,685900,214,0,1862000,2029900,1344000,0
2021-11-21,ATM003,corporate_park,695400,217,0,2083000,2350400,1655000,0
2021-11-21,ATM004,rural_branch,389900,122,0,0,783600,393700,0
2021-11-21,ATM005,transit_hub,1403700,439,0,0,2081800,678100,0
2021-11-22,ATM001,metro_retail,1019300,319,0,0,2362900,1343600,0
2021-11-22,ATM002,urban_residential,501700,157,0,0,1344000,842300,0
2021-11-22,ATM003,corporate_park,731300,229,0,0,1655000,923800,0
2021-11-22,ATM004,rural_branch,298000,93,0,876000,1269700,971800,0
2021-11-22,ATM005,transit_hub,972500,304,0,3002000,3680100,2707500,0
2021-11-23,ATM001,metro_retail,765400,239,0,0,1343600,578200,0
2021-11-23,ATM002,urban_residential,470500,147,0,0,842300,371800,0
2021-11-23,ATM003,corporate_park,526400,164,0,0,923800,397400,0
2021-11-23,ATM004,rural_branch,326500,102,0,0,971800,645300,0
2021-11-23,ATM005,transit_hub,818400,256,0,0,2707500,1889100,0
2021-11-24,ATM001,metro_retail,820400,256,0,2962000,3540200,2719900,0
2021-11-24,ATM002,urban_residential,442700,138,0,1658000,2029800,1587100,0
2021-11-24,ATM003,corporate_park,505300,158,0,1953000,2350400,1845100,0
2021-11-24,ATM004,rural_branch,295000,92,0,0,645300,350300,0
2021-11-24,ATM005,transit_hub,848500,265,0,0,1889100,1040700,0
2021-11-25,ATM001,metro_retail,938200,293,0,0,2719900,1781700,0
2021-11-25,ATM002,urban_residential,418100,131,0,0,1587100,1169000,0
2021-11-25,ATM003,corporate_park,496900,155,0,0,1845100,1348100,0
2021-11-25,ATM004,rural_branch,297200,93,0,920000,1270300,973100,0
2021-11-25,ATM005,transit_hub,704500,220,0,2639000,3679700,2975200,0
2021-11-26,ATM001,metro_retail,1153000,360,0,0,1781700,628600,0
2021-11-26,ATM002,urban_residential,655800,205,0,0,1169000,513100,0
2021-11-26,ATM003,corporate_park,833700,261,0,0,1348100,514500,0
2021-11-26,ATM004,rural_branch,412800,129,0,0,973100,560300,0
2021-11-26,ATM005,transit_hub,1229100,384,0,0,2975200,1746100,0
2021-11-27,ATM001,metro_retail,1372900,429,0,2911000,3539600,2166700,0
2021-11-27,ATM002,urban_residential,870300,272,0,1517000,2030100,1159900,0
2021-11-27,ATM003,corporate_park,936700,293,0,1836000,2350500,1413800,0
2021-11-27,ATM004,rural_branch,545200,170,0,0,560300,15100,0
2021-11-27,ATM005,transit_hub,1630400,509,0,0,1746100,115700,0
2021-11-28,ATM001,metro_retail,1588800,497,0,0,2166700,577900,0
2021-11-28,ATM002,urban_residential,1020800,319,0,0,1159900,139100,0
2021-11-28,ATM003,corporate_park,1179700,369,0,0,1413800,234100,0
2021-11-28,ATM004,rural_branch,617200,193,0,1255000,1270100,652900,0
2021-11-28,ATM005,transit_hub,1724100,539,0,3564000,3679700,1955700,0
2021-11-29,ATM001,metro_retail,1254100,392,0,2962000,3539900,2285800,0
2021-11-29,ATM002,urban_residential,654100,204,0,1891000,2030100,1376000,0
2021-11-29,ATM003,corporate_park,825600,258,0,2116000,2350100,1524500,0
2021-11-29,ATM004,rural_branch,539600,169,0,0,652900,113300,0
2021-11-29,ATM005,transit_hub,1268600,396,0,0,1955700,687000,0
2021-11-30,ATM001,metro_retail,913900,286,0,0,2285800,1372000,0
2021-11-30,ATM002,urban_residential,587700,184,0,0,1376000,788300,0
2021-11-30,ATM003,corporate_park,651400,204,0,0,1524500,873100,0
2021-11-30,ATM004,rural_branch,375700,117,0,1157000,1270300,894600,0
2021-11-30,ATM005,transit_hub,1013200,317,0,2993000,3680000,2666800,0
2021-12-01,ATM001,metro_retail,1068000,334,0,0,1372000,304000,0
2021-12-01,ATM002,urban_residential,590600,185,0,0,788300,197700,0
2021-12-01,ATM003,corporate_park,646600,202,0,0,873100,226400,0
2021-12-01,ATM004,rural_branch,322600,101,0,0,894600,571900,0
2021-12-01,ATM005,transit_hub,1088500,340,0,0,2666800,1578300,0
2021-12-02,ATM001,metro_retail,1125500,352,0,3236000,3540000,2414500,0
2021-12-02,ATM002,urban_residential,642000,201,0,1832000,2029700,1387700,0
2021-12-02,ATM003,corporate_park,708900,222,0,2124000,2350400,1641500,0
2021-12-02,ATM004,rural_branch,452800,141,0,0,571900,119200,0
2021-12-02,ATM005,transit_hub,1169200,365,0,0,1578300,409100,0
2021-12-03,ATM001,metro_retail,1402100,438,0,0,2414500,1012400,0
2021-12-03,ATM002,urban_residential,771900,241,0,0,1387700,615800,0
2021-12-03,ATM003,corporate_park,933200,292,0,0,1641500,708300,0
2021-12-03,ATM004,rural_branch,432700,135,0,1151000,1270200,837400,0
2021-12-03,ATM005,transit_hub,1405300,439,0,3271000,3680100,2274800,0
2021-12-04,ATM001,metro_retail,1440700,450,0,2528000,3540400,2099700,0
2021-12-04,ATM002,urban_residential,708700,221,0,1414000,2029800,1321100,0
2021-12-04,ATM003,corporate_park,1058000,331,0,1642000,2350300,1292200,0
2021-12-04,ATM004,rural_branch,527200,165,0,0,837400,310300,0
2021-12-04,ATM005,transit_hub,1634400,511,0,0,2274800,640400,0
2021-12-05,ATM001,metro_retail,1196500,374,0,0,2099700,903200,0
2021-12-05,ATM002,urban_residential,721000,225,0,0,1321100,600100,0
2021-12-05,ATM003,corporate_park,915100,286,0,0,1292200,377100,0
2021-12-05,ATM004,rural_branch,414500,130,0,960000,1270300,855800,0
2021-12-05,ATM005,transit_hub,1263400,395,0,3040000,3680400,2416900,0
2021-12-06,ATM001,metro_retail,1080300,338,0,2637000,3540200,2460000,0
2021-12-06,ATM002,urban_residential,478600,150,0,1430000,2030100,1551500,0
2021-12-06,ATM003,corporate_park,641400,200,0,1973000,2350100,1708700,0
2021-12-06,ATM004,rural_branch,363300,114,0,0,855800,492500,0
2021-12-06,ATM005,transit_hub,1005900,314,0,0,2416900,1411000,0
2021-12-07,ATM001,metro_retail,838600,262,0,0,2460000,1621300,0
2021-12-07,ATM002,urban_residential,464200,145,0,0,1551500,1087300,0
2021-12-07,ATM003,corporate_park,617900,193,0,0,1708700,1090800,0
2021-12-07,ATM004,rural_branch,270100,84,0,0,492500,222400,0
2021-12-07,ATM005,transit_hub,955000,298,0,0,1411000,456000,0
2021-12-08,ATM001,metro_retail,712400,223,0,0,1621300,909000,0
2021-12-08,ATM002,urban_residential,423600,132,0,0,1087300,663700,0
2021-12-08,ATM003,corporate_park,366400,115,0,0,1090800,724400,0
2021-12-08,ATM004,rural_branch,236800,74,0,1048000,1270400,1033600,0
2021-12-08,ATM005,transit_hub,769600,241,0,3224000,3680000,2910400,0
2021-12-09,ATM001,metro_retail,802500,251,0,2631000,3540000,2737500,0
2021-12-09,ATM002,urban_residential,426900,133,0,1366000,2029700,1602800,0
2021-12-09,ATM003,corporate_park,500200,156,0,1626000,2350400,1850200,0
2021-12-09,ATM004,rural_branch,272200,85,0,0,1033600,761400,0
2021-12-09,ATM005,transit_hub,878800,275,0,0,2910400,2031600,0
2021-12-10,ATM001,metro_retail,1222700,382,0,0,2737500,1514800,0
2021-12-10,ATM002,urban_residential,564600,176,0,0,1602800,1038200,0
2021-12-10,ATM003,corporate_park,748700,234,0,0,1850200,1101600,0
2021-12-10,ATM004,rural_branch,456300,143,0,0,761400,305200,0
2021-12-10,ATM005,transit_hub,1058600,331,0,0,2031600,973000,0
2021-12-11,ATM001,metro_retail,1450000,453,0,0,1514800,64800,0
2021-12-11,ATM002,urban_residential,769100,240,0,0,1038200,269100,0
2021-12-11,ATM003,corporate_park,1002500,313,0,0,1101600,99100,0
2021-12-11,ATM004,rural_branch,539900,169,0,965000,1270200,730300,0
2021-12-11,ATM005,transit_hub,1738300,543,0,2707000,3680000,1941700,0
2021-12-12,ATM001,metro_retail,1290800,403,0,3475000,3539800,2248900,0
2021-12-12,ATM002,urban_residential,678600,212,0,1761000,2030100,1351500,0
2021-12-12,ATM003,corporate_park,828100,259,0,2251000,2350100,1522000,0
2021-12-12,ATM004,rural_branch,509900,159,0,0,730300,220500,0
2021-12-12,ATM005,transit_hub,1173800,367,0,0,1941700,767900,0
2021-12-13,ATM001,metro_retail,1015200,317,0,0,2248900,1233700,0
2021-12-13,ATM002,urban_residential,533400,167,0,0,1351500,818100,0
2021-12-13,ATM003,corporate_park,633300,198,0,0,1522000,888700,0
2021-12-13,ATM004,rural_branch,415200,130,0,1050000,1270500,855200,0
2021-12-13,ATM005,transit_hub,1058000,331,0,2912000,3679900,2622000,0
2021-12-14,ATM001,metro_retail,806300,252,0,2306000,3539700,2733400,0
2021-12-14,ATM002,urban_residential,469300,147,0,0,818100,348800,0
2021-12-14,ATM003,corporate_park,483200,151,0,0,888700,405500,0
2021-12-14,ATM004,rural_branch,285700,89,0,0,855200,569600,0
2021-12-14,ATM005,transit_hub,777400,243,0,0,2622000,1844500,0
2021-12-15,ATM001,metro_retail,897100,280,0,0,2733400,1836400,0
2021-12-15,ATM002,urban_residential,492200,154,0,1681000,2029800,1537600,0
2021-12-15,ATM003,corporate_park,479200,150,0,1945000,2350500,1871200,0
2021-12-15,ATM004,rural_branch,317100,99,0,0,569600,252500,0
2021-12-15,ATM005,transit_hub,807600,252,0,0,1844500,1036900,0
2021-12-16,ATM001,metro_retail,795100,248,0,0,1836400,1041300,0
2021-12-16,ATM002,urban_residential,425100,133,0,0,1537600,1112500,0
2021-12-16,ATM003,corporate_park,619600,194,0,0,1871200,1251700,0
2021-12-16,ATM004,rural_branch,274700,86,0,1018000,1270500,995800,0
2021-12-16,ATM005,transit_hub,824800,258,0,2643000,3679900,2855100,0
2021-12-17,ATM001,metro_retail,1237600,387,0,2499000,3540300,2302700,0
2021-12-17,ATM002,urban_residential,685500,214,0,0,1112500,427000,0
2021-12-17,ATM003,corporate_park,810300,253,0,0,1251700,441400,0
2021-12-17,ATM004,rural_branch,417800,131,0,0,995800,578000,0
2021-12-17,ATM005,transit_hub,1297800,406,0,0,2855100,1557300,0
2021-12-18,ATM001,metro_retail,1442700,451,0,0,2302700,860000,0
2021-12-18,ATM002,urban_residential,756400,236,0,1603000,2030000,1273600,0
2021-12-18,ATM003,corporate_park,1041700,326,0,1909000,2350400,1308700,0
2021-12-18,ATM004,rural_branch,491200,153,0,0,578000,86800,0
2021-12-18,ATM005,transit_hub,1557300,487,0,0,1557300,0,1
2021-12-19,ATM001,metro_retail,1226300,383,0,2680000,3540000,2313700,0
2021-12-19,ATM002,urban_residential,755900,236,0,0,1273600,517600,0
2021-12-19,ATM003,corporate_park,798400,249,0,0,1308700,510300,0
2021-12-19,ATM004,rural_branch,505000,158,0,1183000,1269800,764800,0
2021-12-19,ATM005,transit_hub,1295100,405,0,3680000,3680000,2384900,0
2021-12-20,ATM001,metro_retail,1045600,327,0,0,2313700,1268000,0
2021-12-20,ATM002,urban_residential,536600,168,0,1512000,2029600,1493000,0
2021-12-20,ATM003,corporate_park,607000,190,0,1840000,2350300,1743300,0
2021-12-20,ATM004,rural_branch,397500,124,0,0,764800,367300,0
2021-12-20,ATM005,transit_hub,1021300,319,0,0,2384900,1363600,0
2021-12-21,ATM001,metro_retail,811000,253,0,0,1268000,457100,0
2021-12-21,ATM002,urban_residential,436400,136,0,0,1493000,1056600,0
2021-12-21,ATM003,corporate_park,529800,166,0,0,1743300,1213600,0
2021-12-21,ATM004,rural_branch,307700,96,0,903000,1270300,962600,0
2021-12-21,ATM005,transit_hub,681900,213,0,0,1363600,681800,0
2021-12-22,ATM001,metro_retail,751000,235,0,3083000,3540100,2789100,0
2021-12-22,ATM002,urban_residential,445600,139,0,0,1056600,611000,0
2021-12-22,ATM003,corporate_park,467400,146,0,0,1213600,746200,0
2021-12-22,ATM004,rural_branch,272000,85,0,0,962600,690600,0
2021-12-22,ATM005,transit_hub,896200,280,0,2998000,3679800,2783600,0
2021-12-23,ATM001,metro_retail,766200,239,0,0,2789100,2022900,0
2021-12-23,ATM002,urban_residential,419400,131,0,1419000,2030000,1610600,0
2021-12-23,ATM003,corporate_park,516400,161,0,1604000,2350200,1833800,0
2021-12-23,ATM004,rural_branch,331600,104,0,0,690600,358900,0
2021-12-23,ATM005,transit_hub,775000,242,0,0,2783600,2008600,0
2021-12-24,ATM001,metro_retail,1197700,374,0,0,2022900,825200,0
2021-12-24,ATM002,urban_residential,663800,207,0,0,1610600,946800,0
2021-12-24,ATM003,corporate_park,731200,229,0,0,1833800,1102600,0
2021-12-24,ATM004,rural_branch,416000,130,0,911000,1269900,854000,0
2021-12-24,ATM005,transit_hub,1094300,342,0,0,2008600,914200,0
2021-12-25,ATM001,metro_retail,1896600,593,1,2715000,3540200,1643700,0
2021-12-25,ATM002,urban_residential,946800,296,1,0,946800,0,1
2021-12-25,ATM003,corporate_park,1102600,345,1,0,1102600,0,1
2021-12-25,ATM004,rural_branch,678300,212,1,0,854000,175600,0
2021-12-25,ATM005,transit_hub,2022100,632,1,2766000,3680200,1658100,0
2021-12-26,ATM001,metro_retail,1189800,372,0,0,1643700,453900,0
2021-12-26,ATM002,urban_residential,853900,267,0,2030000,2030000,1176100,0
2021-12-26,ATM003,corporate_park,737900,231,0,2350000,2350000,1612100,0
2021-12-26,ATM004,rural_branch,503300,157,0,1094000,1269600,766400,0
2021-12-26,ATM005,transit_hub,1401200,438,0,0,1658100,256900,0
2021-12-27,ATM001,metro_retail,937400,293,0,3086000,3539900,2602400,0
2021-12-27,ATM002,urban_residential,532300,166,0,0,1176100,643900,0
2021-12-27,ATM003,corporate_park,623500,195,0,0,1612100,988600,0
2021-12-27,ATM004,rural_branch,391100,122,0,0,766400,375300,0
2021-12-27,ATM005,transit_hub,1188400,371,0,3423000,3679900,2491500,0
2021-12-28,ATM001,metro_retail,784600,245,0,0,2602400,1817900,0
2021-12-28,ATM002,urban_residential,469500,147,0,1386000,2029900,1560300,0
2021-12-28,ATM003,corporate_park,445100,139,0,0,988600,543500,0
2021-12-28,ATM004,rural_branch,348900,109,0,895000,1270300,921400,0
2021-12-28,ATM005,transit_hub,944000,295,0,0,2491500,1547500,0
2021-12-29,ATM001,metro_retail,860700,269,0,0,1817900,957200,0
2021-12-29,ATM002,urban_residential,580200,181,0,0,1560300,980100,0
2021-12-29,ATM003,corporate_park,643000,201,0,1806000,2349500,1706500,0
2021-12-29,ATM004,rural_branch,382000,119,0,0,921400,539300,0
2021-12-29,ATM005,transit_hub,1080000,337,0,0,1547500,467500,0
2021-12-30,ATM001,metro_retail,1094800,342,0,2583000,3540200,2445300,0
2021-12-30,ATM002,urban_residential,527200,165,0,0,980100,453000,0
2021-12-30,ATM003,corporate_park,732700,229,0,0,1706500,973800,0
2021-12-30,ATM004,rural_branch,353700,111,0,0,539300,185600,0
2021-12-30,ATM005,transit_hub,1057000,330,0,3212000,3679500,2622500,0
2021-12-31,ATM001,metro_retail,2056500,643,1,0,2445300,388900,0
2021-12-31,ATM002,urban_residential,1212700,379,1,1577000,2030000,817300,0
2021-12-31,ATM003,corporate_park,973800,304,1,0,973800,0,1
2021-12-31,ATM004,rural_branch,672900,210,1,1084000,1269600,596700,0
2021-12-31,ATM005,transit_hub,1962000,613,1,0,2622500,660500,0
2022-01-01,ATM001,metro_retail,2549100,797,1,3151000,3539900,990800,0
2022-01-01,ATM002,urban_residential,817300,255,1,0,817300,0,1
2022-01-01,ATM003,corporate_park,1368500,428,1,2350000,2350000,981500,0
2022-01-01,ATM004,rural_branch,596700,186,1,0,596700,0,1
2022-01-01,ATM005,transit_hub,2648800,828,1,3019000,3679500,1030800,0
2022-01-02,ATM001,metro_retail,1809300,565,0,2549000,3539800,1730400,0
2022-01-02,ATM002,urban_residential,833600,260,0,2030000,2030000,1196400,0
2022-01-02,ATM003,corporate_park,981500,307,0,0,981500,0,1
2022-01-02,ATM004,rural_branch,652300,204,0,1270000,1270000,617700,0
2022-01-02,ATM005,transit_hub,1904300,595,0,2649000,3679800,1775500,0
2022-01-03,ATM001,metro_retail,1265600,395,0,0,1730400,464900,0
2022-01-03,ATM002,urban_residential,722100,226,0,0,1196400,474300,0
2022-01-03,ATM003,corporate_park,814300,254,0,2350000,2350000,1535700,0
2022-01-03,ATM004,rural_branch,408000,127,0,0,617700,209700,0
2022-01-03,ATM005,transit_hub,1421000,444,0,0,1775500,354400,0
2022-01-04,ATM001,metro_retail,746500,233,0,3075000,3539900,2793400,0
2022-01-04,ATM002,urban_residential,463400,145,0,1556000,2030300,1566900,0
2022-01-04,ATM003,corporate_park,505500,158,0,0,1535700,1030200,0
2022-01-04,ATM004,rural_branch,321300,100,0,1060000,1269700,948400,0
2022-01-04,ATM005,transit_hub,834300,261,0,3326000,3680400,2846100,0
2022-01-05,ATM001,metro_retail,723400,226,0,0,2793400,2070000,0
2022-01-05,ATM002,urban_residential,428500,134,0,0,1566900,1138400,0
2022-01-05,ATM003,corporate_park,415900,130,0,0,1030200,614300,0
2022-01-05,ATM004,rural_branch,265800,83,0,0,948400,682600,0
2022-01-05,ATM005,transit_hub,672900,210,0,0,2846100,2173300,0
2022-01-06,ATM001,metro_retail,860500,269,0,0,2070000,1209600,0
2022-01-06,ATM002,urban_residential,432700,135,0,0,1138400,705700,0
2022-01-06,ATM003,corporate_park,440100,138,0,1736000,2350300,1910300,0
2022-01-06,ATM004,rural_branch,324500,101,0,0,682600,358100,0
2022-01-06,ATM005,transit_hub,808400,253,0,0,2173300,1364900,0
2022-01-07,ATM001,metro_retail,1166300,364,0,2330000,3539600,2373300,0
2022-01-07,ATM002,urban_residential,772700,241,0,1324000,2029700,1257000,0
2022-01-07,ATM003,corporate_park,941400,294,0,0,1910300,968900,0
2022-01-07,ATM004,rural_branch,473000,148,0,912000,1270100,797100,0
2022-01-07,ATM005,transit_hub,1364900,427,0,0,1364900,0,1
2022-01-08,ATM001,metro_retail,1489400,465,0,0,2373300,883800,0
2022-01-08,ATM002,urban_residential,877300,274,0,0,1257000,379600,0
2022-01-08,ATM003,corporate_park,909700,284,0,0,968900,59100,0
2022-01-08,ATM004,rural_branch,573200,179,0,0,797100,223800,0
2022-01-08,ATM005,transit_hub,1481300,463,0,3680000,3680000,2198700,0
2022-01-09,ATM001,metro_retail,1214300,379,0,2656000,3539800,2325500,0
2022-01-09,ATM002,urban_residential,690100,216,0,1650000,2029600,1339500,0
2022-01-09,ATM003,corporate_park,836000,261,0,2291000,2350100,1514100,0
2022-01-09,ATM004,rural_branch,433000,135,0,1046000,1269800,836800,0
2022-01-09,ATM005,transit_hub,1315600,411,0,0,2198700,883100,0
2022-01-10,ATM001,metro_retail,981500,307,0,0,2325500,1344000,0
2022-01-10,ATM002,urban_residential,573300,179,0,0,1339500,766200,0
2022-01-10,ATM003,corporate_park,633900,198,0,0,1514100,880200,0
2022-01-10,ATM004,rural_branch,363700,114,0,0,836800,473100,0
2022-01-10,ATM005,transit_hub,1311400,410,0,2797000,3680100,2368700,0
2022-01-11,ATM001,metro_retail,785100,245,0,0,1344000,558900,0
2022-01-11,ATM002,urban_residential,394500,123,0,0,766200,371700,0
2022-01-11,ATM003,corporate_park,523900,164,0,0,880200,356200,0
2022-01-11,ATM004,rural_branch,269100,84,0,0,473100,204000,0
2022-01-11,ATM005,transit_hub,790300,247,0,0,2368700,1578400,0
2022-01-12,ATM001,metro_retail,755800,236,0,2981000,3539900,2784100,0
2022-01-12,ATM002,urban_residential,410900,128,0,1658000,2029700,1618700,0
2022-01-12,ATM003,corporate_park,418200,131,0,1994000,2350200,1932000,0
2022-01-12,ATM004,rural_branch,271400,85,0,1066000,1270000,998500,0
2022-01-12,ATM005,transit_hub,878400,274,0,0,1578400,700000,0
2022-01-13,ATM001,metro_retail,884700,276,0,0,2784100,1899400,0
2022-01-13,ATM002,urban_residential,409800,128,0,0,1618700,1209000,0
2022-01-13,ATM003,corporate_park,502700,157,0,0,1932000,1429300,0
2022-01-13,ATM004,rural_branch,308600,96,0,0,998500,689900,0
2022-01-13,ATM005,transit_hub,981000,307,0,2980000,3680000,2699000,0
2022-01-14,ATM001,metro_retail,1178900,368,0,0,1899400,720500,0
2022-01-14,ATM002,urban_residential,539500,169,0,0,1209000,669500,0
2022-01-14,ATM003,corporate_park,649800,203,0,0,1429300,779500,0
2022-01-14,ATM004,rural_branch,454200,142,0,0,689900,235700,0
2022-01-14,ATM005,transit_hub,1254600,392,0,0,2699000,1444400,0
2022-01-15,ATM001,metro_retail,1642400,513,0,2820000,3540500,1898100,0
2022-01-15,ATM002,urban_residential,846300,264,0,1361000,2030500,1184200,0
2022-01-15,ATM003,corporate_park,925800,289,0,1570000,2349500,1423800,0
2022-01-15,ATM004,rural_branch,582500,182,0,1034000,1269700,687200,0
2022-01-15,ATM005,transit_hub,1444400,451,0,0,1444400,0,1
2022-01-16,ATM001,metro_retail,1174500,367,0,0,1898100,723600,0
2022-01-16,ATM002,urban_residential,787800,246,0,0,1184200,396400,0
2022-01-16,ATM003,corporate_park,750000,234,0,0,1423800,673800,0
2022-01-16,ATM004,rural_branch,522400,163,0,0,687200,164700,0
2022-01-16,ATM005,transit_hub,1104500,345,0,3680000,3680000,2575500,0
2022-01-17,ATM001,metro_retail,1022100,319,0,2816000,3539600,2517500,0
2022-01-17,ATM002,urban_residential,504900,158,0,1634000,2030400,1525500,0
2022-01-17,ATM003,corporate_park,542500,170,0,1676000,2349800,1807200,0
2022-01-17,ATM004,rural_branch,377800,118,0,1105000,1269700,891900,0
2022-01-17,ATM005,transit_hub,985400,308,0,0,2575500,1590000,0
2022-01-18,ATM001,metro_retail,801300,250,0,0,2517500,1716200,0
2022-01-18,ATM002,urban_residential,414500,130,0,0,1525500,1111000,0
2022-01-18,ATM003,corporate_park,484600,151,0,0,1807200,1322700,0
2022-01-18,ATM004,rural_branch,331500,104,0,0,891900,560400,0
2022-01-18,ATM005,transit_hub,837900,262,0,0,1590000,752200,0
2022-01-19,ATM001,metro_retail,823800,257,0,0,1716200,892300,0
2022-01-19,ATM002,urban_residential,394300,123,0,0,1111000,716700,0
2022-01-19,ATM003,corporate_park,440400,138,0,0,1322700,882300,0
2022-01-19,ATM004,rural_branch,197200,62,0,0,560400,363200,0
2022-01-19,ATM005,transit_hub,822700,257,0,2928000,3680200,2857400,0
2022-01-20,ATM001,metro_retail,791400,247,0,2648000,3540300,2749000,0
2022-01-20,ATM002,urban_residential,469000,147,0,0,716700,247600,0
2022-01-20,ATM003,corporate_park,470500,147,0,0,882300,411800,0
2022-01-20,ATM004,rural_branch,286300,89,0,907000,1270200,983900,0
2022-01-20,ATM005,transit_hub,931000,291,0,0,2857400,1926400,0
2022-01-21,ATM001,metro_retail,1166400,365,0,0,2749000,1582600,0
2022-01-21,ATM002,urban_residential,630000,197,0,1782000,2029600,1399600,0
2022-01-21,ATM003,corporate_park,725800,227,0,1938000,2349800,1624000,0
2022-01-21,ATM004,rural_branch,482000,151,0,0,983900,501800,0
2022-01-21,ATM005,transit_hub,1082000,338,0,0,1926400,844400,0
2022-01-22,ATM001,metro_retail,1518400,475,0,0,1582600,64200,0
2022-01-22,ATM002,urban_residential,865400,270,0,0,1399600,534200,0
2022-01-22,ATM003,corporate_park,927700,290,0,0,1624000,696300,0
2022-01-22,ATM004,rural_branch,431900,135,0,0,501800,69900,0
2022-01-22,ATM005,transit_hub,1574100,492,0,2836000,3680400,2106300,0
2022-01-23,ATM001,metro_retail,1258100,393,0,3476000,3540200,2282000,0
2022-01-23,ATM002,urban_residential,718500,225,0,1496000,2030200,1311700,0
2022-01-23,ATM003,corporate_park,741800,232,0,1654000,2350300,1608500,0
2022-01-23,ATM004,rural_branch,559100,175,0,1200000,1269900,710800,0
2022-01-23,ATM005,transit_hub,1126300,352,0,0,2106300,980000,0
2022-01-24,ATM001,metro_retail,980800,306,0,0,2282000,1301300,0
2022-01-24,ATM002,urban_residential,502800,157,0,0,1311700,809000,0
2022-01-24,ATM003,corporate_park,765500,239,0,0,1608500,843100,0
2022-01-24,ATM004,rural_branch,369300,115,0,0,710800,341500,0
2022-01-24,ATM005,transit_hub,984600,308,0,2700000,3680000,2695400,0
2022-01-25,ATM001,metro_retail,701400,219,0,0,1301300,599900,0
2022-01-25,ATM002,urban_residential,402800,126,0,0,809000,406200,0
2022-01-25,ATM003,corporate_park,539100,168,0,0,843100,303900,0
2022-01-25,ATM004,rural_branch,229800,72,0,928000,1269500,1039700,0
2022-01-25,ATM005,transit_hub,831200,260,0,0,2695400,1864300,0
2022-01-26,ATM001,metro_retail,874100,273,1,2940000,3539900,2665800,0
2022-01-26,ATM002,urban_residential,499300,156,1,1624000,2030200,1530800,0
2022-01-26,ATM003,corporate_park,571600,179,1,2046000,2349900,1778300,0
2022-01-26,ATM004,rural_branch,325400,102,1,0,1039700,714300,0
2022-01-26,ATM005,transit_hub,725700,227,1,0,1864300,1138600,0
2022-01-27,ATM001,metro_retail,862000,269,0,0,2665800,1803800,0
2022-01-27,ATM002,urban_residential,440100,138,0,0,1530800,1090800,0
2022-01-27,ATM003,corporate_park,508600,159,0,0,1778300,1269700,0
2022-01-27,ATM004,rural_branch,275300,86,0,0,714300,439000,0
2022-01-27,ATM005,transit_hub,905900,283,0,2541000,3679600,2773700,0
2022-01-28,ATM001,metro_retail,1248000,390,0,0,1803800,555800,0
2022-01-28,ATM002,urban_residential,665600,208,0,0,1090800,425100,0
2022-01-28,ATM003,corporate_park,796400,249,0,0,1269700,473300,0
2022-01-28,ATM004,rural_branch,388600,121,0,831000,1270000,881400,0
2022-01-28,ATM005,transit_hub,1370000,428,0,0,2773700,1403700,0
2022-01-29,ATM001,metro_retail,2270400,709,0,2984000,3539800,1269400,0
2022-01-29,ATM002,urban_residential,872000,272,0,1605000,2030100,1158200,0
2022-01-29,ATM003,corporate_park,1294100,404,0,1877000,2350300,1056200,0
2022-01-29,ATM004,rural_branch,837900,262,0,0,881400,43500,0
2022-01-29,ATM005,transit_hub,1403700,439,0,0,1403700,0,1
2022-01-30,ATM001,metro_retail,1269400,397,0,0,1269400,0,1
2022-01-30,ATM002,urban_residential,1018000,318,0,0,1158200,140200,0
2022-01-30,ATM003,corporate_park,949200,297,0,0,1056200,107000,0
2022-01-30,ATM004,rural_branch,603800,189,0,1227000,1270500,666600,0
2022-01-30,ATM005,transit_hub,1691500,529,0,3680000,3680000,1988500,0
2022-01-31,ATM001,metro_retail,1273200,398,0,3540000,3540000,2266800,0
2022-01-31,ATM002,urban_residential,685900,214,0,1890000,2030200,1344300,0
2022-01-31,ATM003,corporate_park,781300,244,0,2243000,2350000,1568700,0
2022-01-31,ATM004,rural_branch,433300,135,0,0,666600,233300,0
2022-01-31,ATM005,transit_hub,1577800,493,0,0,1988500,410600,0
2022-02-01,ATM001,metro_retail,1129500,353,0,0,2266800,1137200,0
2022-02-01,ATM002,urban_residential,728600,228,0,0,1344300,615700,0
2022-02-01,ATM003,corporate_park,953200,298,0,0,1568700,615600,0
2022-02-01,ATM004,rural_branch,500400,156,0,1037000,1270300,769900,0
2022-02-01,ATM005,transit_hub,1203700,376,0,3269000,3679600,2475900,0
2022-02-02,ATM001,metro_retail,1148700,359,0,2403000,3540200,2391500,0
2022-02-02,ATM002,urban_residential,558100,174,0,1414000,2029700,1471500,0
2022-02-02,ATM003,corporate_park,611500,191,0,1734000,2349600,1738100,0
2022-02-02,ATM004,rural_branch,408300,128,0,0,769900,361600,0
2022-02-02,ATM005,transit_hub,1095900,342,0,0,2475900,1380000,0
2022-02-03,ATM001,metro_retail,935100,292,0,0,2391500,1456400,0
2022-02-03,ATM002,urban_residential,553900,173,0,0,1471500,917600,0
2022-02-03,ATM003,corporate_park,684500,214,0,0,1738100,1053600,0
2022-02-03,ATM004,rural_branch,370400,116,0,908000,1269600,899200,0
2022-02-03,ATM005,transit_hub,1071100,335,0,0,1380000,308900,0
2022-02-04,ATM001,metro_retail,1202400,376,0,0,1456400,254000,0
2022-02-04,ATM002,urban_residential,660900,207,0,0,917600,256700,0
2022-02-04,ATM003,corporate_park,721200,225,0,0,1053600,332300,0
2022-02-04,ATM004,rural_branch,394100,123,0,0,899200,505100,0
2022-02-04,ATM005,transit_hub,1061500,332,0,3371000,3679900,2618400,0
2022-02-05,ATM001,metro_retail,1399000,437,0,3286000,3540000,2141000,0
2022-02-05,ATM002,urban_residential,787900,246,0,1773000,2029700,1241800,0
2022-02-05,ATM003,corporate_park,1001900,313,0,2018000,2350300,1348400,0
2022-02-05,ATM004,rural_branch,505100,158,0,0,505100,0,1
2022-02-05,ATM005,transit_hub,1535700,480,0,0,2618400,1082800,0
2022-02-06,ATM001,metro_retail,1086300,339,0,0,2141000,1054700,0
2022-02-06,ATM002,urban_residential,770800,241,0,0,1241800,470900,0
2022-02-06,ATM003,corporate_park,732200,229,0,0,1348400,616300,0
2022-02-06,ATM004,rural_branch,566300,177,0,1270000,1270000,703700,0
2022-02-06,ATM005,transit_hub,1474000,461,0,2597000,3679800,2205700,0
2022-02-07,ATM001,metro_retail,957800,299,0,2485000,3539700,2581900,0
2022-02-07,ATM002,urban_residential,574800,180,0,1559000,2029900,1455100,0
2022-02-07,ATM003,corporate_park,642500,201,0,1734000,2350300,1707800,0
2022-02-07,ATM004,rural_branch,366400,115,0,0,703700,337300,0
2022-02-07,ATM005,transit_hub,1173000,367,0,0,2205700,1032800,0
2022-02-08,ATM001,metro_retail,717600,224,0,0,2581900,1864300,0
2022-02-08,ATM002,urban_residential,472800,148,0,0,1455100,982300,0
2022-02-08,ATM003,corporate_park,560300,175,0,0,1707800,1147500,0
2022-02-08,ATM004,rural_branch,249000,78,0,933000,1270300,1021300,0
2022-02-08,ATM005,transit_hub,845900,264,0,2647000,3679800,2833900,0
2022-02-09,ATM001,metro_retail,808600,253,0,0,1864300,1055700,0
2022-02-09,ATM002,urban_residential,453400,142,0,0,982300,529000,0
2022-02-09,ATM003,corporate_park,478800,150,0,0,1147500,668700,0
2022-02-09,ATM004,rural_branch,313600,98,0,0,1021300,707700,0
2022-02-09,ATM005,transit_hub,764800,239,0,0,2833900,2069100,0
2022-02-10,ATM001,metro_retail,789000,247,0,2484000,3539700,2750700,0
2022-02-10,ATM002,urban_residential,458300,143,0,1501000,2030000,1571700,0
2022-02-10,ATM003,corporate_park,419600,131,0,1681000,2349700,1930100,0
2022-02-10,ATM004,rural_branch,298400,93,0,0,707700,409300,0
2022-02-10,ATM005,transit_hub,793200,248,0,0,2069100,1275900,0
2022-02-11,ATM001,metro_retail,1153600,361,0,0,2750700,1597100,0
2022-02-11,ATM002,urban_residential,600400,188,0,0,1571700,971300,0
2022-02-11,ATM003,corporate_park,737300,230,0,0,1930100,1192800,0
2022-02-11,ATM004,rural_branch,431500,135,0,861000,1270300,838700,0
2022-02-11,ATM005,transit_hub,1145700,358,0,2404000,3679900,2534200,0
2022-02-12,ATM001,metro_retail,1427000,446,0,0,1597100,170000,0
2022-02-12,ATM002,urban_residential,826200,258,0,0,971300,145100,0
2022-02-12,ATM003,corporate_park,915100,286,0,0,1192800,277700,0
2022-02-12,ATM004,rural_branch,588800,184,0,0,838700,250000,0
2022-02-12,ATM005,transit_hub,1428700,446,0,0,2534200,1105600,0
2022-02-13,ATM001,metro_retail,1317500,412,0,3370000,3540000,2222500,0
2022-02-13,ATM002,urban_residential,741200,232,0,1885000,2030100,1288800,0
2022-02-13,ATM003,corporate_park,854100,267,0,2072000,2349700,1495700,0
2022-02-13,ATM004,rural_branch,465900,146,0,1020000,1270000,804000,0
2022-02-13,ATM005,transit_hub,1193800,373,0,2574000,3679600,2485700,0
2022-02-14,ATM001,metro_retail,921300,288,0,0,2222500,1301200,0
2022-02-14,ATM002,urban_residential,474600,148,0,0,1288800,814200,0
2022-02-14,ATM003,corporate_park,658500,206,0,0,1495700,837200,0
2022-02-14,ATM004,rural_branch,288900,90,0,0,804000,515100,0
2022-02-14,ATM005,transit_hub,1058400,331,0,0,2485700,1427300,0
2022-02-15,ATM001,metro_retail,929500,290,0,0,1301200,371700,0
2022-02-15,ATM002,urban_residential,457600,143,0,0,814200,356600,0
2022-02-15,ATM003,corporate_park,574300,179,0,0,837200,262900,0
2022-02-15,ATM004,rural_branch,305100,95,0,0,515100,210000,0
2022-02-15,ATM005,transit_hub,863300,270,0,0,1427300,564100,0
2022-02-16,ATM001,metro_retail,715500,224,0,3168000,3539700,2824200,0
2022-02-16,ATM002,urban_residential,458400,143,0,1673000,2029600,1571200,0
2022-02-16,ATM003,corporate_park,474300,148,0,2087000,2349900,1875600,0
2022-02-16,ATM004,rural_branch,313100,98,0,1060000,1270000,956900,0
2022-02-16,ATM005,transit_hub,731000,228,0,3116000,3680100,2949100,0
2022-02-17,ATM001,metro_retail,795000,248,0,0,2824200,2029200,0
2022-02-17,ATM002,urban_residential,405400,127,0,0,1571200,1165800,0
2022-02-17,ATM003,corporate_park,538600,168,0,0,1875600,1337000,0
2022-02-17,ATM004,rural_branch,382100,119,0,0,956900,574800,0
2022-02-17,ATM005,transit_hub,900100,281,0,0,2949100,2049000,0
2022-02-18,ATM001,metro_retail,1179800,369,0,0,2029200,849400,0
2022-02-18,ATM002,urban_residential,691400,216,0,0,1165800,474400,0
2022-02-18,ATM003,corporate_park,663600,207,0,0,1337000,673500,0
2022-02-18,ATM004,rural_branch,423000,132,0,0,574800,151900,0
2022-02-18,ATM005,transit_hub,1101900,344,0,0,2049000,947100,0
2022-02-19,ATM001,metro_retail,1534700,480,0,2691000,3540400,2005700,0
2022-02-19,ATM002,urban_residential,803100,251,0,1556000,2030400,1227200,0
2022-02-19,ATM003,corporate_park,864900,270,0,1677000,2350500,1485500,0
2022-02-19,ATM004,rural_branch,558000,174,0,1118000,1269900,711800,0
2022-02-19,ATM005,transit_hub,1609800,503,0,2733000,3680100,2070300,0
2022-02-20,ATM001,metro_retail,1385400,433,0,0,2005700,620300,0
2022-02-20,ATM002,urban_residential,743100,232,0,0,1227200,484100,0
2022-02-20,ATM003,corporate_park,742400,232,0,0,1485500,743100,0
2022-02-20,ATM004,rural_branch,556300,174,0,0,711800,155500,0
2022-02-20,ATM005,transit_hub,1386900,433,0,0,2070300,683300,0
2022-02-21,ATM001,metro_retail,992800,310,0,2920000,3540300,2547500,0
2022-02-21,ATM002,urban_residential,505400,158,0,1546000,2030100,1524700,0
2022-02-21,ATM003,corporate_park,567300,177,0,1607000,2350100,1782800,0
2022-02-21,ATM004,rural_branch,391400,122,0,1114000,1269500,878100,0
2022-02-21,ATM005,transit_hub,1212500,379,0,2997000,3680300,2467800,0
2022-02-22,ATM001,metro_retail,727200,227,0,0,2547500,1820300,0
2022-02-22,ATM002,urban_residential,447700,140,0,0,1524700,1077000,0
2022-02-22,ATM003,corporate_park,543700,170,0,0,1782800,1239100,0
2022-02-22,ATM004,rural_branch,292300,91,0,0,878100,585800,0
2022-02-22,ATM005,transit_hub,822300,257,0,0,2467800,1645500,0
2022-02-23,ATM001,metro_retail,735400,230,0,0,1820300,1084900,0
2022-02-23,ATM002,urban_residential,443800,139,0,0,1077000,633200,0
2022-02-23,ATM003,corporate_park,518800,162,0,0,1239100,720300,0
2022-02-23,ATM004,rural_branch,227300,71,0,0,585800,358500,0
2022-02-23,ATM005,transit_hub,840400,263,0,0,1645500,805100,0
2022-02-24,ATM001,metro_retail,805300,252,0,2455000,3539900,2734600,0
2022-02-24,ATM002,urban_residential,480200,150,0,1397000,2030200,1550100,0
2022-02-24,ATM003,corporate_park,554800,173,0,1630000,2350300,1795500,0
2022-02-24,ATM004,rural_branch,295400,92,0,912000,1270500,975000,0
2022-02-24,ATM005,transit_hub,857400,268,0,2875000,3680100,2822700,0
2022-02-25,ATM001,metro_retail,1224900,383,0,0,2734600,1509700,0
2022-02-25,ATM002,urban_residential,695700,217,0,0,1550100,854300,0
2022-02-25,ATM003,corporate_park,697700,218,0,0,1795500,1097800,0
2022-02-25,ATM004,rural_branch,438000,137,0,0,975000,537000,0
2022-02-25,ATM005,transit_hub,1061900,332,0,0,2822700,1760800,0
2022-02-26,ATM001,metro_retail,1509700,472,0,0,1509700,0,1
2022-02-26,ATM002,urban_residential,854300,267,0,0,854300,0,1
2022-02-26,ATM003,corporate_park,1097800,343,0,0,1097800,0,1
2022-02-26,ATM004,rural_branch,537000,168,0,0,537000,0,1
2022-02-26,ATM005,transit_hub,1760800,550,0,0,1760800,0,1
2022-02-27,ATM001,metro_retail,1644000,514,0,3540000,3540000,1896000,0
2022-02-27,ATM002,urban_residential,959200,300,0,2030000,2030000,1070800,0
2022-02-27,ATM003,corporate_park,1002200,313,0,2350000,2350000,1347800,0
2022-02-27,ATM004,rural_branch,609300,190,0,1270000,1270000,660700,0
2022-02-27,ATM005,transit_hub,1983800,620,0,3680000,3680000,1696200,0
2022-02-28,ATM001,metro_retail,1351900,422,0,0,1896000,544100,0
2022-02-28,ATM002,urban_residential,654000,204,0,0,1070800,416800,0
2022-02-28,ATM003,corporate_park,920300,288,0,0,1347800,427500,0
2022-02-28,ATM004,rural_branch,569700,178,0,0,660700,91000,0
2022-02-28,ATM005,transit_hub,1367400,427,0,0,1696200,328800,0
2022-03-01,ATM001,metro_retail,1099800,344,0,2996000,3540100,2440300,0
2022-03-01,ATM002,urban_residential,689100,215,0,1613000,2029800,1340700,0
2022-03-01,ATM003,corporate_park,770500,241,0,1923000,2350500,1580000,0
2022-03-01,ATM004,rural_branch,401800,126,0,1179000,1270000,868200,0
2022-03-01,ATM005,transit_hub,1373200,429,0,3351000,3679800,2306500,0
2022-03-02,ATM001,metro_retail,1019800,319,0,0,2440300,1420500,0
2022-03-02,ATM002,urban_residential,529900,166,0,0,1340700,810800,0
2022-03-02,ATM003,corporate_park,743700,232,0,0,1580000,836300,0
2022-03-02,ATM004,rural_branch,324600,101,0,0,868200,543700,0
2022-03-02,ATM005,transit_hub,1148000,359,0,0,2306500,1158500,0
2022-03-03,ATM001,metro_retail,1054700,330,0,0,1420500,365800,0
2022-03-03,ATM002,urban_residential,538000,168,0,0,810800,272700,0
2022-03-03,ATM003,corporate_park,601700,188,0,0,836300,234600,0
2022-03-03,ATM004,rural_branch,319300,100,0,0,543700,224300,0
2022-03-03,ATM005,transit_hub,1251600,391,0,2521000,3679500,2427900,0
2022-03-04,ATM001,metro_retail,1287200,402,0,3174000,3539800,2252600,0
2022-03-04,ATM002,urban_residential,666900,208,0,1757000,2029700,1362800,0
2022-03-04,ATM003,corporate_park,722100,226,0,2115000,2349600,1627400,0
2022-03-04,ATM004,rural_branch,429000,134,0,1046000,1270300,841400,0
2022-03-04,ATM005,transit_hub,1172600,366,0,0,2427900,1255300,0
2022-03-05,ATM001,metro_retail,1527600,477,0,0,2252600,724900,0
2022-03-05,ATM002,urban_residential,867300,271,0,0,1362800,495500,0
2022-03-05,ATM003,corporate_park,831800,260,0,0,1627400,795600,0
2022-03-05,ATM004,rural_branch,530000,166,0,0,841400,311300,0
2022-03-05,ATM005,transit_hub,1452700,454,0,2425000,3680300,2227500,0
2022-03-06,ATM001,metro_retail,1248900,390,0,2815000,3539900,2291000,0
2022-03-06,ATM002,urban_residential,813700,254,0,1534000,2029500,1215900,0
2022-03-06,ATM003,corporate_park,706400,221,0,1554000,2349600,1643200,0
2022-03-06,ATM004,rural_branch,446500,140,0,959000,1270300,823800,0
2022-03-06,ATM005,transit_hub,1341600,419,0,0,2227500,885900,0
2022-03-07,ATM001,metro_retail,1021200,319,0,0,2291000,1269800,0
2022-03-07,ATM002,urban_residential,603400,189,0,0,1215900,612500,0
2022-03-07,ATM003,corporate_park,695100,217,0,0,1643200,948100,0
2022-03-07,ATM004,rural_branch,416400,130,0,0,823800,407400,0
2022-03-07,ATM005,transit_hub,1103800,345,0,2794000,3679900,2576100,0
2022-03-08,ATM001,metro_retail,939500,294,1,0,1269800,330300,0
2022-03-08,ATM002,urban_residential,443000,138,1,1418000,2030500,1587500,0
2022-03-08,ATM003,corporate_park,565800,177,1,0,948100,382300,0
2022-03-08,ATM004,rural_branch,337000,105,1,863000,1270400,933400,0
2022-03-08,ATM005,transit_hub,936900,293,1,0,2576100,1639200,0
2022-03-09,ATM001,metro_retail,736200,230,0,3210000,3540300,2804100,0
2022-03-09,ATM002,urban_residential,422200,132,0,0,1587500,1165300,0
2022-03-09,ATM003,corporate_park,450100,141,0,1968000,2350300,1900300,0
2022-03-09,ATM004,rural_branch,282900,88,0,0,933400,650600,0
2022-03-09,ATM005,transit_hub,775500,242,0,0,1639200,863700,0
2022-03-10,ATM001,metro_retail,853300,267,0,0,2804100,1950800,0
2022-03-10,ATM002,urban_residential,449700,141,0,0,1165300,715600,0
2022-03-10,ATM003,corporate_park,457800,143,0,0,1900300,1442500,0
2022-03-10,ATM004,rural_branch,320100,100,0,0,650600,330500,0
2022-03-10,ATM005,transit_hub,865400,270,0,2816000,3679700,2814300,0
2022-03-11,ATM001,metro_retail,1049300,328,0,0,1950800,901500,0
2022-03-11,ATM002,urban_residential,618600,193,0,0,715600,97000,0
2022-03-11,ATM003,corporate_park,750500,235,0,0,1442500,692000,0
2022-03-11,ATM004,rural_branch,380400,119,0,940000,1270500,890100,0
2022-03-11,ATM005,transit_hub,1182500,370,0,0,2814300,1631800,0
2022-03-12,ATM001,metro_retail,1638300,512,0,2638000,3539500,1901300,0
2022-03-12,ATM002,urban_residential,929000,290,0,1933000,2030000,1101100,0
2022-03-12,ATM003,corporate_park,908800,284,0,1658000,2350000,1441200,0
2022-03-12,ATM004,rural_branch,527600,165,0,0,890100,362400,0
2022-03-12,ATM005,transit_hub,1443900,451,0,0,1631800,187900,0
2022-03-13,ATM001,metro_retail,1179200,368,0,0,1901300,722100,0
2022-03-13,ATM002,urban_residential,715900,224,0,0,1101100,385100,0
2022-03-13,ATM003,corporate_park,871900,272,0,0,1441200,569300,0
2022-03-13,ATM004,rural_branch,472200,148,0,908000,1270400,798300,0
2022-03-13,ATM005,transit_hub,1281600,400,0,3492000,3679900,2398300,0
2022-03-14,ATM001,metro_retail,944700,295,0,2818000,3540100,2595400,0
2022-03-14,ATM002,urban_residential,496700,155,0,1645000,2030100,1533400,0
2022-03-14,ATM003,corporate_park,673700,211,0,1781000,2350300,1676600,0
2022-03-14,ATM004,rural_branch,368700,115,0,0,798300,429600,0
2022-03-14,ATM005,transit_hub,1178400,368,0,0,2398300,1219900,0
2022-03-15,ATM001,metro_retail,920300,288,0,0,2595400,1675100,0
2022-03-15,ATM002,urban_residential,493200,154,0,0,1533400,1040200,0
2022-03-15,ATM003,corporate_park,495900,155,0,0,1676600,1180700,0
2022-03-15,ATM004,rural_branch,346400,108,0,840000,1269600,923100,0
2022-03-15,ATM005,transit_hub,878500,275,0,2460000,3679900,2801300,0
2022-03-16,ATM001,metro_retail,704900,220,0,0,1675100,970200,0
2022-03-16,ATM002,urban_residential,397600,124,0,0,1040200,642700,0
2022-03-16,ATM003,corporate_park,488700,153,0,0,1180700,692000,0
2022-03-16,ATM004,rural_branch,258900,81,0,0,923100,664200,0
2022-03-16,ATM005,transit_hub,711000,222,0,0,2801300,2090400,0
2022-03-17,ATM001,metro_retail,833000,260,0,2570000,3540200,2707100,0
2022-03-17,ATM002,urban_residential,500900,157,0,1387000,2029700,1528800,0
2022-03-17,ATM003,corporate_park,498300,156,0,1658000,2350000,1851700,0
2022-03-17,ATM004,rural_branch,286400,90,0,0,664200,377800,0
2022-03-17,ATM005,transit_hub,727600,227,0,0,2090400,1362700,0
2022-03-18,ATM001,metro_retail,1183000,370,0,0,2707100,1524100,0
2022-03-18,ATM002,urban_residential,646600,202,0,0,1528800,882200,0
2022-03-18,ATM003,corporate_park,846900,265,0,0,1851700,1004800,0
2022-03-18,ATM004,rural_branch,500000,156,0,892000,1269800,769800,0
2022-03-18,ATM005,transit_hub,1161900,363,0,0,1362700,200800,0
2022-03-19,ATM001,metro_retail,1451400,454,0,0,1524100,72700,0
2022-03-19,ATM002,urban_residential,763500,239,0,0,882200,118700,0
2022-03-19,ATM003,corporate_park,930300,291,0,0,1004800,74500,0
2022-03-19,ATM004,rural_branch,572500,179,0,0,769800,197300,0
2022-03-19,ATM005,transit_hub,1597900,499,0,3479000,3679800,2081900,0
2022-03-20,ATM001,metro_retail,1386400,433,0,3467000,3539700,2153300,0
2022-03-20,ATM002,urban_residential,786300,246,0,1911000,2029700,1243400,0
2022-03-20,ATM003,corporate_park,767800,240,0,2275000,2349500,1581700,0
2022-03-20,ATM004,rural_branch,424900,133,0,1073000,1270300,845400,0
2022-03-20,ATM005,transit_hub,1217900,381,0,0,2081900,864000,0
2022-03-21,ATM001,metro_retail,1084500,339,0,0,2153300,1068800,0
2022-03-21,ATM002,urban_residential,648800,203,0,0,1243400,594500,0
2022-03-21,ATM003,corporate_park,618500,193,0,0,1581700,963200,0
2022-03-21,ATM004,rural_branch,359900,112,0,0,845400,485400,0
2022-03-21,ATM005,transit_hub,923800,289,0,2816000,3680000,2756200,0
2022-03-22,ATM001,metro_retail,698500,218,0,2471000,3539800,2841300,0
2022-03-22,ATM002,urban_residential,377500,118,0,1435000,2029500,1652000,0
2022-03-22,ATM003,corporate_park,443500,139,0,0,963200,519700,0
2022-03-22,ATM004,rural_branch,252500,79,0,0,485400,232900,0
2022-03-22,ATM005,transit_hub,840500,263,0,0,2756200,1915800,0
2022-03-23,ATM001,metro_retail,701100,219,0,0,2841300,2140200,0
2022-03-23,ATM002,urban_residential,459400,144,0,0,1652000,1192700,0
2022-03-23,ATM003,corporate_park,529200,165,0,1830000,2349700,1820500,0
2022-03-23,ATM004,rural_branch,249000,78,0,1037000,1269900,1020900,0
2022-03-23,ATM005,transit_hub,1023000,320,0,0,1915800,892800,0
2022-03-24,ATM001,metro_retail,879800,275,0,0,2140200,1260400,0
2022-03-24,ATM002,urban_residential,460400,144,0,0,1192700,732300,0
2022-03-24,ATM003,corporate_park,636700,199,0,0,1820500,1183800,0
2022-03-24,ATM004,rural_branch,271400,85,0,0,1020900,749500,0
2022-03-24,ATM005,transit_hub,917800,287,0,2787000,3679800,2762000,0
2022-03-25,ATM001,metro_retail,1090700,341,0,0,1260400,169700,0
2022-03-25,ATM002,urban_residential,643000,201,0,0,732300,89300,0
2022-03-25,ATM003,corporate_park,631700,197,0,0,1183800,552100,0
2022-03-25,ATM004,rural_branch,398600,125,0,0,749500,350900,0
2022-03-25,ATM005,transit_hub,1102100,344,0,0,2762000,1659900,0
2022-03-26,ATM001,metro_retail,1507600,471,0,3370000,3539700,2032100,0
2022-03-26,ATM002,urban_residential,863600,270,0,1941000,2030300,1166800,0
2022-03-26,ATM003,corporate_park,912400,285,0,1798000,2350100,1437700,0
2022-03-26,ATM004,rural_branch,693600,217,0,919000,1269900,576400,0
2022-03-26,ATM005,transit_hub,1549600,484,0,0,1659900,110200,0
2022-03-27,ATM001,metro_retail,1290900,403,0,0,2032100,741200,0
2022-03-27,ATM002,urban_residential,755300,236,0,0,1166800,411400,0
2022-03-27,ATM003,corporate_park,795900,249,0,0,1437700,641800,0
2022-03-27,ATM004,rural_branch,541500,169,0,0,576400,34800,0
2022-03-27,ATM005,transit_hub,1327200,415,0,3570000,3680200,2353000,0
2022-03-28,ATM001,metro_retail,1034700,323,0,2799000,3540200,2505500,0
2022-03-28,ATM002,urban_residential,524100,164,0,1619000,2030400,1506300,0
2022-03-28,ATM003,corporate_park,608500,190,0,1708000,2349800,1741300,0
2022-03-28,ATM004,rural_branch,427100,133,0,1235000,1269800,842700,0
2022-03-28,ATM005,transit_hub,963700,301,0,0,2353000,1389300,0
2022-03-29,ATM001,metro_retail,1009900,316,0,0,2505500,1495600,0
2022-03-29,ATM002,urban_residential,623800,195,0,0,1506300,882500,0
2022-03-29,ATM003,corporate_park,736700,230,0,0,1741300,1004600,0
2022-03-29,ATM004,rural_branch,414900,130,0,0,842700,427900,0
2022-03-29,ATM005,transit_hub,934700,292,0,0,1389300,454600,0
2022-03-30,ATM001,metro_retail,1001300,313,0,0,1495600,494300,0
2022-03-30,ATM002,urban_residential,510500,160,0,0,882500,372000,0
2022-03-30,ATM003,corporate_park,686700,215,0,0,1004600,317900,0
2022-03-30,ATM004,rural_branch,358400,112,0,842000,1269900,911500,0
2022-03-30,ATM005,transit_hub,1019400,319,0,3225000,3679600,2660200,0
2022-03-31,ATM001,metro_retail,1041500,325,0,3046000,3540300,2498800,0
2022-03-31,ATM002,urban_residential,664200,208,0,1658000,2030000,1365800,0
2022-03-31,ATM003,corporate_park,669500,209,0,2032000,2349900,1680400,0
2022-03-31,ATM004,rural_branch,420500,131,0,0,911500,491000,0
2022-03-31,ATM005,transit_hub,1186600,371,0,0,2660200,1473500,0
2022-04-01,ATM001,metro_retail,1850600,578,0,0,2498800,648300,0
2022-04-01,ATM002,urban_residential,1025700,321,0,0,1365800,340000,0
2022-04-01,ATM003,corporate_park,1290400,403,0,0,1680400,390000,0
2022-04-01,ATM004,rural_branch,491000,153,0,0,491000,0,1
2022-04-01,ATM005,transit_hub,1473500,460,0,0,1473500,0,1
2022-04-02,ATM001,metro_retail,2025100,633,0,2892000,3540300,1515200,0
2022-04-02,ATM002,urban_residential,1048400,328,0,1690000,2030000,981600,0
2022-04-02,ATM003,corporate_park,1264400,395,0,1960000,2350000,1085600,0
2022-04-02,ATM004,rural_branch,686000,214,0,1270000,1270000,584000,0
2022-04-02,ATM005,transit_hub,2001600,626,0,3680000,3680000,1678400,0
2022-04-03,ATM001,metro_retail,1515200,473,0,0,1515200,0,1
2022-04-03,ATM002,urban_residential,912700,285,0,0,981600,68900,0
2022-04-03,ATM003,corporate_park,983700,307,0,0,1085600,101900,0
2022-04-03,ATM004,rural_branch,545700,171,0,0,584000,38400,0
2022-04-03,ATM005,transit_hub,1678400,524,0,0,1678400,0,1
2022-04-04,ATM001,metro_retail,964000,301,0,3540000,3540000,2576000,0
2022-04-04,ATM002,urban_residential,608200,190,0,1961000,2029900,1421700,0
2022-04-04,ATM003,corporate_park,658600,206,0,2248000,2349900,1691300,0
2022-04-04,ATM004,rural_branch,407700,127,0,1232000,1270400,862700,0
2022-04-04,ATM005,transit_hub,1113600,348,0,3680000,3680000,2566400,0
2022-04-05,ATM001,metro_retail,793500,248,0,0,2576000,1782600,0
2022-04-05,ATM002,urban_residential,420400,131,0,0,1421700,1001300,0
2022-04-05,ATM003,corporate_park,475200,148,0,0,1691300,1216100,0
2022-04-05,ATM004,rural_branch,253900,79,0,0,862700,608800,0
2022-04-05,ATM005,transit_hub,744400,233,0,0,2566400,1822000,0
2022-04-06,ATM001,metro_retail,759200,237,0,0,1782600,1023400,0
2022-04-06,ATM002,urban_residential,427100,133,0,0,1001300,574200,0
2022-04-06,ATM003,corporate_park,538400,168,0,0,1216100,677800,0
2022-04-06,ATM004,rural_branch,285600,89,0,0,608800,323200,0
2022-04-06,ATM005,transit_hub,720300,225,0,0,1822000,1101700,0
2022-04-07,ATM001,metro_retail,915600,286,0,2517000,3540400,2624700,0
2022-04-07,ATM002,urban_residential,476800,149,0,1456000,2030200,1553300,0
2022-04-07,ATM003,corporate_park,612500,191,0,1672000,2349800,1737300,0
2022-04-07,ATM004,rural_branch,365400,114,0,947000,1270200,904900,0
2022-04-07,ATM005,transit_hub,993500,310,0,2578000,3679700,2686100,0
2022-04-08,ATM001,metro_retail,1112900,348,0,0,2624700,1511900,0
2022-04-08,ATM002,urban_residential,690400,216,0,0,1553300,862900,0
2022-04-08,ATM003,corporate_park,715800,224,0,0,1737300,1021500,0
2022-04-08,ATM004,rural_branch,467000,146,0,0,904900,437900,0
2022-04-08,ATM005,transit_hub,1310000,409,0,0,2686100,1376200,0
2022-04-09,ATM001,metro_retail,1511900,472,0,0,1511900,0,1
2022-04-09,ATM002,urban_residential,809400,253,0,0,862900,53500,0
2022-04-09,ATM003,corporate_park,918900,287,0,0,1021500,102600,0
2022-04-09,ATM004,rural_branch,587700,184,0,832000,1269900,682200,0
2022-04-09,ATM005,transit_hub,1376200,430,0,0,1376200,0,1
2022-04-10,ATM001,metro_retail,1398200,437,0,3540000,3540000,2141800,0
2022-04-10,ATM002,urban_residential,730600,228,0,1976000,2029500,1298900,0
2022-04-10,ATM003,corporate_park,741600,232,0,2247000,2349600,1608000,0
2022-04-10,ATM004,rural_branch,435600,136,0,0,682200,246600,0
2022-04-10,ATM005,transit_hub,1475600,461,0,3680000,3680000,2204400,0
2022-04-11,ATM001,metro_retail,1010000,316,0,0,2141800,1131800,0
2022-04-11,ATM002,urban_residential,572400,179,0,0,1298900,726500,0
2022-04-11,ATM003,corporate_park,658000,206,0,0,1608000,950100,0
2022-04-11,ATM004,rural_branch,393900,123,0,1023000,1269600,875700,0
2022-04-11,ATM005,transit_hub,1202400,376,0,0,2204400,1002000,0
2022-04-12,ATM001,metro_retail,825000,258,0,2408000,3539800,2714800,0
2022-04-12,ATM002,urban_residential,429200,134,0,0,726500,297300,0
2022-04-12,ATM003,corporate_park,452600,141,0,0,950100,497500,0
2022-04-12,ATM004,rural_branch,283300,89,0,0,875700,592400,0
2022-04-12,ATM005,transit_hub,713400,223,0,2678000,3680000,2966600,0
2022-04-13,ATM001,metro_retail,807600,252,0,0,2714800,1907200,0
2022-04-13,ATM002,urban_residential,406900,127,0,1733000,2030300,1623300,0
2022-04-13,ATM003,corporate_park,472800,148,0,1853000,2350500,1877700,0
2022-04-13,ATM004,rural_branch,254300,79,0,0,592400,338100,0
2022-04-13,ATM005,transit_hub,825900,258,0,0,2966600,2140700,0
2022-04-14,ATM001,metro_retail,996700,311,1,0,1907200,910500,0
2022-04-14,ATM002,urban_residential,455000,142,1,0,1623300,1168300,0
2022-04-14,ATM003,corporate_park,563400,176,1,0,1877700,1314300,0
2022-04-14,ATM004,rural_branch,286200,89,1,932000,1270100,984000,0
2022-04-14,ATM005,transit_hub,1068500,334,1,0,2140700,1072200,0
2022-04-15,ATM001,metro_retail,1326700,415,0,2629000,3539500,2212900,0
2022-04-15,ATM002,urban_residential,629900,197,0,0,1168300,538500,0
2022-04-15,ATM003,corporate_park,855900,267,0,0,1314300,458300,0
2022-04-15,ATM004,rural_branch,499300,156,0,0,984000,484700,0
2022-04-15,ATM005,transit_hub,1442200,451,0,2608000,3680200,2238000,0
2022-04-16,ATM001,metro_retail,1569500,490,0,0,2212900,643400,0
2022-04-16,ATM002,urban_residential,778300,243,0,1492000,2030500,1252100,0
2022-04-16,ATM003,corporate_park,1026800,321,0,1892000,2350300,1323500,0
2022-04-16,ATM004,rural_branch,484700,151,0,0,484700,0,1
2022-04-16,ATM005,transit_hub,1759100,550,0,0,2238000,478900,0
2022-04-17,ATM001,metro_retail,1354700,423,0,2897000,3540400,2185700,0
2022-04-17,ATM002,urban_residential,648700,203,0,0,1252100,603400,0
2022-04-17,ATM003,corporate_park,864300,270,0,0,1323500,459200,0
2022-04-17,ATM004,rural_branch,414800,130,0,1270000,1270000,855200,0
2022-04-17,ATM005,transit_hub,1282500,401,0,3201000,3679900,2397400,0
2022-04-18,ATM001,metro_retail,1000900,313,0,0,2185700,1184800,0
2022-04-18,ATM002,urban_residential,524300,164,0,1427000,2030400,1506100,0
2022-04-18,ATM003,corporate_park,635900,199,0,1891000,2350200,1714300,0
2022-04-18,ATM004,rural_branch,445300,139,0,0,855200,410000,0
2022-04-18,ATM005,transit_hub,1130400,353,0,0,2397400,1267000,0
2022-04-19,ATM001,metro_retail,745700,233,0,2355000,3539800,2794100,0
2022-04-19,ATM002,urban_residential,445200,139,0,0,1506100,1060900,0
2022-04-19,ATM003,corporate_park,477300,149,0,0,1714300,1237100,0
2022-04-19,ATM004,rural_branch,255200,80,0,860000,1270000,1014800,0
2022-04-19,ATM005,transit_hub,858700,268,0,2413000,3680000,2821200,0
2022-04-20,ATM001,metro_retail,770200,241,0,0,2794100,2023900,0
2022-04-20,ATM002,urban_residential,434400,136,0,0,1060900,626500,0
2022-04-20,ATM003,corporate_park,460300,144,0,0,1237100,776700,0
2022-04-20,ATM004,rural_branch,269300,84,0,0,1014800,745500,0
2022-04-20,ATM005,transit_hub,758500,237,0,0,2821200,2062700,0
2022-04-21,ATM001,metro_retail,752600,235,0,0,2023900,1271300,0
2022-04-21,ATM002,urban_residential,421600,132,0,1403000,2029500,1608000,0
2022-04-21,ATM003,corporate_park,526500,165,0,1573000,2349700,1823200,0
2022-04-21,ATM004,rural_branch,314500,98,0,0,745500,431000,0
2022-04-21,ATM005,transit_hub,872800,273,0,0,2062700,1189900,0
2022-04-22,ATM001,metro_retail,1185600,370,0,0,1271300,85800,0
2022-04-22,ATM002,urban_residential,593500,185,0,0,1608000,1014400,0
2022-04-22,ATM003,corporate_park,773000,242,0,0,1823200,1050200,0
2022-04-22,ATM004,rural_branch,437700,137,0,839000,1270000,832400,0
2022-04-22,ATM005,transit_hub,1077600,337,0,2490000,3679900,2602300,0
2022-04-23,ATM001,metro_retail,1590800,497,0,3454000,3539800,1949000,0
2022-04-23,ATM002,urban_residential,789300,247,0,0,1014400,225100,0
2022-04-23,ATM003,corporate_park,888800,278,0,0,1050200,161400,0
2022-04-23,ATM004,rural_branch,513200,160,0,0,832400,319100,0
2022-04-23,ATM005,transit_hub,1467900,459,0,0,2602300,1134400,0
2022-04-24,ATM001,metro_retail,1387200,433,0,0,1949000,561800,0
2022-04-24,ATM002,urban_residential,664600,208,0,1805000,2030100,1365500,0
2022-04-24,ATM003,corporate_park,738500,231,0,2189000,2350400,1612000,0
2022-04-24,ATM004,rural_branch,459100,143,0,951000,1270100,811000,0
2022-04-24,ATM005,transit_hub,1381400,432,0,2546000,3680400,2299100,0
2022-04-25,ATM001,metro_retail,1007300,315,0,2978000,3539800,2532600,0
2022-04-25,ATM002,urban_residential,506400,158,0,0,1365500,859100,0
2022-04-25,ATM003,corporate_park,653400,204,0,0,1612000,958500,0
2022-04-25,ATM004,rural_branch,405900,127,0,0,811000,405100,0
2022-04-25,ATM005,transit_hub,1165500,364,0,0,2299100,1133500,0
2022-04-26,ATM001,metro_retail,837100,262,0,0,2532600,1695500,0
2022-04-26,ATM002,urban_residential,458700,143,0,0,859100,400500,0
2022-04-26,ATM003,corporate_park,575200,180,0,0,958500,383300,0
2022-04-26,ATM004,rural_branch,280300,88,0,865000,1270100,989800,0
2022-04-26,ATM005,transit_hub,807800,252,0,2546000,3679500,2871700,0
2022-04-27,ATM001,metro_retail,770100,241,0,0,1695500,925400,0
2022-04-27,ATM002,urban_residential,392600,123,0,1630000,2030500,1637900,0
2022-04-27,ATM003,corporate_park,560000,175,0,1967000,2350300,1790300,0
2022-04-27,ATM004,rural_branch,280700,88,0,0,989800,709100,0
2022-04-27,ATM005,transit_hub,900600,281,0,0,2871700,1971100,0
2022-04-28,ATM001,metro_retail,1031900,322,0,2615000,3540400,2508500,0
2022-04-28,ATM002,urban_residential,581900,182,0,0,1637900,1056000,0
2022-04-28,ATM003,corporate_park,736700,230,0,0,1790300,1053600,0
2022-04-28,ATM004,rural_branch,327500,102,0,0,709100,381600,0
2022-04-28,ATM005,transit_hub,1260300,394,0,0,1971100,710800,0
2022-04-29,ATM001,metro_retail,1418500,443,0,0,2508500,1090000,0
2022-04-29,ATM002,urban_residential,794200,248,0,0,1056000,261700,0
2022-04-29,ATM003,corporate_park,880200,275,0,0,1053600,173400,0
2022-04-29,ATM004,rural_branch,534400,167,0,888000,1269600,735200,0
2022-04-29,ATM005,transit_hub,1442000,451,0,2969000,3679800,2237800,0
2022-04-30,ATM001,metro_retail,1905900,596,0,2450000,3540000,1634000,0
2022-04-30,ATM002,urban_residential,1304900,408,0,1768000,2029700,724900,0
2022-04-30,ATM003,corporate_park,1381100,432,0,2177000,2350400,969300,0
2022-04-30,ATM004,rural_branch,735200,230,0,0,735200,0,1
2022-04-30,ATM005,transit_hub,2028000,634,0,0,2237800,209800,0
2022-05-01,ATM001,metro_retail,1634000,511,0,0,1634000,0,1
2022-05-01,ATM002,urban_residential,724900,227,0,0,724900,0,1
2022-05-01,ATM003,corporate_park,969300,303,0,0,969300,0,1
2022-05-01,ATM004,rural_branch,665500,208,0,1270000,1270000,604500,0
2022-05-01,ATM005,transit_hub,1876200,586,0,3470000,3679800,1803700,0
2022-05-02,ATM001,metro_retail,1401700,438,0,3540000,3540000,2138300,0
2022-05-02,ATM002,urban_residential,756300,236,0,2030000,2030000,1273700,0
2022-05-02,ATM003,corporate_park,810700,253,0,2350000,2350000,1539300,0
2022-05-02,ATM004,rural_branch,460500,144,0,0,604500,144100,0
2022-05-02,ATM005,transit_hub,1546700,483,0,0,1803700,257000,0
2022-05-03,ATM001,metro_retail,978800,306,0,0,2138300,1159600,0
2022-05-03,ATM002,urban_residential,533300,167,0,0,1273700,740500,0
2022-05-03,ATM003,corporate_park,661600,207,0,0,1539300,877700,0
2022-05-03,ATM004,rural_branch,374700,117,0,1126000,1270100,895400,0
2022-05-03,ATM005,transit_hub,1070700,335,0,3423000,3680000,2609300,0
2022-05-04,ATM001,metro_retail,798000,249,0,2380000,3539600,2741500,0
2022-05-04,ATM002,urban_residential,410800,128,0,0,740500,329700,0
2022-05-04,ATM003,corporate_park,418100,131,0,0,877700,459500,0
2022-05-04,ATM004,rural_branch,299200,93,0,0,895400,596200,0
2022-05-04,ATM005,transit_hub,748400,234,0,0,2609300,1860900,0
2022-05-05,ATM001,metro_retail,849000,265,0,0,2741500,1892600,0
2022-05-05,ATM002,urban_residential,457500,143,0,1700000,2029700,1572200,0
2022-05-05,ATM003,corporate_park,567400,177,0,1890000,2349500,1782100,0
2022-05-05,ATM004,rural_branch,323900,101,0,0,596200,272300,0
2022-05-05,ATM005,transit_hub,927600,290,0,0,1860900,933400,0
2022-05-06,ATM001,metro_retail,1266200,396,0,0,1892600,626400,0
2022-05-06,ATM002,urban_residential,645500,202,0,0,1572200,926700,0
2022-05-06,ATM003,corporate_park,737100,230,0,0,1782100,1045100,0
2022-05-06,ATM004,rural_branch,412100,129,0,998000,1270300,858200,0
2022-05-06,ATM005,transit_hub,1080800,338,0,2747000,3680400,2599500,0
2022-05-07,ATM001,metro_retail,1824100,570,0,2914000,3540400,1716300,0
2022-05-07,ATM002,urban_residential,865200,270,0,0,926700,61600,0
2022-05-07,ATM003,corporate_park,1045100,327,0,0,1045100,0,1
2022-05-07,ATM004,rural_branch,676100,211,0,0,858200,182100,0
2022-05-07,ATM005,transit_hub,1902900,595,0,0,2599500,696600,0
2022-05-08,ATM001,metro_retail,1242500,388,0,0,1716300,473700,0
2022-05-08,ATM002,urban_residential,756000,236,0,1968000,2029600,1273600,0
2022-05-08,ATM003,corporate_park,748900,234,0,2350000,2350000,1601100,0
2022-05-08,ATM004,rural_branch,582000,182,0,1088000,1270100,688100,0
2022-05-08,ATM005,transit_hub,1109500,347,0,2983000,3679600,2570200,0
2022-05-09,ATM001,metro_retail,984600,308,0,3066000,3539700,2555100,0
2022-05-09,ATM002,urban_residential,568400,178,0,0,1273600,705200,0
2022-05-09,ATM003,corporate_park,695000,217,0,0,1601100,906100,0
2022-05-09,ATM004,rural_branch,422400,132,0,0,688100,265700,0
2022-05-09,ATM005,transit_hub,1058500,331,0,0,2570200,1511600,0
2022-05-10,ATM001,metro_retail,768900,240,0,0,2555100,1786200,0
2022-05-10,ATM002,urban_residential,479000,150,0,1325000,2030200,1551100,0
2022-05-10,ATM003,corporate_park,533700,167,0,0,906100,372400,0
2022-05-10,ATM004,rural_branch,247300,77,0,1004000,1269700,1022400,0
2022-05-10,ATM005,transit_hub,765000,239,0,0,1511600,746600,0
2022-05-11,ATM001,metro_retail,700700,219,0,0,1786200,1085500,0
2022-05-11,ATM002,urban_residential,415800,130,0,0,1551100,1135300,0
2022-05-11,ATM003,corporate_park,458500,143,0,1978000,2350400,1892000,0
2022-05-11,ATM004,rural_branch,378300,118,0,0,1022400,644000,0
2022-05-11,ATM005,transit_hub,842600,263,0,2933000,3679600,2837000,0
2022-05-12,ATM001,metro_retail,881400,275,0,2454000,3539500,2658100,0
2022-05-12,ATM002,urban_residential,496400,155,0,0,1135300,638900,0
2022-05-12,ATM003,corporate_park,575100,180,0,0,1892000,1316800,0
2022-05-12,ATM004,rural_branch,274900,86,0,0,644000,369200,0
2022-05-12,ATM005,transit_hub,880000,275,0,0,2837000,1957000,0
2022-05-13,ATM001,metro_retail,1279000,400,0,0,2658100,1379200,0
2022-05-13,ATM002,urban_residential,630400,197,0,1391000,2029900,1399500,0
2022-05-13,ATM003,corporate_park,583300,182,0,0,1316800,733600,0
2022-05-13,ATM004,rural_branch,386400,121,0,901000,1270200,883800,0
2022-05-13,ATM005,transit_hub,1009200,315,0,0,1957000,947800,0
2022-05-14,ATM001,metro_retail,1379200,431,0,0,1379200,0,1
2022-05-14,ATM002,urban_residential,738800,231,0,0,1399500,660700,0
2022-05-14,ATM003,corporate_park,968000,302,0,1616000,2349600,1381600,0
2022-05-14,ATM004,rural_branch,588900,184,0,0,883800,294900,0
2022-05-14,ATM005,transit_hub,1415200,442,0,2732000,3679800,2264600,0
2022-05-15,ATM001,metro_retail,1381200,432,0,3540000,3540000,2158800,0
2022-05-15,ATM002,urban_residential,838000,262,0,1369000,2029700,1191800,0
2022-05-15,ATM003,corporate_park,879100,275,0,0,1381600,502500,0
2022-05-15,ATM004,rural_branch,539800,169,0,975000,1269900,730100,0
2022-05-15,ATM005,transit_hub,1416800,443,0,0,2264600,847800,0
2022-05-16,ATM001,metro_retail,1070100,334,0,0,2158800,1088600,0
2022-05-16,ATM002,urban_residential,550500,172,0,0,1191800,641300,0
2022-05-16,ATM003,corporate_park,599900,187,0,1848000,2350500,1750600,0
2022-05-16,ATM004,rural_branch,390200,122,0,0,730100,339900,0
2022-05-16,ATM005,transit_hub,1181700,369,0,2832000,3679800,2498100,0
2022-05-17,ATM001,metro_retail,690700,216,0,2451000,3539600,2849000,0
2022-05-17,ATM002,urban_residential,411300,129,0,1389000,2030300,1619000,0
2022-05-17,ATM003,corporate_park,518100,162,0,0,1750600,1232500,0
2022-05-17,ATM004,rural_branch,330300,103,0,930000,1269900,939600,0
2022-05-17,ATM005,transit_hub,923500,289,0,0,2498100,1574600,0
2022-05-18,ATM001,metro_retail,781600,244,0,0,2849000,2067400,0
2022-05-18,ATM002,urban_residential,463700,145,0,0,1619000,1155300,0
2022-05-18,ATM003,corporate_park,495800,155,0,0,1232500,736800,0
2022-05-18,ATM004,rural_branch,310300,97,0,0,939600,629300,0
2022-05-18,ATM005,transit_hub,843900,264,0,0,1574600,730700,0
2022-05-19,ATM001,metro_retail,854900,267,0,0,2067400,1212500,0
2022-05-19,ATM002,urban_residential,433700,136,0,0,1155300,721600,0
2022-05-19,ATM003,corporate_park,494600,155,0,1613000,2349800,1855200,0
2022-05-19,ATM004,rural_branch,287500,90,0,0,629300,341800,0
2022-05-19,ATM005,transit_hub,967400,302,0,2949000,3679700,2712300,0
2022-05-20,ATM001,metro_retail,1152400,360,0,2328000,3540500,2388100,0
2022-05-20,ATM002,urban_residential,686900,215,0,0,721600,34700,0
2022-05-20,ATM003,corporate_park,733500,229,0,0,1855200,1121700,0
2022-05-20,ATM004,rural_branch,440700,138,0,928000,1269800,829100,0
2022-05-20,ATM005,transit_hub,1133400,354,0,0,2712300,1578900,0
2022-05-21,ATM001,metro_retail,1696300,530,0,0,2388100,691800,0
2022-05-21,ATM002,urban_residential,844200,264,0,1995000,2029700,1185500,0
2022-05-21,ATM003,corporate_park,934000,292,0,0,1121700,187700,0
2022-05-21,ATM004,rural_branch,633000,198,0,0,829100,196000,0
2022-05-21,ATM005,transit_hub,1578900,493,0,0,1578900,0,1
2022-05-22,ATM001,metro_retail,1372800,429,0,2848000,3539800,2166900,0
2022-05-22,ATM002,urban_residential,774700,242,0,0,1185500,410800,0
2022-05-22,ATM003,corporate_park,836500,261,0,2162000,2349700,1513200,0
2022-05-22,ATM004,rural_branch,551300,172,0,1074000,1270000,718800,0
2022-05-22,ATM005,transit_hub,1365200,427,0,3680000,3680000,2314800,0
2022-05-23,ATM001,metro_retail,988100,309,0,0,2166900,1178800,0
2022-05-23,ATM002,urban_residential,581200,182,0,1619000,2029800,1448600,0
2022-05-23,ATM003,corporate_park,720000,225,0,0,1513200,793200,0
2022-05-23,ATM004,rural_branch,421900,132,0,0,718800,296900,0
2022-05-23,ATM005,transit_hub,987000,308,0,0,2314800,1327800,0
2022-05-24,ATM001,metro_retail,792000,247,0,2361000,3539800,2747800,0
2022-05-24,ATM002,urban_residential,452600,141,0,0,1448600,996000,0
2022-05-24,ATM003,corporate_park,489300,153,0,1557000,2350200,1860900,0
2022-05-24,ATM004,rural_branch,314900,98,0,973000,1269900,955000,0
2022-05-24,ATM005,transit_hub,788900,247,0,0,1327800,538900,0
2022-05-25,ATM001,metro_retail,756600,236,0,0,2747800,1991300,0
2022-05-25,ATM002,urban_residential,404400,126,0,0,996000,591600,0
2022-05-25,ATM003,corporate_park,533900,167,0,0,1860900,1327100,0
2022-05-25,ATM004,rural_branch,304000,95,0,0,955000,651000,0
2022-05-25,ATM005,transit_hub,777500,243,0,3141000,3679900,2902400,0
2022-05-26,ATM001,metro_retail,823100,257,0,0,1991300,1168200,0
2022-05-26,ATM002,urban_residential,478500,150,0,1438000,2029600,1551100,0
2022-05-26,ATM003,corporate_park,470200,147,0,0,1327100,856800,0
2022-05-26,ATM004,rural_branch,299100,93,0,0,651000,351800,0
2022-05-26,ATM005,transit_hub,896300,280,0,0,2902400,2006100,0
2022-05-27,ATM001,metro_retail,1104100,345,0,2372000,3540200,2436200,0
2022-05-27,ATM002,urban_residential,641200,200,0,0,1551100,909800,0
2022-05-27,ATM003,corporate_park,762200,238,0,0,856800,94600,0
2022-05-27,ATM004,rural_branch,384200,120,0,918000,1269800,885700,0
2022-05-27,ATM005,transit_hub,1253800,392,0,0,2006100,752300,0
2022-05-28,ATM001,metro_retail,1697400,530,0,0,2436200,738700,0
2022-05-28,ATM002,urban_residential,909800,284,0,0,909800,0,1
2022-05-28,ATM003,corporate_park,803500,251,0,2255000,2349600,1546100,0
2022-05-28,ATM004,rural_branch,597900,187,0,0,885700,287800,0
2022-05-28,ATM005,transit_hub,1511600,472,0,2928000,3680300,2168700,0
2022-05-29,ATM001,metro_retail,1793300,560,0,2801000,3539700,1746400,0
2022-05-29,ATM002,urban_residential,989000,309,0,2030000,2030000,1041000,0
2022-05-29,ATM003,corporate_park,1057000,330,0,0,1546100,489100,0
2022-05-29,ATM004,rural_branch,617400,193,0,982000,1269800,652400,0
2022-05-29,ATM005,transit_hub,1685400,527,0,0,2168700,483300,0
2022-05-30,ATM001,metro_retail,1370700,428,0,0,1746400,375700,0
2022-05-30,ATM002,urban_residential,760000,237,0,0,1041000,281000,0
2022-05-30,ATM003,corporate_park,894900,280,0,1861000,2350100,1455200,0
2022-05-30,ATM004,rural_branch,556000,174,0,0,652400,96300,0
2022-05-30,ATM005,transit_hub,1202900,376,0,3197000,3680300,2477400,0
2022-05-31,ATM001,metro_retail,970500,303,0,3164000,3539700,2569200,0
2022-05-31,ATM002,urban_residential,540000,169,0,1749000,2030000,1490000,0
2022-05-31,ATM003,corporate_park,796100,249,0,0,1455200,659100,0
2022-05-31,ATM004,rural_branch,346300,108,0,1174000,1270300,924100,0
2022-05-31,ATM005,transit_hub,1099400,344,0,0,2477400,1378000,0
2022-06-01,ATM001,metro_retail,1274000,398,0,0,2569200,1295200,0
2022-06-01,ATM002,urban_residential,613200,192,0,0,1490000,876700,0
2022-06-01,ATM003,corporate_park,691100,216,0,1691000,2350100,1659000,0
2022-06-01,ATM004,rural_branch,396000,124,0,0,924100,528100,0
2022-06-01,ATM005,transit_hub,1151600,360,0,0,1378000,226300,0
2022-06-02,ATM001,metro_retail,1292100,404,0,0,1295200,3100,0
2022-06-02,ATM002,urban_residential,610400,191,0,0,876700,266400,0
2022-06-02,ATM003,corporate_park,667700,209,0,0,1659000,991300,0
2022-06-02,ATM004,rural_branch,408000,127,0,0,528100,120100,0
2022-06-02,ATM005,transit_hub,1165200,364,0,3454000,3680300,2515100,0
2022-06-03,ATM001,metro_retail,1511800,472,0,3537000,3540100,2028300,0
2022-06-03,ATM002,urban_residential,738000,231,0,1764000,2030400,1292300,0
2022-06-03,ATM003,corporate_park,991300,310,0,0,991300,0,1
2022-06-03,ATM004,rural_branch,604500,189,0,1150000,1270100,665600,0
2022-06-03,ATM005,transit_hub,1575300,492,0,0,2515100,939800,0
2022-06-04,ATM001,metro_retail,1482100,463,0,0,2028300,546200,0
2022-06-04,ATM002,urban_residential,783800,245,0,0,1292300,508600,0
2022-06-04,ATM003,corporate_park,942000,294,0,2350000,2350000,1408000,0
2022-06-04,ATM004,rural_branch,618900,193,0,0,665600,46700,0
2022-06-04,ATM005,transit_hub,1519600,475,0,2740000,3679800,2160200,0
2022-06-05,ATM001,metro_retail,1233000,385,0,2994000,3540200,2307200,0
2022-06-05,ATM002,urban_residential,730800,228,0,1521000,2029600,1298800,0
2022-06-05,ATM003,corporate_park,815500,255,0,0,1408000,592500,0
2022-06-05,ATM004,rural_branch,499000,156,0,1223000,1269700,770700,0
2022-06-05,ATM005,transit_hub,1253800,392,0,0,2160200,906500,0
2022-06-06,ATM001,metro_retail,1032100,323,0,0,2307200,1275200,0
2022-06-06,ATM002,urban_residential,552100,173,0,0,1298800,746700,0
2022-06-06,ATM003,corporate_park,701000,219,0,1757000,2349500,1648600,0
2022-06-06,ATM004,rural_branch,389500,122,0,0,770700,381200,0
2022-06-06,ATM005,transit_hub,1027700,321,0,2774000,3680500,2652800,0
2022-06-07,ATM001,metro_retail,831300,260,0,0,1275200,443800,0
2022-06-07,ATM002,urban_residential,489400,153,0,0,746700,257300,0
2022-06-07,ATM003,corporate_park,619900,194,0,0,1648600,1028700,0
2022-06-07,ATM004,rural_branch,376400,118,0,889000,1270200,893800,0
2022-06-07,ATM005,transit_hub,870100,272,0,0,2652800,1782700,0
2022-06-08,ATM001,metro_retail,774900,242,0,3096000,3539800,2764900,0
2022-06-08,ATM002,urban_residential,470900,147,0,1773000,2030300,1559300,0
2022-06-08,ATM003,corporate_park,406200,127,0,0,1028700,622500,0
2022-06-08,ATM004,rural_branch,238300,74,0,0,893800,655600,0
2022-06-08,ATM005,transit_hub,815800,255,0,0,1782700,966900,0
2022-06-09,ATM001,metro_retail,908500,284,0,0,2764900,1856400,0
2022-06-09,ATM002,urban_residential,437100,137,0,0,1559300,1122300,0
2022-06-09,ATM003,corporate_park,531800,166,0,1727000,2349500,1817700,0
2022-06-09,ATM004,rural_branch,340500,106,0,0,655600,315100,0
2022-06-09,ATM005,transit_hub,825100,258,0,2713000,3679900,2854800,0
2022-06-10,ATM001,metro_retail,1094000,342,0,0,1856400,762400,0
2022-06-10,ATM002,urban_residential,672700,210,0,0,1122300,449500,0
2022-06-10,ATM003,corporate_park,741600,232,0,0,1817700,1076100,0
2022-06-10,ATM004,rural_branch,489900,153,0,955000,1270100,780200,0
2022-06-10,ATM005,transit_hub,1165800,364,0,0,2854800,1689000,0
2022-06-11,ATM001,metro_retail,1767300,552,0,2778000,3540400,1773100,0
2022-06-11,ATM002,urban_residential,842800,263,0,1580000,2029500,1186700,0
2022-06-11,ATM003,corporate_park,852800,267,0,0,1076100,223200,0
2022-06-11,ATM004,rural_branch,649300,203,0,0,780200,130900,0
2022-06-11,ATM005,transit_hub,1423000,445,0,0,1689000,266000,0
2022-06-12,ATM001,metro_retail,1428700,446,0,0,1773100,344400,0
2022-06-12,ATM002,urban_residential,727100,227,0,0,1186700,459600,0
2022-06-12,ATM003,corporate_park,698800,218,0,2127000,2350200,1651500,0
2022-06-12,ATM004,rural_branch,540400,169,0,1139000,1269900,729500,0
2022-06-12,ATM005,transit_hub,1312200,410,0,3414000,3680000,2367800,0
2022-06-13,ATM001,metro_retail,935800,292,0,3196000,3540400,2604600,0
2022-06-13,ATM002,urban_residential,565700,177,0,1570000,2029600,1463900,0
2022-06-13,ATM003,corporate_park,641900,201,0,0,1651500,1009500,0
2022-06-13,ATM004,rural_branch,350700,110,0,0,729500,378800,0
2022-06-13,ATM005,transit_hub,938700,293,0,0,2367800,1429100,0
2022-06-14,ATM001,metro_retail,734400,230,0,0,2604600,1870200,0
2022-06-14,ATM002,urban_residential,379900,119,0,0,1463900,1084000,0
2022-06-14,ATM003,corporate_park,490100,153,0,0,1009500,519400,0
2022-06-14,ATM004,rural_branch,276300,86,0,891000,1269800,993500,0
2022-06-14,ATM005,transit_hub,772000,241,0,0,1429100,657100,0
2022-06-15,ATM001,metro_retail,840900,263,0,0,1870200,1029300,0
2022-06-15,ATM002,urban_residential,481700,151,0,0,1084000,602300,0
2022-06-15,ATM003,corporate_park,489500,153,0,1831000,2350400,1860900,0
2022-06-15,ATM004,rural_branch,334600,105,0,0,993500,658900,0
2022-06-15,ATM005,transit_hub,921700,288,0,3023000,3680100,2758300,0
2022-06-16,ATM001,metro_retail,801100,250,0,2511000,3540300,2739200,0
2022-06-16,ATM002,urban_residential,430200,134,0,1428000,2030300,1600000,0
2022-06-16,ATM003,corporate_park,523200,163,0,0,1860900,1337800,0
2022-06-16,ATM004,rural_branch,298400,93,0,0,658900,360500,0
2022-06-16,ATM005,transit_hub,878900,275,0,0,2758300,1879400,0
2022-06-17,ATM001,metro_retail,1180300,369,0,0,2739200,1558800,0
2022-06-17,ATM002,urban_residential,601500,188,0,0,1600000,998500,0
2022-06-17,ATM003,corporate_park,720000,225,0,0,1337800,617800,0
2022-06-17,ATM004,rural_branch,431900,135,0,909000,1269500,837700,0
2022-06-17,ATM005,transit_hub,1193900,373,0,0,1879400,685500,0
2022-06-18,ATM001,metro_retail,1343900,420,0,0,1558800,214900,0
2022-06-18,ATM002,urban_residential,746700,233,0,0,998500,251800,0
2022-06-18,ATM003,corporate_park,941000,294,0,1732000,2349800,1408800,0
2022-06-18,ATM004,rural_branch,495500,155,0,0,837700,342200,0
2022-06-18,ATM005,transit_hub,1556200,486,0,2995000,3680500,2124300,0
2022-06-19,ATM001,metro_retail,1284600,401,0,3325000,3539900,2255400,0
2022-06-19,ATM002,urban_residential,715200,223,0,1778000,2029800,1314600,0
2022-06-19,ATM003,corporate_park,932600,291,0,0,1408800,476200,0
2022-06-19,ATM004,rural_branch,443400,139,0,928000,1270200,826800,0
2022-06-19,ATM005,transit_hub,1458500,456,0,0,2124300,665800,0
2022-06-20,ATM001,metro_retail,1124600,351,0,0,2255400,1130800,0
2022-06-20,ATM002,urban_residential,487700,152,0,0,1314600,827000,0
2022-06-20,ATM003,corporate_park,644400,201,0,1874000,2350200,1705800,0
2022-06-20,ATM004,rural_branch,393000,123,0,0,826800,433800,0
2022-06-20,ATM005,transit_hub,983400,307,0,3014000,3679800,2696300,0
2022-06-21,ATM001,metro_retail,748600,234,0,2409000,3539800,2791200,0
2022-06-21,ATM002,urban_residential,467000,146,0,0,827000,359900,0
2022-06-21,ATM003,corporate_park,605600,189,0,0,1705800,1100200,0
2022-06-21,ATM004,rural_branch,279900,87,0,836000,1269800,989900,0
2022-06-21,ATM005,transit_hub,844100,264,0,0,2696300,1852200,0
2022-06-22,ATM001,metro_retail,766000,239,0,0,2791200,2025100,0
2022-06-22,ATM002,urban_residential,429000,134,0,1670000,2029900,1600900,0
2022-06-22,ATM003,corporate_park,531600,166,0,0,1100200,568600,0
2022-06-22,ATM004,rural_branch,264300,83,0,0,989900,725600,0
2022-06-22,ATM005,transit_hub,758600,237,0,0,1852200,1093600,0
2022-06-23,ATM001,metro_retail,780500,244,0,0,2025100,1244700,0
2022-06-23,ATM002,urban_residential,400300,125,0,0,1600900,1200600,0
2022-06-23,ATM003,corporate_park,578200,181,0,1781000,2349600,1771500,0
2022-06-23,ATM004,rural_branch,311100,97,0,0,725600,414500,0
2022-06-23,ATM005,transit_hub,887400,277,0,2586000,3679600,2792200,0
2022-06-24,ATM001,metro_retail,1244700,389,0,0,1244700,0,1
2022-06-24,ATM002,urban_residential,613000,192,0,0,1200600,587600,0
2022-06-24,ATM003,corporate_park,696300,218,0,0,1771500,1075200,0
2022-06-24,ATM004,rural_branch,454700,142,0,856000,1270500,815700,0
2022-06-24,ATM005,transit_hub,1195600,374,0,0,2792200,1596600,0
2022-06-25,ATM001,metro_retail,1550100,484,0,3540000,3540000,1989900,0
2022-06-25,ATM002,urban_residential,899200,281,0,1442000,2029600,1130400,0
2022-06-25,ATM003,corporate_park,915500,286,0,0,1075200,159600,0
2022-06-25,ATM004,rural_branch,562100,176,0,0,815700,253600,0
2022-06-25,ATM005,transit_hub,1518600,475,0,0,1596600,78000,0
2022-06-26,ATM001,metro_retail,1465200,458,0,0,1989900,524700,0
2022-06-26,ATM002,urban_residential,708200,221,0,0,1130400,422200,0
2022-06-26,ATM003,corporate_park,745300,233,0,2190000,2349600,1604300,0
2022-06-26,ATM004,rural_branch,509100,159,0,1016000,1269600,760600,0
2022-06-26,ATM005,transit_hub,1392900,435,0,3602000,3680000,2287000,0
2022-06-27,ATM001,metro_retail,1023300,320,0,3015000,3539700,2516500,0
2022-06-27,ATM002,urban_residential,545800,171,0,1608000,2030200,1484400,0
2022-06-27,ATM003,corporate_park,671200,210,0,0,1604300,933100,0
2022-06-27,ATM004,rural_branch,383600,120,0,0,760600,377000,0
2022-06-27,ATM005,transit_hub,1027300,321,0,0,2287000,1259700,0
2022-06-28,ATM001,metro_retail,1019100,318,0,0,2516500,1497400,0
2022-06-28,ATM002,urban_residential,557200,174,0,0,1484400,927200,0
2022-06-28,ATM003,corporate_park,661000,207,0,0,933100,272100,0
2022-06-28,ATM004,rural_branch,370900,116,0,893000,1270000,899000,0
2022-06-28,ATM005,transit_hub,962300,301,0,2420000,3679700,2717400,0
2022-06-29,ATM001,metro_retail,1047700,327,0,0,1497400,449700,0
2022-06-29,ATM002,urban_residential,562600,176,0,0,927200,364600,0
2022-06-29,ATM003,corporate_park,643200,201,0,2078000,2350100,1706800,0
2022-06-29,ATM004,rural_branch,370900,116,0,0,899000,528200,0
2022-06-29,ATM005,transit_hub,1005900,314,0,0,2717400,1711600,0
2022-06-30,ATM001,metro_retail,1077700,337,0,3090000,3539700,2462000,0
2022-06-30,ATM002,urban_residential,520200,163,0,1665000,2029600,1509400,0
2022-06-30,ATM003,corporate_park,708400,221,0,0,1706800,998500,0
2022-06-30,ATM004,rural_branch,377800,118,0,0,528200,150400,0
2022-06-30,ATM005,transit_hub,1021600,319,0,0,1711600,690000,0
2022-07-01,ATM001,metro_retail,1608900,503,0,0,2462000,853100,0
2022-07-01,ATM002,urban_residential,929600,290,0,0,1509400,579800,0
2022-07-01,ATM003,corporate_park,998500,312,0,0,998500,0,1
2022-07-01,ATM004,rural_branch,609500,190,0,1120000,1270400,660900,0
2022-07-01,ATM005,transit_hub,1777200,555,0,2990000,3680000,1902800,0
2022-07-02,ATM001,metro_retail,2162800,676,0,2687000,3540100,1377200,0
2022-07-02,ATM002,urban_residential,1108400,346,0,1450000,2029800,921500,0
2022-07-02,ATM003,corporate_park,1229600,384,0,2350000,2350000,1120400,0
2022-07-02,ATM004,rural_branch,649300,203,0,0,660900,11600,0
2022-07-02,ATM005,transit_hub,1902800,595,0,0,1902800,0,1
2022-07-03,ATM001,metro_retail,1377200,430,0,0,1377200,0,1
2022-07-03,ATM002,urban_residential,921500,288,0,0,921500,0,1
2022-07-03,ATM003,corporate_park,927700,290,0,0,1120400,192700,0
2022-07-03,ATM004,rural_branch,557500,174,0,1258000,1269600,712100,0
2022-07-03,ATM005,transit_hub,1536500,480,0,3680000,3680000,2143500,0
2022-07-04,ATM001,metro_retail,1022200,319,0,3540000,3540000,2517800,0
2022-07-04,ATM002,urban_residential,548900,172,0,2030000,2030000,1481100,0
2022-07-04,ATM003,corporate_park,621700,194,0,2157000,2349700,1728000,0
2022-07-04,ATM004,rural_branch,338200,106,0,0,712100,373900,0
2022-07-04,ATM005,transit_hub,1115000,348,0,0,2143500,1028500,0
2022-07-05,ATM001,metro_retail,821000,257,0,0,2517800,1696800,0
2022-07-05,ATM002,urban_residential,426400,133,0,0,1481100,1054700,0
2022-07-05,ATM003,corporate_park,545900,171,0,0,1728000,1182100,0
2022-07-05,ATM004,rural_branch,281600,88,0,896000,1269900,988200,0
2022-07-05,ATM005,transit_hub,843200,263,0,2651000,3679500,2836300,0
2022-07-06,ATM001,metro_retail,757300,237,0,0,1696800,939600,0
2022-07-06,ATM002,urban_residential,468400,146,0,0,1054700,586300,0
2022-07-06,ATM003,corporate_park,468800,147,0,0,1182100,713200,0
2022-07-06,ATM004,rural_branch,320300,100,0,0,988200,667900,0
2022-07-06,ATM005,transit_hub,793300,248,0,0,2836300,2043000,0
2022-07-07,ATM001,metro_retail,965500,302,0,2600000,3539600,2574100,0
2022-07-07,ATM002,urban_residential,490800,153,0,1444000,2030300,1539500,0
2022-07-07,ATM003,corporate_park,580500,181,0,1637000,2350200,1769800,0
2022-07-07,ATM004,rural_branch,349600,109,0,0,667900,318400,0
2022-07-07,ATM005,transit_hub,934600,292,0,0,2043000,1108500,0
2022-07-08,ATM001,metro_retail,1336400,418,0,0,2574100,1237700,0
2022-07-08,ATM002,urban_residential,655200,205,0,0,1539500,884300,0
2022-07-08,ATM003,corporate_park,804800,251,0,0,1769800,965000,0
2022-07-08,ATM004,rural_branch,449400,140,0,952000,1270400,820900,0
2022-07-08,ATM005,transit_hub,1304700,408,0,2572000,3680500,2375800,0
2022-07-09,ATM001,metro_retail,1474200,461,0,2302000,3539700,2065500,0
2022-07-09,ATM002,urban_residential,803800,251,0,0,884300,80500,0
2022-07-09,ATM003,corporate_park,965000,302,0,0,965000,0,1
2022-07-09,ATM004,rural_branch,526800,165,0,0,820900,294100,0
2022-07-09,ATM005,transit_hub,1555300,486,0,0,2375800,820400,0
2022-07-10,ATM001,metro_retail,1451400,454,0,0,2065500,614100,0
2022-07-10,ATM002,urban_residential,824700,258,0,1949000,2029500,1204800,0
2022-07-10,ATM003,corporate_park,709800,222,0,2350000,2350000,1640200,0
2022-07-10,ATM004,rural_branch,516700,161,0,976000,1270100,753400,0
2022-07-10,ATM005,transit_hub,1389800,434,0,2860000,3680400,2290600,0
2022-07-11,ATM001,metro_retail,998800,312,0,2926000,3540100,2541400,0
2022-07-11,ATM002,urban_residential,533700,167,0,0,1204800,671100,0
2022-07-11,ATM003,corporate_park,642600,201,0,0,1640200,997700,0
2022-07-11,ATM004,rural_branch,452000,141,0,0,753400,301500,0
2022-07-11,ATM005,transit_hub,990000,309,0,0,2290600,1300600,0
2022-07-12,ATM001,metro_retail,767700,240,0,0,2541400,1773700,0
2022-07-12,ATM002,urban_residential,452300,141,0,1359000,2030100,1577800,0
2022-07-12,ATM003,corporate_park,473500,148,0,0,997700,524200,0
2022-07-12,ATM004,rural_branch,291000,91,0,969000,1270500,979400,0
2022-07-12,ATM005,transit_hub,854700,267,0,0,1300600,445900,0
2022-07-13,ATM001,metro_retail,904500,283,0,0,1773700,869300,0
2022-07-13,ATM002,urban_residential,473500,148,0,0,1577800,1104300,0
2022-07-13,ATM003,corporate_park,473700,148,0,1826000,2350200,1876400,0
2022-07-13,ATM004,rural_branch,263900,82,0,0,979400,715500,0
2022-07-13,ATM005,transit_hub,796800,249,0,3234000,3679900,2883200,0
2022-07-14,ATM001,metro_retail,864900,270,0,2671000,3540300,2675300,0
2022-07-14,ATM002,urban_residential,442000,138,0,0,1104300,662300,0
2022-07-14,ATM003,corporate_park,549800,172,0,0,1876400,1326600,0
2022-07-14,ATM004,rural_branch,283500,89,0,0,715500,432000,0
2022-07-14,ATM005,transit_hub,907500,284,0,0,2883200,1975700,0
2022-07-15,ATM001,metro_retail,1440000,450,0,0,2675300,1235300,0
2022-07-15,ATM002,urban_residential,708700,221,0,1368000,2030300,1321600,0
2022-07-15,ATM003,corporate_park,857600,268,0,0,1326600,469000,0
2022-07-15,ATM004,rural_branch,500800,156,0,838000,1270000,769200,0
2022-07-15,ATM005,transit_hub,1306600,408,0,0,1975700,669100,0
2022-07-16,ATM001,metro_retail,1657000,518,0,2305000,3540300,1883400,0
2022-07-16,ATM002,urban_residential,891100,278,0,0,1321600,430500,0
2022-07-16,ATM003,corporate_park,1093700,342,0,1881000,2350000,1256300,0
2022-07-16,ATM004,rural_branch,527800,165,0,0,769200,241400,0
2022-07-16,ATM005,transit_hub,1498100,468,0,3011000,3680100,2182000,0
2022-07-17,ATM001,metro_retail,1183900,370,0,0,1883400,699500,0
2022-07-17,ATM002,urban_residential,776600,243,0,1599000,2029500,1252900,0
2022-07-17,ATM003,corporate_park,775200,242,0,0,1256300,481000,0
2022-07-17,ATM004,rural_branch,540100,169,0,1029000,1270400,730400,0
2022-07-17,ATM005,transit_hub,1237900,387,0,0,2182000,944100,0
2022-07-18,ATM001,metro_retail,1022200,319,0,2841000,3540500,2518300,0
2022-07-18,ATM002,urban_residential,517100,162,0,0,1252900,735800,0
2022-07-18,ATM003,corporate_park,630600,197,0,1869000,2350000,1719400,0
2022-07-18,ATM004,rural_branch,345300,108,0,0,730400,385100,0
2022-07-18,ATM005,transit_hub,1067500,334,0,2736000,3680100,2612600,0
2022-07-19,ATM001,metro_retail,779900,244,0,0,2518300,1738400,0
2022-07-19,ATM002,urban_residential,446600,140,0,0,735800,289200,0
2022-07-19,ATM003,corporate_park,539600,169,0,0,1719400,1179800,0
2022-07-19,ATM004,rural_branch,249200,78,0,885000,1270100,1020900,0
2022-07-19,ATM005,transit_hub,788700,246,0,0,2612600,1823900,0
2022-07-20,ATM001,metro_retail,722400,226,0,0,1738400,1016000,0
2022-07-20,ATM002,urban_residential,409800,128,0,1741000,2030200,1620400,0
2022-07-20,ATM003,corporate_park,519400,162,0,0,1179800,660500,0
2022-07-20,ATM004,rural_branch,301100,94,0,0,1020900,719700,0
2022-07-20,ATM005,transit_hub,727200,227,0,0,1823900,1096700,0
2022-07-21,ATM001,metro_retail,771600,241,0,2524000,3540000,2768400,0
2022-07-21,ATM002,urban_residential,428900,134,0,0,1620400,1191400,0
2022-07-21,ATM003,corporate_park,484000,151,0,1690000,2350500,1866400,0
2022-07-21,ATM004,rural_branch,280400,88,0,0,719700,439300,0
2022-07-21,ATM005,transit_hub,963300,301,0,2583000,3679700,2716400,0
2022-07-22,ATM001,metro_retail,1214800,380,0,0,2768400,1553600,0
2022-07-22,ATM002,urban_residential,616200,193,0,0,1191400,575200,0
2022-07-22,ATM003,corporate_park,792600,248,0,0,1866400,1073800,0
2022-07-22,ATM004,rural_branch,471900,147,0,831000,1270300,798400,0
2022-07-22,ATM005,transit_hub,1319300,412,0,0,2716400,1397100,0
2022-07-23,ATM001,metro_retail,1553600,485,0,0,1553600,0,1
2022-07-23,ATM002,urban_residential,932000,291,0,1455000,2030200,1098200,0
2022-07-23,ATM003,corporate_park,1000300,313,0,0,1073800,73500,0
2022-07-23,ATM004,rural_branch,644300,201,0,0,798400,154000,0
2022-07-23,ATM005,transit_hub,1353500,423,0,0,1397100,43600,0
2022-07-24,ATM001,metro_retail,1342400,419,0,3540000,3540000,2197600,0
2022-07-24,ATM002,urban_residential,828600,259,0,0,1098200,269500,0
2022-07-24,ATM003,corporate_park,800500,250,0,2276000,2349500,1549000,0
2022-07-24,ATM004,rural_branch,474700,148,0,1116000,1270000,795300,0
2022-07-24,ATM005,transit_hub,1149700,359,0,3636000,3679600,2529800,0
2022-07-25,ATM001,metro_retail,997700,312,0,0,2197600,1199900,0
2022-07-25,ATM002,urban_residential,670400,209,0,1760000,2029500,1359200,0
2022-07-25,ATM003,corporate_park,631700,197,0,0,1549000,917200,0
2022-07-25,ATM004,rural_branch,390800,122,0,0,795300,404500,0
2022-07-25,ATM005,transit_hub,962000,301,0,0,2529800,1567800,0
2022-07-26,ATM001,metro_retail,768300,240,0,2340000,3539900,2771600,0
2022-07-26,ATM002,urban_residential,439700,137,0,0,1359200,919500,0
2022-07-26,ATM003,corporate_park,547600,171,0,0,917200,369600,0
2022-07-26,ATM004,rural_branch,338600,106,0,865000,1269500,931000,0
2022-07-26,ATM005,transit_hub,829400,259,0,0,1567800,738400,0
2022-07-27,ATM001,metro_retail,738900,231,0,0,2771600,2032700,0
2022-07-27,ATM002,urban_residential,413200,129,0,0,919500,506300,0
2022-07-27,ATM003,corporate_park,495200,155,0,1980000,2349600,1854400,0
2022-07-27,ATM004,rural_branch,274500,86,0,0,931000,656500,0
2022-07-27,ATM005,transit_hub,1000700,313,0,2942000,3680400,2679700,0
2022-07-28,ATM001,metro_retail,831100,260,0,0,2032700,1201600,0
2022-07-28,ATM002,urban_residential,422600,132,0,1524000,2030300,1607700,0
2022-07-28,ATM003,corporate_park,550900,172,0,0,1854400,1303400,0
2022-07-28,ATM004,rural_branch,375100,117,0,0,656500,281400,0
2022-07-28,ATM005,transit_hub,793800,248,0,0,2679700,1885900,0
2022-07-29,ATM001,metro_retail,1477300,462,0,2338000,3539600,2062300,0
2022-07-29,ATM002,urban_residential,939000,293,0,0,1607700,668700,0
2022-07-29,ATM003,corporate_park,907400,284,0,0,1303400,396000,0
2022-07-29,ATM004,rural_branch,559700,175,0,989000,1270400,710700,0
2022-07-29,ATM005,transit_hub,1542000,482,0,0,1885900,344000,0
2022-07-30,ATM001,metro_retail,2031600,635,0,0,2062300,30600,0
2022-07-30,ATM002,urban_residential,1000100,313,0,1361000,2029700,1029700,0
2022-07-30,ATM003,corporate_park,1049500,328,0,1954000,2350000,1300500,0
2022-07-30,ATM004,rural_branch,688600,215,0,0,710700,22100,0
2022-07-30,ATM005,transit_hub,2306100,721,0,3336000,3680000,1373900,0
2022-07-31,ATM001,metro_retail,1704600,533,0,3509000,3539600,1835000,0
2022-07-31,ATM002,urban_residential,943000,295,0,0,1029700,86700,0
2022-07-31,ATM003,corporate_park,1046500,327,0,0,1300500,254000,0
2022-07-31,ATM004,rural_branch,662300,207,0,1248000,1270100,607700,0
2022-07-31,ATM005,transit_hub,1373900,429,0,0,1373900,0,1
2022-08-01,ATM001,metro_retail,1398300,437,0,0,1835000,436800,0
2022-08-01,ATM002,urban_residential,779200,244,0,1943000,2029700,1250400,0
2022-08-01,ATM003,corporate_park,917400,287,0,2096000,2350000,1432600,0
2022-08-01,ATM004,rural_branch,568600,178,0,0,607700,39200,0
2022-08-01,ATM005,transit_hub,1724100,539,0,3680000,3680000,1955900,0
2022-08-02,ATM001,metro_retail,1074500,336,0,3103000,3539800,2465200,0
2022-08-02,ATM002,urban_residential,674200,211,0,0,1250400,576300,0
2022-08-02,ATM003,corporate_park,721700,226,0,0,1432600,710900,0
2022-08-02,ATM004,rural_branch,446200,139,0,1231000,1270200,824000,0
2022-08-02,ATM005,transit_hub,1192800,373,0,0,1955900,763000,0
2022-08-03,ATM001,metro_retail,937600,293,0,0,2465200,1527600,0
2022-08-03,ATM002,urban_residential,510700,160,0,1454000,2030300,1519600,0
2022-08-03,ATM003,corporate_park,556400,174,0,1639000,2349900,1793500,0
2022-08-03,ATM004,rural_branch,393400,123,0,0,824000,430700,0
2022-08-03,ATM005,transit_hub,1008200,315,0,2917000,3680000,2671800,0
2022-08-04,ATM001,metro_retail,860200,269,0,0,1527600,667400,0
2022-08-04,ATM002,urban_residential,489000,153,0,0,1519600,1030600,0
2022-08-04,ATM003,corporate_park,563000,176,0,0,1793500,1230600,0
2022-08-04,ATM004,rural_branch,332200,104,0,839000,1269700,937400,0
2022-08-04,ATM005,transit_hub,937200,293,0,0,2671800,1734500,0
2022-08-05,ATM001,metro_retail,1248100,390,0,2873000,3540400,2292300,0
2022-08-05,ATM002,urban_residential,708200,221,0,0,1030600,322400,0
2022-08-05,ATM003,corporate_park,774000,242,0,0,1230600,456600,0
2022-08-05,ATM004,rural_branch,475900,149,0,0,937400,461500,0
2022-08-05,ATM005,transit_hub,1312600,410,0,0,1734500,422000,0
2022-08-06,ATM001,metro_retail,1601100,500,0,0,2292300,691200,0
2022-08-06,ATM002,urban_residential,847600,265,0,1708000,2030400,1182800,0
2022-08-06,ATM003,corporate_park,882400,276,0,1893000,2349600,1467200,0
2022-08-06,ATM004,rural_branch,461500,144,0,0,461500,0,1
2022-08-06,ATM005,transit_hub,1426700,446,0,3258000,3680000,2253300,0
2022-08-07,ATM001,metro_retail,1487900,465,0,2849000,3540200,2052300,0
2022-08-07,ATM002,urban_residential,843600,264,0,0,1182800,339200,0
2022-08-07,ATM003,corporate_park,972900,304,0,0,1467200,494400,0
2022-08-07,ATM004,rural_branch,601700,188,0,1270000,1270000,668300,0
2022-08-07,ATM005,transit_hub,1483000,463,0,0,2253300,770200,0
2022-08-08,ATM001,metro_retail,922800,288,0,0,2052300,1129500,0
2022-08-08,ATM002,urban_residential,502500,157,0,1691000,2030200,1527700,0
2022-08-08,ATM003,corporate_park,628900,197,0,1856000,2350400,1721400,0
2022-08-08,ATM004,rural_branch,364600,114,0,0,668300,303700,0
2022-08-08,ATM005,transit_hub,1035200,324,0,2910000,3680200,2645000,0
2022-08-09,ATM001,metro_retail,790000,247,0,2410000,3539500,2749500,0
2022-08-09,ATM002,urban_residential,439500,137,0,0,1527700,1088300,0
2022-08-09,ATM003,corporate_park,482100,151,0,0,1721400,1239300,0
2022-08-09,ATM004,rural_branch,265200,83,0,966000,1269700,1004400,0
2022-08-09,ATM005,transit_hub,822800,257,0,0,2645000,1822200,0
2022-08-10,ATM001,metro_retail,799300,250,0,0,2749500,1950100,0
2022-08-10,ATM002,urban_residential,432500,135,0,0,1088300,655800,0
2022-08-10,ATM003,corporate_park,488000,152,0,0,1239300,751400,0
2022-08-10,ATM004,rural_branch,294500,92,0,0,1004400,709900,0
2022-08-10,ATM005,transit_hub,734400,230,0,0,1822200,1087800,0
2022-08-11,ATM001,metro_retail,895400,280,0,0,1950100,1054700,0
2022-08-11,ATM002,urban_residential,378300,118,0,1374000,2029800,1651600,0
2022-08-11,ATM003,corporate_park,531300,166,0,1599000,2350400,1819100,0
2022-08-11,ATM004,rural_branch,419700,131,0,0,709900,290200,0
2022-08-11,ATM005,transit_hub,807300,252,0,2592000,3679800,2872500,0
2022-08-12,ATM001,metro_retail,1101500,344,0,2485000,3539700,2438200,0
2022-08-12,ATM002,urban_residential,665600,208,0,0,1651600,985900,0
2022-08-12,ATM003,corporate_park,688000,215,0,0,1819100,1131100,0
2022-08-12,ATM004,rural_branch,484000,151,0,980000,1270200,786200,0
2022-08-12,ATM005,transit_hub,1224600,383,0,0,2872500,1647900,0
2022-08-13,ATM001,metro_retail,1601500,500,0,0,2438200,836700,0
2022-08-13,ATM002,urban_residential,879900,275,0,0,985900,106000,0
2022-08-13,ATM003,corporate_park,997800,312,0,0,1131100,133200,0
2022-08-13,ATM004,rural_branch,544300,170,0,0,786200,242000,0
2022-08-13,ATM005,transit_hub,1596900,499,0,0,1647900,51000,0
2022-08-14,ATM001,metro_retail,1415500,442,0,2703000,3539700,2124300,0
2022-08-14,ATM002,urban_residential,659900,206,0,1924000,2030000,1370100,0
2022-08-14,ATM003,corporate_park,812100,254,0,2217000,2350200,1538100,0
2022-08-14,ATM004,rural_branch,581900,182,0,1028000,1270000,688000,0
2022-08-14,ATM005,transit_hub,1529100,478,0,3629000,3680000,2150900,0
2022-08-15,ATM001,metro_retail,1221500,382,1,0,2124300,902800,0
2022-08-15,ATM002,urban_residential,613900,192,1,0,1370100,756200,0
2022-08-15,ATM003,corporate_park,733500,229,1,0,1538100,804700,0
2022-08-15,ATM004,rural_branch,386300,121,1,0,688000,301800,0
2022-08-15,ATM005,transit_hub,1341000,419,1,0,2150900,809900,0
2022-08-16,ATM001,metro_retail,804700,251,0,2637000,3539800,2735100,0
2022-08-16,ATM002,urban_residential,420000,131,0,0,756200,336200,0
2022-08-16,ATM003,corporate_park,438500,137,0,1545000,2349700,1911100,0
2022-08-16,ATM004,rural_branch,288700,90,0,968000,1269800,981100,0
2022-08-16,ATM005,transit_hub,921400,288,0,2870000,3679900,2758400,0
2022-08-17,ATM001,metro_retail,808800,253,0,0,2735100,1926300,0
2022-08-17,ATM002,urban_residential,423400,132,0,1694000,2030200,1606800,0
2022-08-17,ATM003,corporate_park,496000,155,0,0,1911100,1415100,0
2022-08-17,ATM004,rural_branch,300700,94,0,0,981100,680500,0
2022-08-17,ATM005,transit_hub,899700,281,0,0,2758400,1858700,0
2022-08-18,ATM001,metro_retail,875700,274,0,0,1926300,1050600,0
2022-08-18,ATM002,urban_residential,443900,139,0,0,1606800,1162900,0
2022-08-18,ATM003,corporate_park,537100,168,0,0,1415100,878000,0
2022-08-18,ATM004,rural_branch,300300,94,0,0,680500,380100,0
2022-08-18,ATM005,transit_hub,958600,300,0,0,1858700,900100,0
2022-08-19,ATM001,metro_retail,1264100,395,0,2489000,3539600,2275500,0
2022-08-19,ATM002,urban_residential,605200,189,0,0,1162900,557700,0
2022-08-19,ATM003,corporate_park,754800,236,0,0,878000,123200,0
2022-08-19,ATM004,rural_branch,421300,132,0,890000,1270100,848800,0
2022-08-19,ATM005,transit_hub,919800,287,0,2780000,3680100,2760300,0
2022-08-20,ATM001,metro_retail,1595300,499,0,0,2275500,680100,0
2022-08-20,ATM002,urban_residential,800500,250,0,1472000,2029700,1229200,0
2022-08-20,ATM003,corporate_park,1068700,334,0,2227000,2350200,1281400,0
2022-08-20,ATM004,rural_branch,574800,180,0,0,848800,273900,0
2022-08-20,ATM005,transit_hub,1503600,470,0,0,2760300,1256700,0
2022-08-21,ATM001,metro_retail,1330500,416,0,2860000,3540100,2209600,0
2022-08-21,ATM002,urban_residential,759700,237,0,0,1229200,469500,0
2022-08-21,ATM003,corporate_park,649900,203,0,0,1281400,631500,0
2022-08-21,ATM004,rural_branch,480300,150,0,996000,1269900,789700,0
2022-08-21,ATM005,transit_hub,1421800,444,0,2423000,3679700,2257900,0
2022-08-22,ATM001,metro_retail,974900,305,0,0,2209600,1234700,0
2022-08-22,ATM002,urban_residential,542300,169,0,1561000,2030500,1488200,0
2022-08-22,ATM003,corporate_park,727900,227,0,1718000,2349500,1621600,0
2022-08-22,ATM004,rural_branch,356200,111,0,0,789700,433400,0
2022-08-22,ATM005,transit_hub,981400,307,0,0,2257900,1276500,0
2022-08-23,ATM001,metro_retail,802200,251,0,2305000,3539700,2737600,0
2022-08-23,ATM002,urban_residential,439700,137,0,0,1488200,1048500,0
2022-08-23,ATM003,corporate_park,580900,182,0,0,1621600,1040700,0
2022-08-23,ATM004,rural_branch,266000,83,0,837000,1270400,1004400,0
2022-08-23,ATM005,transit_hub,788500,246,0,2403000,3679500,2891000,0
2022-08-24,ATM001,metro_retail,849900,266,0,0,2737600,1887700,0
2022-08-24,ATM002,urban_residential,432800,135,0,0,1048500,615700,0
2022-08-24,ATM003,corporate_park,437300,137,0,0,1040700,603400,0
2022-08-24,ATM004,rural_branch,247600,77,0,0,1004400,756800,0
2022-08-24,ATM005,transit_hub,855600,267,0,0,2891000,2035400,0
2022-08-25,ATM001,metro_retail,853400,267,0,0,1887700,1034300,0
2022-08-25,ATM002,urban_residential,468700,146,0,1414000,2029700,1561100,0
2022-08-25,ATM003,corporate_park,583500,182,0,1747000,2350400,1766800,0
2022-08-25,ATM004,rural_branch,292100,91,0,0,756800,464600,0
2022-08-25,ATM005,transit_hub,879500,275,0,0,2035400,1155900,0
2022-08-26,ATM001,metro_retail,1203400,376,0,2506000,3540300,2336900,0
2022-08-26,ATM002,urban_residential,640800,200,0,0,1561100,920300,0
2022-08-26,ATM003,corporate_park,694500,217,0,0,1766800,1072300,0
2022-08-26,ATM004,rural_branch,443400,139,0,0,464600,21300,0
2022-08-26,ATM005,transit_hub,1188100,371,0,2524000,3679900,2491800,0
2022-08-27,ATM001,metro_retail,1544400,483,0,0,2336900,792500,0
2022-08-27,ATM002,urban_residential,913300,285,0,0,920300,7100,0
2022-08-27,ATM003,corporate_park,860100,269,0,0,1072300,212200,0
2022-08-27,ATM004,rural_branch,647700,202,0,1249000,1270300,622600,0
2022-08-27,ATM005,transit_hub,1839200,575,0,0,2491800,652600,0
2022-08-28,ATM001,metro_retail,1384100,433,0,2747000,3539500,2155500,0
2022-08-28,ATM002,urban_residential,749700,234,0,2023000,2030100,1280400,0
2022-08-28,ATM003,corporate_park,806300,252,0,2138000,2350200,1544000,0
2022-08-28,ATM004,rural_branch,475300,149,0,0,622600,147300,0
2022-08-28,ATM005,transit_hub,1325900,414,0,3027000,3679600,2353700,0
2022-08-29,ATM001,metro_retail,1263600,395,0,0,2155500,891900,0
2022-08-29,ATM002,urban_residential,776300,243,0,0,1280400,504100,0
2022-08-29,ATM003,corporate_park,995600,311,0,0,1544000,548300,0
2022-08-29,ATM004,rural_branch,444400,139,0,1123000,1270300,825900,0
2022-08-29,ATM005,transit_hub,1551700,485,0,0,2353700,801900,0
2022-08-30,ATM001,metro_retail,1392700,435,1,2648000,3539900,2147200,0
2022-08-30,ATM002,urban_residential,786200,246,1,1526000,2030100,1243900,0
2022-08-30,ATM003,corporate_park,863100,270,1,1802000,2350300,1487300,0
2022-08-30,ATM004,rural_branch,566700,177,1,0,825900,259200,0
2022-08-30,ATM005,transit_hub,1332700,416,1,2878000,3679900,2347200,0
2022-08-31,ATM001,metro_retail,970100,303,0,0,2147200,1177100,0
2022-08-31,ATM002,urban_residential,516600,161,0,0,1243900,727300,0
2022-08-31,ATM003,corporate_park,624000,195,0,0,1487300,863200,0
2022-08-31,ATM004,rural_branch,336200,105,0,1011000,1270200,934100,0
2022-08-31,ATM005,transit_hub,1063800,332,0,0,2347200,1283400,0
2022-09-01,ATM001,metro_retail,1177300,368,0,2363000,3540100,2362800,0
2022-09-01,ATM002,urban_residential,702700,220,0,0,727300,24600,0
2022-09-01,ATM003,corporate_park,836800,261,0,0,863200,26400,0
2022-09-01,ATM004,rural_branch,471800,147,0,0,934100,462300,0
2022-09-01,ATM005,transit_hub,1235800,386,0,2397000,3680400,2444600,0
2022-09-02,ATM001,metro_retail,1663800,520,0,0,2362800,699000,0
2022-09-02,ATM002,urban_residential,991500,310,0,2005000,2029600,1038100,0
2022-09-02,ATM003,corporate_park,954300,298,0,2324000,2350400,1396200,0
2022-09-02,ATM004,rural_branch,462300,144,0,0,462300,0,1
2022-09-02,ATM005,transit_hub,1543700,482,0,0,2444600,900900,0
2022-09-03,ATM001,metro_retail,2006500,627,0,2841000,3540000,1533500,0
2022-09-03,ATM002,urban_residential,1004900,314,0,0,1038100,33200,0
2022-09-03,ATM003,corporate_park,1352000,422,0,0,1396200,44200,0
2022-09-03,ATM004,rural_branch,682400,213,0,1270000,1270000,587600,0
2022-09-03,ATM005,transit_hub,1968400,615,0,2779000,3679900,1711600,0
2022-09-04,ATM001,metro_retail,1345800,421,0,0,1533500,187700,0
2022-09-04,ATM002,urban_residential,743300,232,0,1997000,2030200,1286900,0
2022-09-04,ATM003,corporate_park,937700,293,0,2306000,2350200,1412500,0
2022-09-04,ATM004,rural_branch,528800,165,0,0,587600,58800,0
2022-09-04,ATM005,transit_hub,1230800,385,0,0,1711600,480700,0
2022-09-05,ATM001,metro_retail,1091900,341,0,3352000,3539700,2447700,0
2022-09-05,ATM002,urban_residential,547700,171,0,0,1286900,739200,0
2022-09-05,ATM003,corporate_park,675700,211,0,0,1412500,736800,0
2022-09-05,ATM004,rural_branch,404800,126,0,1211000,1269800,865000,0
2022-09-05,ATM005,transit_hub,1148000,359,0,3199000,3679700,2531700,0
2022-09-06,ATM001,metro_retail,792700,248,0,0,2447700,1655000,0
2022-09-06,ATM002,urban_residential,457700,143,0,0,739200,281500,0
2022-09-06,ATM003,corporate_park,479200,150,0,1613000,2349800,1870600,0
2022-09-06,ATM004,rural_branch,337800,106,0,0,865000,527200,0
2022-09-06,ATM005,transit_hub,831800,260,0,0,2531700,1700000,0
2022-09-07,ATM001,metro_retail,892900,279,0,0,1655000,762100,0
2022-09-07,ATM002,urban_residential,502600,157,0,1748000,2029500,1526900,0
2022-09-07,ATM003,corporate_park,579200,181,0,0,1870600,1291400,0
2022-09-07,ATM004,rural_branch,341500,107,0,0,527200,185700,0
2022-09-07,ATM005,transit_hub,863100,270,0,0,1700000,836900,0
2022-09-08,ATM001,metro_retail,820300,256,0,2778000,3540100,2719800,0
2022-09-08,ATM002,urban_residential,433900,136,0,0,1526900,1093000,0
2022-09-08,ATM003,corporate_park,547500,171,0,0,1291400,743900,0
2022-09-08,ATM004,rural_branch,327900,102,0,1084000,1269700,941900,0
2022-09-08,ATM005,transit_hub,935600,292,0,2843000,3679900,2744300,0
2022-09-09,ATM001,metro_retail,1314600,411,0,0,2719800,1405200,0
2022-09-09,ATM002,urban_residential,711300,222,0,0,1093000,381700,0
2022-09-09,ATM003,corporate_park,792600,248,0,1606000,2349900,1557300,0
2022-09-09,ATM004,rural_branch,478300,149,0,0,941900,463500,0
2022-09-09,ATM005,transit_hub,1126400,352,0,0,2744300,1618000,0
2022-09-10,ATM001,metro_retail,1405200,439,0,0,1405200,0,1
2022-09-10,ATM002,urban_residential,811200,253,0,1648000,2029700,1218500,0
2022-09-10,ATM003,corporate_park,1047600,327,0,0,1557300,509700,0
2022-09-10,ATM004,rural_branch,463500,145,0,0,463500,0,1
2022-09-10,ATM005,transit_hub,1370800,428,0,0,1618000,247100,0
2022-09-11,ATM001,metro_retail,1367100,427,0,3540000,3540000,2172900,0
2022-09-11,ATM002,urban_residential,738400,231,0,0,1218500,480100,0
2022-09-11,ATM003,corporate_park,847200,265,0,1840000,2349700,1502500,0
2022-09-11,ATM004,rural_branch,575100,180,0,1270000,1270000,694900,0
2022-09-11,ATM005,transit_hub,1421500,444,0,3433000,3680100,2258700,0
2022-09-12,ATM001,metro_retail,1037500,324,0,0,2172900,1135400,0
2022-09-12,ATM002,urban_residential,603900,189,0,1550000,2030100,1426200,0
2022-09-12,ATM003,corporate_park,599700,187,0,0,1502500,902800,0
2022-09-12,ATM004,rural_branch,408400,128,0,0,694900,286500,0
2022-09-12,ATM005,transit_hub,980200,306,0,0,2258700,1278500,0
2022-09-13,ATM001,metro_retail,776200,243,0,2405000,3540400,2764200,0
2022-09-13,ATM002,urban_residential,509200,159,0,0,1426200,917000,0
2022-09-13,ATM003,corporate_park,588500,184,0,0,902800,314300,0
2022-09-13,ATM004,rural_branch,312900,98,0,984000,1270500,957600,0
2022-09-13,ATM005,transit_hub,738000,231,0,2402000,3680500,2942500,0
2022-09-14,ATM001,metro_retail,776100,243,0,0,2764200,1988000,0
2022-09-14,ATM002,urban_residential,425400,133,0,0,917000,491600,0
2022-09-14,ATM003,corporate_park,490600,153,0,2036000,2350300,1859700,0
2022-09-14,ATM004,rural_branch,308800,96,0,0,957600,648800,0
2022-09-14,ATM005,transit_hub,824200,258,0,0,2942500,2118300,0
2022-09-15,ATM001,metro_retail,983400,307,0,0,1988000,1004700,0
2022-09-15,ATM002,urban_residential,528800,165,0,1538000,2029600,1500800,0
2022-09-15,ATM003,corporate_park,604200,189,0,0,1859700,1255500,0
2022-09-15,ATM004,rural_branch,306800,96,0,0,648800,342000,0
2022-09-15,ATM005,transit_hub,1044500,326,0,0,2118300,1073800,0
2022-09-16,ATM001,metro_retail,1219200,381,0,2535000,3539700,2320500,0
2022-09-16,ATM002,urban_residential,659500,206,0,0,1500800,841300,0
2022-09-16,ATM003,corporate_park,791000,247,0,0,1255500,464500,0
2022-09-16,ATM004,rural_branch,401800,126,0,928000,1270000,868200,0
2022-09-16,ATM005,transit_hub,1151600,360,0,2606000,3679800,2528200,0
2022-09-17,ATM001,metro_retail,1609000,503,0,0,2320500,711500,0
2022-09-17,ATM002,urban_residential,771700,241,0,0,841300,69600,0
2022-09-17,ATM003,corporate_park,973200,304,0,1886000,2350500,1377300,0
2022-09-17,ATM004,rural_branch,596400,186,0,0,868200,271800,0
2022-09-17,ATM005,transit_hub,1495600,467,0,0,2528200,1032700,0
2022-09-18,ATM001,metro_retail,1221700,382,0,2828000,3539500,2317800,0
2022-09-18,ATM002,urban_residential,698000,218,0,1960000,2029600,1331600,0
2022-09-18,ATM003,corporate_park,871700,272,0,0,1377300,505600,0
2022-09-18,ATM004,rural_branch,517800,162,0,998000,1269800,751900,0
2022-09-18,ATM005,transit_hub,1552000,485,0,2647000,3679700,2127700,0
2022-09-19,ATM001,metro_retail,1038500,325,0,0,2317800,1279300,0
2022-09-19,ATM002,urban_residential,517100,162,0,0,1331600,814500,0
2022-09-19,ATM003,corporate_park,662500,207,0,1844000,2349600,1687100,0
2022-09-19,ATM004,rural_branch,410800,128,0,0,751900,341100,0
2022-09-19,ATM005,transit_hub,978500,306,0,0,2127700,1149200,0
2022-09-20,ATM001,metro_retail,781700,244,0,0,1279300,497700,0
2022-09-20,ATM002,urban_residential,429200,134,0,0,814500,385300,0
2022-09-20,ATM003,corporate_park,506800,158,0,0,1687100,1180300,0
2022-09-20,ATM004,rural_branch,301700,94,0,929000,1270100,968500,0
2022-09-20,ATM005,transit_hub,884000,276,0,2531000,3680200,2796200,0
2022-09-21,ATM001,metro_retail,742700,232,0,3042000,3539700,2797000,0
2022-09-21,ATM002,urban_residential,428700,134,0,1645000,2030300,1601700,0
2022-09-21,ATM003,corporate_park,455500,142,0,0,1180300,724800,0
2022-09-21,ATM004,rural_branch,286000,89,0,0,968500,682500,0
2022-09-21,ATM005,transit_hub,842900,263,0,0,2796200,1953300,0
2022-09-22,ATM001,metro_retail,860600,269,0,0,2797000,1936300,0
2022-09-22,ATM002,urban_residential,456400,143,0,0,1601700,1145200,0
2022-09-22,ATM003,corporate_park,509800,159,0,1625000,2349800,1840000,0
2022-09-22,ATM004,rural_branch,367300,115,0,0,682500,315200,0
2022-09-22,ATM005,transit_hub,830200,259,0,0,1953300,1123200,0
2022-09-23,ATM001,metro_retail,1093400,342,0,0,1936300,843000,0
2022-09-23,ATM002,urban_residential,710800,222,0,0,1145200,434400,0
2022-09-23,ATM003,corporate_park,729600,228,0,0,1840000,1110400,0
2022-09-23,ATM004,rural_branch,466900,146,0,955000,1270200,803300,0
2022-09-23,ATM005,transit_hub,1213500,379,0,2557000,3680200,2466600,0
2022-09-24,ATM001,metro_retail,1667700,521,0,2697000,3540000,1872300,0
2022-09-24,ATM002,urban_residential,888700,278,0,1596000,2030400,1141700,0
2022-09-24,ATM003,corporate_park,1035000,323,0,0,1110400,75400,0
2022-09-24,ATM004,rural_branch,635200,199,0,0,803300,168100,0
2022-09-24,ATM005,transit_hub,1501000,469,0,0,2466600,965600,0
2022-09-25,ATM001,metro_retail,1397000,437,0,0,1872300,475300,0
2022-09-25,ATM002,urban_residential,899300,281,0,0,1141700,242300,0
2022-09-25,ATM003,corporate_park,791100,247,0,2275000,2350400,1559300,0
2022-09-25,ATM004,rural_branch,576100,180,0,1102000,1270100,693900,0
2022-09-25,ATM005,transit_hub,1305800,408,0,2714000,3679600,2373900,0
2022-09-26,ATM001,metro_retail,1025400,320,0,3065000,3540300,2514900,0
2022-09-26,ATM002,urban_residential,553600,173,0,1788000,2030300,1476700,0
2022-09-26,ATM003,corporate_park,644700,201,0,0,1559300,914700,0
2022-09-26,ATM004,rural_branch,440800,138,0,0,693900,253100,0
2022-09-26,ATM005,transit_hub,1083300,339,0,0,2373900,1290500,0
2022-09-27,ATM001,metro_retail,768700,240,0,0,2514900,1746300,0
2022-09-27,ATM002,urban_residential,470200,147,0,0,1476700,1006500,0
2022-09-27,ATM003,corporate_park,510600,160,0,0,914700,404100,0
2022-09-27,ATM004,rural_branch,308600,96,0,1017000,1270100,961500,0
2022-09-27,ATM005,transit_hub,781400,244,0,0,1290500,509200,0
2022-09-28,ATM001,metro_retail,974800,305,0,0,1746300,771400,0
2022-09-28,ATM002,urban_residential,591200,185,0,0,1006500,415400,0
2022-09-28,ATM003,corporate_park,653300,204,0,1946000,2350100,1696900,0
2022-09-28,ATM004,rural_branch,407900,127,0,0,961500,553600,0
2022-09-28,ATM005,transit_hub,929000,290,0,3171000,3680200,2751200,0
2022-09-29,ATM001,metro_retail,1120600,350,0,2769000,3540400,2419900,0
2022-09-29,ATM002,urban_residential,658600,206,0,1615000,2030400,1371700,0
2022-09-29,ATM003,corporate_park,736000,230,0,0,1696900,960800,0
2022-09-29,ATM004,rural_branch,433100,135,0,0,553600,120500,0
2022-09-29,ATM005,transit_hub,1212100,379,0,0,2751200,1539100,0
2022-09-30,ATM001,metro_retail,1375700,430,0,0,2419900,1044200,0
2022-09-30,ATM002,urban_residential,823600,257,0,0,1371700,548100,0
2022-09-30,ATM003,corporate_park,960800,300,0,0,960800,0,1
2022-09-30,ATM004,rural_branch,653500,204,0,1149000,1269500,616000,0
2022-09-30,ATM005,transit_hub,1521200,475,0,0,1539100,17900,0
2022-10-01,ATM001,metro_retail,2347300,734,0,2496000,3540200,1192900,0
2022-10-01,ATM002,urban_residential,1328600,415,0,1482000,2030100,701500,0
2022-10-01,ATM003,corporate_park,1211700,379,0,2350000,2350000,1138300,0
2022-10-01,ATM004,rural_branch,616000,193,0,0,616000,0,1
2022-10-01,ATM005,transit_hub,2487400,777,0,3662000,3679900,1192500,0
2022-10-02,ATM001,metro_retail,2054100,642,1,2347000,3539900,1485900,0
2022-10-02,ATM002,urban_residential,1244200,389,1,1328000,2029500,785300,0
2022-10-02,ATM003,corporate_park,1138300,356,1,0,1138300,0,1
2022-10-02,ATM004,rural_branch,685000,214,1,1270000,1270000,585000,0
2022-10-02,ATM005,transit_hub,2022300,632,1,2488000,3680500,1658200,0
2022-10-03,ATM001,metro_retail,1263700,395,0,0,1485900,222200,0
2022-10-03,ATM002,urban_residential,669800,209,0,0,785300,115500,0
2022-10-03,ATM003,corporate_park,857500,268,0,2350000,2350000,1492500,0
2022-10-03,ATM004,rural_branch,451100,141,0,0,585000,133900,0
2022-10-03,ATM005,transit_hub,1658200,518,0,0,1658200,0,1
2022-10-04,ATM001,metro_retail,793100,248,0,3318000,3540200,2747100,0
2022-10-04,ATM002,urban_residential,443000,138,0,1915000,2030500,1587500,0
2022-10-04,ATM003,corporate_park,443000,138,0,0,1492500,1049600,0
2022-10-04,ATM004,rural_branch,350800,110,0,1136000,1269900,919100,0
2022-10-04,ATM005,transit_hub,865500,270,0,3680000,3680000,2814500,0
2022-10-05,ATM001,metro_retail,803400,251,0,0,2747100,1943600,0
2022-10-05,ATM002,urban_residential,458000,143,0,0,1587500,1129500,0
2022-10-05,ATM003,corporate_park,560500,175,0,0,1049600,489100,0
2022-10-05,ATM004,rural_branch,297800,93,0,0,919100,621300,0
2022-10-05,ATM005,transit_hub,732800,229,0,0,2814500,2081700,0
2022-10-06,ATM001,metro_retail,889500,278,0,0,1943600,1054100,0
2022-10-06,ATM002,urban_residential,442600,138,0,0,1129500,686800,0
2022-10-06,ATM003,corporate_park,528800,165,0,1861000,2350100,1821300,0
2022-10-06,ATM004,rural_branch,311300,97,0,0,621300,310000,0
2022-10-06,ATM005,transit_hub,790000,247,0,0,2081700,1291700,0
2022-10-07,ATM001,metro_retail,1439500,450,0,2486000,3540100,2100600,0
2022-10-07,ATM002,urban_residential,673700,211,0,1343000,2029800,1356100,0
2022-10-07,ATM003,corporate_park,767700,240,0,0,1821300,1053500,0
2022-10-07,ATM004,rural_branch,464200,145,0,960000,1270000,805900,0
2022-10-07,ATM005,transit_hub,1258800,393,0,0,1291700,33000,0
2022-10-08,ATM001,metro_retail,1605300,502,0,0,2100600,495300,0
2022-10-08,ATM002,urban_residential,982700,307,0,0,1356100,373400,0
2022-10-08,ATM003,corporate_park,1034300,323,0,0,1053500,19200,0
2022-10-08,ATM004,rural_branch,649600,203,0,0,805900,156300,0
2022-10-08,ATM005,transit_hub,1556900,487,0,3647000,3680000,2123000,0
2022-10-09,ATM001,metro_retail,1277000,399,0,3045000,3540300,2263300,0
2022-10-09,ATM002,urban_residential,736300,230,0,1657000,2030400,1294100,0
2022-10-09,ATM003,corporate_park,669800,209,0,2331000,2350200,1680400,0
2022-10-09,ATM004,rural_branch,542500,170,0,1114000,1270300,727800,0
2022-10-09,ATM005,transit_hub,1209200,378,0,0,2123000,913800,0
2022-10-10,ATM001,metro_retail,1003300,314,0,0,2263300,1260000,0
2022-10-10,ATM002,urban_residential,636900,199,0,0,1294100,657200,0
2022-10-10,ATM003,corporate_park,664400,208,0,0,1680400,1016000,0
2022-10-10,ATM004,rural_branch,476400,149,0,0,727800,251500,0
2022-10-10,ATM005,transit_hub,1004300,314,0,2766000,3679800,2675600,0
2022-10-11,ATM001,metro_retail,827100,258,0,0,1260000,433000,0
2022-10-11,ATM002,urban_residential,430100,134,0,1373000,2030200,1600100,0
2022-10-11,ATM003,corporate_park,471800,147,0,0,1016000,544200,0
2022-10-11,ATM004,rural_branch,297200,93,0,1019000,1270500,973300,0
2022-10-11,ATM005,transit_hub,829600,259,0,0,2675600,1846000,0
2022-10-12,ATM001,metro_retail,873700,273,0,3107000,3540000,2666300,0
2022-10-12,ATM002,urban_residential,436100,136,0,0,1600100,1163900,0
2022-10-12,ATM003,corporate_park,478800,150,0,1806000,2350200,1871400,0
2022-10-12,ATM004,rural_branch,320400,100,0,0,973300,652900,0
2022-10-12,ATM005,transit_hub,720900,225,0,0,1846000,1125000,0
2022-10-13,ATM001,metro_retail,855600,267,0,0,2666300,1810700,0
2022-10-13,ATM002,urban_residential,482900,151,0,0,1163900,681000,0
2022-10-13,ATM003,corporate_park,552900,173,0,0,1871400,1318500,0
2022-10-13,ATM004,rural_branch,384000,120,0,0,652900,268800,0
2022-10-13,ATM005,transit_hub,875500,274,0,2555000,3680000,2804500,0
2022-10-14,ATM001,metro_retail,1152100,360,0,0,1810700,658700,0
2022-10-14,ATM002,urban_residential,642400,201,0,1349000,2030000,1387600,0
2022-10-14,ATM003,corporate_park,805500,252,0,0,1318500,513000,0
2022-10-14,ATM004,rural_branch,392500,123,0,1001000,1269800,877300,0
2022-10-14,ATM005,transit_hub,1253800,392,0,0,2804500,1550700,0
2022-10-15,ATM001,metro_retail,1676400,524,0,2881000,3539700,1863300,0
2022-10-15,ATM002,urban_residential,893600,279,0,0,1387600,494000,0
2022-10-15,ATM003,corporate_park,1082500,338,0,1837000,2350000,1267500,0
2022-10-15,ATM004,rural_branch,586500,183,0,0,877300,290800,0
2022-10-15,ATM005,transit_hub,1550700,485,0,0,1550700,0,1
2022-10-16,ATM001,metro_retail,1175200,367,0,0,1863300,688100,0
2022-10-16,ATM002,urban_residential,712100,223,0,1536000,2030000,1317900,0
2022-10-16,ATM003,corporate_park,985500,308,0,0,1267500,282000,0
2022-10-16,ATM004,rural_branch,527900,165,0,979000,1269800,742000,0
2022-10-16,ATM005,transit_hub,1449900,453,0,3680000,3680000,2230100,0
2022-10-17,ATM001,metro_retail,1053500,329,0,2852000,3540100,2486600,0
2022-10-17,ATM002,urban_residential,575500,180,0,0,1317900,742400,0
2022-10-17,ATM003,corporate_park,655900,205,0,2068000,2350000,1694100,0
2022-10-17,ATM004,rural_branch,368600,115,0,0,742000,373300,0
2022-10-17,ATM005,transit_hub,1107600,346,0,0,2230100,1122500,0
2022-10-18,ATM001,metro_retail,754900,236,0,0,2486600,1731700,0
2022-10-18,ATM002,urban_residential,425800,133,0,0,742400,316600,0
2022-10-18,ATM003,corporate_park,500400,156,0,0,1694100,1193700,0
2022-10-18,ATM004,rural_branch,288000,90,0,897000,1270300,982300,0
2022-10-18,ATM005,transit_hub,905300,283,0,2558000,3680500,2775200,0
2022-10-19,ATM001,metro_retail,740000,231,0,0,1731700,991700,0
2022-10-19,ATM002,urban_residential,445600,139,0,1713000,2029600,1584000,0
2022-10-19,ATM003,corporate_park,535700,167,0,0,1193700,658000,0
2022-10-19,ATM004,rural_branch,274500,86,0,0,982300,707800,0
2022-10-19,ATM005,transit_hub,862500,270,0,0,2775200,1912700,0
2022-10-20,ATM001,metro_retail,775700,242,0,2548000,3539700,2764000,0
2022-10-20,ATM002,urban_residential,390300,122,0,0,1584000,1193700,0
2022-10-20,ATM003,corporate_park,531800,166,0,1692000,2350000,1818200,0
2022-10-20,ATM004,rural_branch,321200,100,0,0,707800,386600,0
2022-10-20,ATM005,transit_hub,868600,271,0,0,1912700,1044200,0
2022-10-21,ATM001,metro_retail,1149100,359,0,0,2764000,1614900,0
2022-10-21,ATM002,urban_residential,627300,196,0,0,1193700,566300,0
2022-10-21,ATM003,corporate_park,779200,244,0,0,1818200,1038900,0
2022-10-21,ATM004,rural_branch,414600,130,0,883000,1269600,855000,0
2022-10-21,ATM005,transit_hub,1216500,380,0,2636000,3680200,2463600,0
2022-10-22,ATM001,metro_retail,1614900,505,0,0,1614900,0,1
2022-10-22,ATM002,urban_residential,855000,267,0,1464000,2030300,1175300,0
2022-10-22,ATM003,corporate_park,665700,208,0,0,1038900,373200,0
2022-10-22,ATM004,rural_branch,522100,163,0,0,855000,332900,0
2022-10-22,ATM005,transit_hub,1675400,524,0,0,2463600,788300,0
2022-10-23,ATM001,metro_retail,1233500,385,0,3540000,3540000,2306500,0
2022-10-23,ATM002,urban_residential,723100,226,0,0,1175300,452200,0
2022-10-23,ATM003,corporate_park,851300,266,0,1977000,2350200,1499000,0
2022-10-23,ATM004,rural_branch,534800,167,0,937000,1269900,735200,0
2022-10-23,ATM005,transit_hub,1425400,445,0,2892000,3680300,2254900,0
2022-10-24,ATM001,metro_retail,1443300,451,1,0,2306500,863200,0
2022-10-24,ATM002,urban_residential,817000,255,1,1578000,2030200,1213100,0
2022-10-24,ATM003,corporate_park,1004700,314,1,0,1499000,494300,0
2022-10-24,ATM004,rural_branch,613700,192,1,0,735200,121500,0
2022-10-24,ATM005,transit_hub,1490700,466,1,0,2254900,764100,0
2022-10-25,ATM001,metro_retail,829100,259,0,2677000,3540200,2711100,0
2022-10-25,ATM002,urban_residential,419700,131,0,0,1213100,793400,0
2022-10-25,ATM003,corporate_park,496500,155,0,1856000,2350300,1853700,0
2022-10-25,ATM004,rural_branch,331900,104,0,1149000,1270500,938600,0
2022-10-25,ATM005,transit_hub,894200,279,0,2916000,3680100,2786000,0
2022-10-26,ATM001,metro_retail,781700,244,0,0,2711100,1929300,0
2022-10-26,ATM002,urban_residential,445500,139,0,0,793400,347900,0
2022-10-26,ATM003,corporate_park,452400,141,0,0,1853700,1401300,0
2022-10-26,ATM004,rural_branch,309400,97,0,0,938600,629200,0
2022-10-26,ATM005,transit_hub,782700,245,0,0,2786000,2003200,0
2022-10-27,ATM001,metro_retail,897500,280,0,0,1929300,1031900,0
2022-10-27,ATM002,urban_residential,507700,159,0,1682000,2029900,1522200,0
2022-10-27,ATM003,corporate_park,580500,181,0,0,1401300,820700,0
2022-10-27,ATM004,rural_branch,340700,106,0,0,629200,288500,0
2022-10-27,ATM005,transit_hub,968400,303,0,0,2003200,1034800,0
2022-10-28,ATM001,metro_retail,1286400,402,0,2508000,3539900,2253500,0
2022-10-28,ATM002,urban_residential,592000,185,0,0,1522200,930200,0
2022-10-28,ATM003,corporate_park,624800,195,0,0,820700,195900,0
2022-10-28,ATM004,rural_branch,490100,153,0,981000,1269500,779500,0
2022-10-28,ATM005,transit_hub,1251000,391,0,2645000,3679800,2428800,0
2022-10-29,ATM001,metro_retail,2091900,654,0,0,2253500,161600,0
2022-10-29,ATM002,urban_residential,930200,291,0,0,930200,0,1
2022-10-29,ATM003,corporate_park,1638600,512,0,2154000,2349900,711300,0
2022-10-29,ATM004,rural_branch,705100,220,0,0,779500,74400,0
2022-10-29,ATM005,transit_hub,1994700,623,0,0,2428800,434100,0
2022-10-30,ATM001,metro_retail,1607100,502,0,3378000,3539600,1932500,0
2022-10-30,ATM002,urban_residential,1044300,326,0,2030000,2030000,985700,0
2022-10-30,ATM003,corporate_park,1179300,369,0,1639000,2350300,1171000,0
2022-10-30,ATM004,rural_branch,637400,199,0,1196000,1270400,632900,0
2022-10-30,ATM005,transit_hub,1799700,562,0,3246000,3680100,1880400,0
2022-10-31,ATM001,metro_retail,1336300,418,0,0,1932500,596200,0
2022-10-31,ATM002,urban_residential,752700,235,0,0,985700,233000,0
2022-10-31,ATM003,corporate_park,877500,274,0,0,1171000,293500,0
2022-10-31,ATM004,rural_branch,523300,164,0,0,632900,109600,0
2022-10-31,ATM005,transit_hub,1608100,503,0,0,1880400,272200,0
2022-11-01,ATM001,metro_retail,1227300,384,0,2944000,3540200,2312900,0
2022-11-01,ATM002,urban_residential,643800,201,0,1797000,2030000,1386200,0
2022-11-01,ATM003,corporate_park,888900,278,0,2057000,2350500,1461600,0
2022-11-01,ATM004,rural_branch,479900,150,0,1160000,1269600,789700,0
2022-11-01,ATM005,transit_hub,1135000,355,0,3408000,3680200,2545200,0
2022-11-02,ATM001,metro_retail,1041600,325,0,0,2312900,1271300,0
2022-11-02,ATM002,urban_residential,580400,181,0,0,1386200,805900,0
2022-11-02,ATM003,corporate_park,664500,208,0,0,1461600,797100,0
2022-11-02,ATM004,rural_branch,423700,132,0,0,789700,366100,0
2022-11-02,ATM005,transit_hub,964900,302,0,0,2545200,1580300,0
2022-11-03,ATM001,metro_retail,1004100,314,0,0,1271300,267200,0
2022-11-03,ATM002,urban_residential,572900,179,0,0,805900,232900,0
2022-11-03,ATM003,corporate_park,617600,193,0,1553000,2350100,1732500,0
2022-11-03,ATM004,rural_branch,400300,125,0,904000,1270100,869800,0
2022-11-03,ATM005,transit_hub,1084200,339,0,0,1580300,496000,0
2022-11-04,ATM001,metro_retail,1316400,411,0,3273000,3540200,2223800,0
2022-11-04,ATM002,urban_residential,648800,203,0,1797000,2029900,1381100,0
2022-11-04,ATM003,corporate_park,824000,258,0,0,1732500,908500,0
2022-11-04,ATM004,rural_branch,446800,140,0,0,869800,422900,0
2022-11-04,ATM005,transit_hub,1365400,427,0,3184000,3680000,2314600,0
2022-11-05,ATM001,metro_retail,1572500,491,0,0,2223800,651400,0
2022-11-05,ATM002,urban_residential,744300,233,0,0,1381100,636800,0
2022-11-05,ATM003,corporate_park,819800,256,0,0,908500,88600,0
2022-11-05,ATM004,rural_branch,610400,191,0,847000,1269900,659600,0
2022-11-05,ATM005,transit_hub,1837100,574,0,0,2314600,477500,0
2022-11-06,ATM001,metro_retail,1305600,408,0,2889000,3540400,2234700,0
2022-11-06,ATM002,urban_residential,714200,223,0,1393000,2029800,1315600,0
2022-11-06,ATM003,corporate_park,863500,270,0,2261000,2349600,1486100,0
2022-11-06,ATM004,rural_branch,459900,144,0,0,659600,199700,0
2022-11-06,ATM005,transit_hub,1505200,470,0,3202000,3679500,2174300,0
2022-11-07,ATM001,metro_retail,1141800,357,0,0,2234700,1092900,0
2022-11-07,ATM002,urban_residential,543300,170,0,0,1315600,772300,0
2022-11-07,ATM003,corporate_park,800400,250,0,0,1486100,685700,0
2022-11-07,ATM004,rural_branch,469700,147,0,1070000,1269700,800000,0
2022-11-07,ATM005,transit_hub,1024500,320,0,0,2174300,1149800,0
2022-11-08,ATM001,metro_retail,874900,273,0,2447000,3539900,2665000,0
2022-11-08,ATM002,urban_residential,489600,153,0,0,772300,282700,0
2022-11-08,ATM003,corporate_park,542400,170,0,1664000,2349700,1807300,0
2022-11-08,ATM004,rural_branch,326100,102,0,0,800000,473900,0
2022-11-08,ATM005,transit_hub,816400,255,0,2530000,3679800,2863400,0
2022-11-09,ATM001,metro_retail,812800,254,0,0,2665000,1852200,0
2022-11-09,ATM002,urban_residential,470400,147,0,1747000,2029700,1559300,0
2022-11-09,ATM003,corporate_park,421700,132,0,0,1807300,1385600,0
2022-11-09,ATM004,rural_branch,323400,101,0,0,473900,150500,0
2022-11-09,ATM005,transit_hub,789600,247,0,0,2863400,2073900,0
2022-11-10,ATM001,metro_retail,859500,269,0,0,1852200,992700,0
2022-11-10,ATM002,urban_residential,433700,136,0,0,1559300,1125600,0
2022-11-10,ATM003,corporate_park,545800,171,0,0,1385600,839800,0
2022-11-10,ATM004,rural_branch,361800,113,0,1119000,1269500,907700,0
2022-11-10,ATM005,transit_hub,873800,273,0,0,2073900,1200100,0
2022-11-11,ATM001,metro_retail,1285300,402,0,2547000,3539700,2254400,0
2022-11-11,ATM002,urban_residential,691900,216,0,0,1125600,433700,0
2022-11-11,ATM003,corporate_park,743400,232,0,0,839800,96400,0
2022-11-11,ATM004,rural_branch,503800,157,0,0,907700,403900,0
2022-11-11,ATM005,transit_hub,1132200,354,0,2480000,3680100,2547900,0
2022-11-12,ATM001,metro_retail,2254400,705,1,0,2254400,0,1
2022-11-12,ATM002,urban_residential,1494200,467,1,1596000,2029700,535400,0
2022-11-12,ATM003,corporate_park,1289000,403,1,2254000,2350400,1061400,0
2022-11-12,ATM004,rural_branch,716100,224,1,866000,1269900,553800,0
2022-11-12,ATM005,transit_hub,2297300,718,1,0,2547900,250600,0
2022-11-13,ATM001,metro_retail,1456200,455,0,3540000,3540000,2083800,0
2022-11-13,ATM002,urban_residential,719500,225,0,1495000,2030400,1311000,0
2022-11-13,ATM003,corporate_park,664800,208,0,0,1061400,396600,0
2022-11-13,ATM004,rural_branch,528900,165,0,0,553800,24900,0
2022-11-13,ATM005,transit_hub,1261900,394,0,3429000,3679600,2417700,0
2022-11-14,ATM001,metro_retail,1081100,338,0,0,2083800,1002600,0
2022-11-14,ATM002,urban_residential,620500,194,0,0,1311000,690400,0
2022-11-14,ATM003,corporate_park,587500,184,0,1953000,2349600,1762100,0
2022-11-14,ATM004,rural_branch,340600,106,0,1245000,1269900,929300,0
2022-11-14,ATM005,transit_hub,1330000,416,0,0,2417700,1087700,0
2022-11-15,ATM001,metro_retail,847000,265,0,2537000,3539600,2692700,0
2022-11-15,ATM002,urban_residential,505100,158,0,1340000,2030400,1525300,0
2022-11-15,ATM003,corporate_park,543900,170,0,0,1762100,1218300,0
2022-11-15,ATM004,rural_branch,302400,94,0,0,929300,627000,0
2022-11-15,ATM005,transit_hub,920600,288,0,2592000,3679700,2759100,0
2022-11-16,ATM001,metro_retail,1003400,314,0,0,2692700,1689300,0
2022-11-16,ATM002,urban_residential,437200,137,0,0,1525300,1088200,0
2022-11-16,ATM003,corporate_park,532000,166,0,0,1218300,686300,0
2022-11-16,ATM004,rural_branch,291200,91,0,0,627000,335700,0
2022-11-16,ATM005,transit_hub,787900,246,0,0,2759100,1971200,0
2022-11-17,ATM001,metro_retail,817100,255,0,0,1689300,872200,0
2022-11-17,ATM002,urban_residential,424600,133,0,0,1088200,663600,0
2022-11-17,ATM003,corporate_park,686800,215,0,1664000,2350300,1663400,0
2022-11-17,ATM004,rural_branch,369300,115,0,934000,1269700,900400,0
2022-11-17,ATM005,transit_hub,803400,251,0,0,1971200,1167800,0
2022-11-18,ATM001,metro_retail,1208100,378,0,2668000,3540200,2332100,0
2022-11-18,ATM002,urban_residential,629600,197,0,1366000,2029600,1400000,0
2022-11-18,ATM003,corporate_park,812400,254,0,0,1663400,851000,0
2022-11-18,ATM004,rural_branch,472100,148,0,0,900400,428300,0
2022-11-18,ATM005,transit_hub,1335600,417,0,2512000,3679800,2344200,0
2022-11-19,ATM001,metro_retail,1550000,484,0,0,2332100,782100,0
2022-11-19,ATM002,urban_residential,845200,264,0,0,1400000,554700,0
2022-11-19,ATM003,corporate_park,851000,266,0,0,851000,0,1
2022-11-19,ATM004,rural_branch,611200,191,0,842000,1270300,659000,0
2022-11-19,ATM005,transit_hub,1698800,531,0,0,2344200,645500,0
2022-11-20,ATM001,metro_retail,1479200,462,0,2758000,3540100,2060800,0
2022-11-20,ATM002,urban_residential,639600,200,0,1475000,2029700,1390100,0
2022-11-20,ATM003,corporate_park,788600,246,0,2350000,2350000,1561400,0
2022-11-20,ATM004,rural_branch,619200,193,0,0,659000,39900,0
2022-11-20,ATM005,transit_hub,1524000,476,0,3035000,3680500,2156500,0
2022-11-21,ATM001,metro_retail,1066300,333,0,0,2060800,994500,0
2022-11-21,ATM002,urban_residential,588500,184,0,0,1390100,801600,0
2022-11-21,ATM003,corporate_park,720900,225,0,0,1561400,840600,0
2022-11-21,ATM004,rural_branch,403100,126,0,1230000,1269900,866700,0
2022-11-21,ATM005,transit_hub,1136900,355,0,0,2156500,1019600,0
2022-11-22,ATM001,metro_retail,757000,237,0,2545000,3539500,2782500,0
2022-11-22,ATM002,urban_residential,438100,137,0,0,801600,363500,0
2022-11-22,ATM003,corporate_park,546900,171,0,0,840600,293700,0
2022-11-22,ATM004,rural_branch,275400,86,0,0,866700,591300,0
2022-11-22,ATM005,transit_hub,803100,251,0,2660000,3679600,2876500,0
2022-11-23,ATM001,metro_retail,815200,255,0,0,2782500,1967300,0
2022-11-23,ATM002,urban_residential,459400,144,0,1667000,2030500,1571100,0
2022-11-23,ATM003,corporate_park,498200,156,0,2056000,2349700,1851400,0
2022-11-23,ATM004,rural_branch,257200,80,0,0,591300,334200,0
2022-11-23,ATM005,transit_hub,775600,242,0,0,2876500,2100900,0
2022-11-24,ATM001,metro_retail,908500,284,0,0,1967300,1058800,0
2022-11-24,ATM002,urban_residential,445900,139,0,0,1571100,1125200,0
2022-11-24,ATM003,corporate_park,548000,171,0,0,1851400,1303400,0
2022-11-24,ATM004,rural_branch,301200,94,0,936000,1270200,969000,0
2022-11-24,ATM005,transit_hub,835400,261,0,0,2100900,1265500,0
2022-11-25,ATM001,metro_retail,1213600,379,0,2481000,3539800,2326200,0
2022-11-25,ATM002,urban_residential,808200,253,0,0,1125200,317100,0
2022-11-25,ATM003,corporate_park,838300,262,0,0,1303400,465200,0
2022-11-25,ATM004,rural_branch,462600,145,0,0,969000,506400,0
2022-11-25,ATM005,transit_hub,1198900,375,0,2414000,3679500,2480700,0
2022-11-26,ATM001,metro_retail,1504300,470,0,0,2326200,821900,0
2022-11-26,ATM002,urban_residential,774400,242,0,1713000,2030100,1255600,0
2022-11-26,ATM003,corporate_park,1163500,364,0,1885000,2350200,1186600,0
2022-11-26,ATM004,rural_branch,506400,158,0,0,506400,0,1
2022-11-26,ATM005,transit_hub,1714400,536,0,0,2480700,766200,0
2022-11-27,ATM001,metro_retail,1286300,402,0,2718000,3539900,2253600,0
2022-11-27,ATM002,urban_residential,705200,220,0,0,1255600,550400,0
2022-11-27,ATM003,corporate_park,820200,256,0,0,1186600,366500,0
2022-11-27,ATM004,rural_branch,542000,169,0,1270000,1270000,728000,0
2022-11-27,ATM005,transit_hub,1330100,416,0,2914000,3680200,2350100,0
2022-11-28,ATM001,metro_retail,1318500,412,0,0,2253600,935100,0
2022-11-28,ATM002,urban_residential,775200,242,0,1480000,2030400,1255200,0
2022-11-28,ATM003,corporate_park,862900,270,0,1984000,2350500,1487600,0
2022-11-28,ATM004,rural_branch,528500,165,0,0,728000,199500,0
2022-11-28,ATM005,transit_hub,1472100,460,0,0,2350100,878000,0
2022-11-29,ATM001,metro_retail,1075000,336,0,2605000,3540100,2465100,0
2022-11-29,ATM002,urban_residential,687700,215,0,0,1255200,567500,0
2022-11-29,ATM003,corporate_park,704400,220,0,0,1487600,783200,0
2022-11-29,ATM004,rural_branch,367000,115,0,1070000,1269500,902500,0
2022-11-29,ATM005,transit_hub,1152400,360,0,2802000,3680000,2527600,0
2022-11-30,ATM001,metro_retail,1012200,316,0,0,2465100,1453000,0
2022-11-30,ATM002,urban_residential,540000,169,0,1462000,2029500,1489600,0
2022-11-30,ATM003,corporate_park,600200,188,0,1567000,2350200,1750000,0
2022-11-30,ATM004,rural_branch,389000,122,0,0,902500,513600,0
2022-11-30,ATM005,transit_hub,1031600,322,0,0,2527600,1496000,0
2022-12-01,ATM001,metro_retail,1334100,417,0,0,1453000,118900,0
2022-12-01,ATM002,urban_residential,757400,237,0,0,1489600,732200,0
2022-12-01,ATM003,corporate_park,638800,200,0,0,1750000,1111200,0
2022-12-01,ATM004,rural_branch,502600,157,0,0,513600,11000,0
2022-12-01,ATM005,transit_hub,1394000,436,0,0,1496000,102000,0
2022-12-02,ATM001,metro_retail,1579600,494,0,3421000,3539900,1960300,0
2022-12-02,ATM002,urban_residential,732200,229,0,0,732200,0,1
2022-12-02,ATM003,corporate_park,1062600,332,0,0,1111200,48600,0
2022-12-02,ATM004,rural_branch,580700,181,0,1259000,1270000,689300,0
2022-12-02,ATM005,transit_hub,1730700,541,0,3578000,3680000,1949300,0
2022-12-03,ATM001,metro_retail,1826100,571,0,0,1960300,134200,0
2022-12-03,ATM002,urban_residential,1191200,372,0,2030000,2030000,838800,0
2022-12-03,ATM003,corporate_park,1113900,348,0,2301000,2349600,1235700,0
2022-12-03,ATM004,rural_branch,689300,215,0,0,689300,0,1
2022-12-03,ATM005,transit_hub,1949300,609,0,0,1949300,0,1
2022-12-04,ATM001,metro_retail,1286900,402,0,3406000,3540200,2253400,0
2022-12-04,ATM002,urban_residential,757500,237,0,0,838800,81300,0
2022-12-04,ATM003,corporate_park,923000,288,0,0,1235700,312600,0
2022-12-04,ATM004,rural_branch,483600,151,0,1270000,1270000,786400,0
2022-12-04,ATM005,transit_hub,1388700,434,0,3680000,3680000,2291300,0
2022-12-05,ATM001,metro_retail,1130400,353,0,0,2253400,1122900,0
2022-12-05,ATM002,urban_residential,664000,208,0,1949000,2030300,1366300,0
2022-12-05,ATM003,corporate_park,665500,208,0,2037000,2349600,1684100,0
2022-12-05,ATM004,rural_branch,418700,131,0,0,786400,367700,0
2022-12-05,ATM005,transit_hub,1123600,351,0,0,2291300,1167700,0
2022-12-06,ATM001,metro_retail,798900,250,0,2417000,3539900,2741000,0
2022-12-06,ATM002,urban_residential,508500,159,0,0,1366300,857800,0
2022-12-06,ATM003,corporate_park,592800,185,0,0,1684100,1091300,0
2022-12-06,ATM004,rural_branch,351500,110,0,902000,1269700,918100,0
2022-12-06,ATM005,transit_hub,779900,244,0,2512000,3679700,2899800,0
2022-12-07,ATM001,metro_retail,1018200,318,0,0,2741000,1722800,0
2022-12-07,ATM002,urban_residential,468500,146,0,0,857800,389300,0
2022-12-07,ATM003,corporate_park,490400,153,0,0,1091300,600900,0
2022-12-07,ATM004,rural_branch,336900,105,0,0,918100,581200,0
2022-12-07,ATM005,transit_hub,847300,265,0,0,2899800,2052500,0
2022-12-08,ATM001,metro_retail,907900,284,0,0,1722800,814900,0
2022-12-08,ATM002,urban_residential,564900,177,0,1641000,2030300,1465400,0
2022-12-08,ATM003,corporate_park,594500,186,0,1749000,2349900,1755400,0
2022-12-08,ATM004,rural_branch,290300,91,0,0,581200,290900,0
2022-12-08,ATM005,transit_hub,907900,284,0,0,2052500,1144600,0
2022-12-09,ATM001,metro_retail,1156600,361,0,2725000,3539900,2383300,0
2022-12-09,ATM002,urban_residential,606700,190,0,0,1465400,858800,0
2022-12-09,ATM003,corporate_park,650400,203,0,0,1755400,1105000,0
2022-12-09,ATM004,rural_branch,463000,145,0,979000,1269900,806900,0
2022-12-09,ATM005,transit_hub,1333000,417,0,2535000,3679600,2346600,0
2022-12-10,ATM001,metro_retail,1543700,482,0,0,2383300,839600,0
2022-12-10,ATM002,urban_residential,852300,266,0,0,858800,6500,0
2022-12-10,ATM003,corporate_park,1036300,324,0,0,1105000,68700,0
2022-12-10,ATM004,rural_branch,605000,189,0,0,806900,201900,0
2022-12-10,ATM005,transit_hub,1596600,499,0,0,2346600,750000,0
2022-12-11,ATM001,metro_retail,1366900,427,0,2700000,3539600,2172700,0
2022-12-11,ATM002,urban_residential,855900,267,0,2024000,2030500,1174600,0
2022-12-11,ATM003,corporate_park,803000,251,0,2281000,2349700,1546600,0
2022-12-11,ATM004,rural_branch,477500,149,0,1068000,1269900,792400,0
2022-12-11,ATM005,transit_hub,1450100,453,0,2930000,3680000,2229900,0
2022-12-12,ATM001,metro_retail,972700,304,0,0,2172700,1200100,0
2022-12-12,ATM002,urban_residential,540100,169,0,0,1174600,634500,0
2022-12-12,ATM003,corporate_park,712700,223,0,0,1546600,833900,0
2022-12-12,ATM004,rural_branch,348600,109,0,0,792400,443800,0
2022-12-12,ATM005,transit_hub,1088900,340,0,0,2229900,1141000,0
2022-12-13,ATM001,metro_retail,954800,298,0,2340000,3540100,2585300,0
2022-12-13,ATM002,urban_residential,429500,134,0,1395000,2029500,1600000,0
2022-12-13,ATM003,corporate_park,501900,157,0,0,833900,332000,0
2022-12-13,ATM004,rural_branch,292900,92,0,0,443800,150800,0
2022-12-13,ATM005,transit_hub,785600,245,0,2539000,3680000,2894400,0
2022-12-14,ATM001,metro_retail,758900,237,0,0,2585300,1826400,0
2022-12-14,ATM002,urban_residential,450100,141,0,0,1600000,1149800,0
2022-12-14,ATM003,corporate_park,512300,160,0,2018000,2350000,1837700,0
2022-12-14,ATM004,rural_branch,324000,101,0,1119000,1269800,945800,0
2022-12-14,ATM005,transit_hub,825400,258,0,0,2894400,2069000,0
2022-12-15,ATM001,metro_retail,1011500,316,0,0,1826400,814900,0
2022-12-15,ATM002,urban_residential,522700,163,0,0,1149800,627200,0
2022-12-15,ATM003,corporate_park,618300,193,0,0,1837700,1219400,0
2022-12-15,ATM004,rural_branch,394200,123,0,0,945800,551600,0
2022-12-15,ATM005,transit_hub,1010500,316,0,0,2069000,1058500,0
2022-12-16,ATM001,metro_retail,1355700,424,0,2725000,3539900,2184200,0
2022-12-16,ATM002,urban_residential,674900,211,0,1403000,2030200,1355200,0
2022-12-16,ATM003,corporate_park,780200,244,0,0,1219400,439200,0
2022-12-16,ATM004,rural_branch,518300,162,0,0,551600,33300,0
2022-12-16,ATM005,transit_hub,1175600,367,0,2622000,3680500,2504900,0
2022-12-17,ATM001,metro_retail,1614500,505,0,0,2184200,569700,0
2022-12-17,ATM002,urban_residential,827600,259,0,0,1355200,527600,0
2022-12-17,ATM003,corporate_park,991700,310,0,1911000,2350200,1358500,0
2022-12-17,ATM004,rural_branch,598400,187,0,1237000,1270300,671900,0
2022-12-17,ATM005,transit_hub,1552400,485,0,0,2504900,952400,0
2022-12-18,ATM001,metro_retail,1270600,397,0,2970000,3539700,2269100,0
2022-12-18,ATM002,urban_residential,765300,239,0,1502000,2029600,1264300,0
2022-12-18,ATM003,corporate_park,954800,298,0,0,1358500,403600,0
2022-12-18,ATM004,rural_branch,634400,198,0,0,671900,37500,0
2022-12-18,ATM005,transit_hub,1340300,419,0,2728000,3680400,2340100,0
2022-12-19,ATM001,metro_retail,1028300,321,0,0,2269100,1240800,0
2022-12-19,ATM002,urban_residential,595000,186,0,0,1264300,669300,0
2022-12-19,ATM003,corporate_park,623100,195,0,1946000,2349600,1726500,0
2022-12-19,ATM004,rural_branch,363900,114,0,1232000,1269500,905600,0
2022-12-19,ATM005,transit_hub,1126800,352,0,0,2340100,1213400,0
2022-12-20,ATM001,metro_retail,847300,265,0,0,1240800,393500,0
2022-12-20,ATM002,urban_residential,499600,156,0,1361000,2030300,1530700,0
2022-12-20,ATM003,corporate_park,588400,184,0,0,1726500,1138100,0
2022-12-20,ATM004,rural_branch,318600,100,0,0,905600,587000,0
2022-12-20,ATM005,transit_hub,744000,233,0,2467000,3680400,2936400,0
2022-12-21,ATM001,metro_retail,850000,266,0,3146000,3539500,2689600,0
2022-12-21,ATM002,urban_residential,456800,143,0,0,1530700,1073900,0
2022-12-21,ATM003,corporate_park,466900,146,0,0,1138100,671100,0
2022-12-21,ATM004,rural_branch,290400,91,0,0,587000,296600,0
2022-12-21,ATM005,transit_hub,843800,264,0,0,2936400,2092600,0
2022-12-22,ATM001,metro_retail,886900,277,0,0,2689600,1802700,0
2022-12-22,ATM002,urban_residential,422100,132,0,0,1073900,651800,0
2022-12-22,ATM003,corporate_park,599200,187,0,1679000,2350100,1750900,0
2022-12-22,ATM004,rural_branch,384000,120,0,973000,1269600,885600,0
2022-12-22,ATM005,transit_hub,910600,285,0,0,2092600,1182000,0
2022-12-23,ATM001,metro_retail,1143400,357,0,0,1802700,659300,0
2022-12-23,ATM002,urban_residential,658800,206,0,1378000,2029800,1371100,0
2022-12-23,ATM003,corporate_park,930900,291,0,0,1750900,820000,0
2022-12-23,ATM004,rural_branch,461900,144,0,0,885600,423700,0
2022-12-23,ATM005,transit_hub,1264100,395,0,2498000,3680000,2415900,0
2022-12-24,ATM001,metro_retail,1631400,510,0,2881000,3540300,1908900,0
2022-12-24,ATM002,urban_residential,835600,261,0,0,1371100,535400,0
2022-12-24,ATM003,corporate_park,887400,277,0,1530000,2350000,1462600,0
2022-12-24,ATM004,rural_branch,543000,170,0,846000,1269700,726700,0
2022-12-24,ATM005,transit_hub,1558000,487,0,0,2415900,857900,0
2022-12-25,ATM001,metro_retail,1686300,527,1,0,1908900,222600,0
2022-12-25,ATM002,urban_residential,1077100,337,1,1495000,2030400,953300,0
2022-12-25,ATM003,corporate_park,879300,275,1,0,1462600,583300,0
2022-12-25,ATM004,rural_branch,695300,217,1,0,726700,31400,0
2022-12-25,ATM005,transit_hub,1855800,580,1,2822000,3679900,1824200,0
2022-12-26,ATM001,metro_retail,918200,287,0,3317000,3539600,2621400,0
2022-12-26,ATM002,urban_residential,506500,158,0,0,953300,446800,0
2022-12-26,ATM003,corporate_park,665500,208,0,1767000,2350300,1684800,0
2022-12-26,ATM004,rural_branch,354600,111,0,1239000,1270400,915800,0
2022-12-26,ATM005,transit_hub,1017600,318,0,0,1824200,806500,0
2022-12-27,ATM001,metro_retail,796200,249,0,0,2621400,1825300,0
2022-12-27,ATM002,urban_residential,468000,146,0,1583000,2029800,1561700,0
2022-12-27,ATM003,corporate_park,487600,152,0,0,1684800,1197200,0
2022-12-27,ATM004,rural_branch,279800,87,0,0,915800,635900,0
2022-12-27,ATM005,transit_hub,788500,246,0,2873000,3679500,2891000,0
2022-12-28,ATM001,metro_retail,741000,232,0,0,1825300,1084300,0
2022-12-28,ATM002,urban_residential,414700,130,0,0,1561700,1147000,0
2022-12-28,ATM003,corporate_park,460000,144,0,0,1197200,737200,0
2022-12-28,ATM004,rural_branch,326900,102,0,0,635900,309000,0
2022-12-28,ATM005,transit_hub,880900,275,0,0,2891000,2010100,0
2022-12-29,ATM001,metro_retail,1191800,372,0,2456000,3540300,2348500,0
2022-12-29,ATM002,urban_residential,655300,205,0,0,1147000,491700,0
2022-12-29,ATM003,corporate_park,678800,212,0,1613000,2350200,1671400,0
2022-12-29,ATM004,rural_branch,429800,134,0,961000,1270000,840200,0
2022-12-29,ATM005,transit_hub,1043400,326,0,0,2010100,966700,0
2022-12-30,ATM001,metro_retail,1819200,568,0,0,2348500,529300,0
2022-12-30,ATM002,urban_residential,902900,282,0,1538000,2029700,1126800,0
2022-12-30,ATM003,corporate_park,934900,292,0,0,1671400,736500,0
2022-12-30,ATM004,rural_branch,653000,204,0,0,840200,187100,0
2022-12-30,ATM005,transit_hub,1536900,480,0,2713000,3679700,2142800,0
2022-12-31,ATM001,metro_retail,3196900,999,1,3011000,3540300,343300,0
2022-12-31,ATM002,urban_residential,1126800,352,1,0,1126800,0,1
2022-12-31,ATM003,corporate_park,1904400,595,1,1614000,2350500,446000,0
2022-12-31,ATM004,rural_branch,969800,303,1,1083000,1270100,300400,0
2022-12-31,ATM005,transit_hub,2142800,670,1,0,2142800,0,1
2023-01-01,ATM001,metro_retail,2273600,711,1,3197000,3540300,1266700,0
2023-01-01,ATM002,urban_residential,1363000,426,1,2030000,2030000,667000,0
2023-01-01,ATM003,corporate_park,1582100,494,1,1904000,2350000,767900,0
2023-01-01,ATM004,rural_branch,1035900,324,1,970000,1270400,234500,0
2023-01-01,ATM005,transit_hub,2561000,800,1,3680000,3680000,1119000,0
2023-01-02,ATM001,metro_retail,1266700,396,0,0,1266700,0,1
2023-01-02,ATM002,urban_residential,751600,235,0,1363000,2030000,1278300,0
2023-01-02,ATM003,corporate_park,983200,307,0,1582000,2349900,1366700,0
2023-01-02,ATM004,rural_branch,527100,165,0,1035000,1269500,742400,0
2023-01-02,ATM005,transit_hub,1338600,418,0,2561000,3680000,2341300,0
2023-01-03,ATM001,metro_retail,1082900,338,0,3540000,3540000,2457100,0
2023-01-03,ATM002,urban_residential,590300,184,0,0,1278300,688000,0
2023-01-03,ATM003,corporate_park,799100,250,0,0,1366700,567700,0
2023-01-03,ATM004,rural_branch,314300,98,0,0,742400,428100,0
2023-01-03,ATM005,transit_hub,1000400,313,0,0,2341300,1340900,0
2023-01-04,ATM001,metro_retail,861800,269,0,0,2457100,1595300,0
2023-01-04,ATM002,urban_residential,445600,139,0,1342000,2030000,1584400,0
2023-01-04,ATM003,corporate_park,450300,141,0,1782000,2349700,1899400,0
2023-01-04,ATM004,rural_branch,272900,85,0,842000,1270100,997200,0
2023-01-04,ATM005,transit_hub,758400,237,0,0,1340900,582600,0
2023-01-05,ATM001,metro_retail,864200,270,0,0,1595300,731100,0
2023-01-05,ATM002,urban_residential,485800,152,0,0,1584400,1098600,0
2023-01-05,ATM003,corporate_park,429800,134,0,0,1899400,1469600,0
2023-01-05,ATM004,rural_branch,288600,90,0,0,997200,708600,0
2023-01-05,ATM005,transit_hub,1020200,319,0,3097000,3679600,2659400,0
2023-01-06,ATM001,metro_retail,1236300,386,0,2809000,3540100,2303700,0
2023-01-06,ATM002,urban_residential,661300,207,0,0,1098600,437300,0
2023-01-06,ATM003,corporate_park,905800,283,0,0,1469600,563800,0
2023-01-06,ATM004,rural_branch,399000,125,0,0,708600,309700,0
2023-01-06,ATM005,transit_hub,1218800,381,0,0,2659400,1440600,0
2023-01-07,ATM001,metro_retail,2048800,640,0,0,2303700,255000,0
2023-01-07,ATM002,urban_residential,808400,253,0,1593000,2030300,1221900,0
2023-01-07,ATM003,corporate_park,1073900,336,0,1786000,2349800,1275900,0
2023-01-07,ATM004,rural_branch,699200,218,0,960000,1269700,570500,0
2023-01-07,ATM005,transit_hub,1440600,450,0,0,1440600,0,1
2023-01-08,ATM001,metro_retail,1345500,420,0,3285000,3540000,2194500,0
2023-01-08,ATM002,urban_residential,730100,228,0,0,1221900,491800,0
2023-01-08,ATM003,corporate_park,818000,256,0,0,1275900,457800,0
2023-01-08,ATM004,rural_branch,543300,170,0,0,570500,27200,0
2023-01-08,ATM005,transit_hub,1411500,441,0,3680000,3680000,2268500,0
2023-01-09,ATM001,metro_retail,1019300,319,0,0,2194500,1175100,0
2023-01-09,ATM002,urban_residential,634500,198,0,1538000,2029800,1395300,0
2023-01-09,ATM003,corporate_park,558200,174,0,1892000,2349800,1791700,0
2023-01-09,ATM004,rural_branch,422200,132,0,1243000,1270200,848000,0
2023-01-09,ATM005,transit_hub,1193500,373,0,0,2268500,1074900,0
2023-01-10,ATM001,metro_retail,838400,262,0,2365000,3540100,2701700,0
2023-01-10,ATM002,urban_residential,499100,156,0,0,1395300,896200,0
2023-01-10,ATM003,corporate_park,460000,144,0,0,1791700,1331700,0
2023-01-10,ATM004,rural_branch,284500,89,0,0,848000,563500,0
2023-01-10,ATM005,transit_hub,711400,222,0,2605000,3679900,2968500,0
2023-01-11,ATM001,metro_retail,838300,262,0,0,2701700,1863400,0
2023-01-11,ATM002,urban_residential,450900,141,0,0,896200,445400,0
2023-01-11,ATM003,corporate_park,513900,161,0,0,1331700,817800,0
2023-01-11,ATM004,rural_branch,315300,99,0,0,563500,248200,0
2023-01-11,ATM005,transit_hub,759400,237,0,0,2968500,2209100,0
2023-01-12,ATM001,metro_retail,834600,261,0,0,1863400,1028800,0
2023-01-12,ATM002,urban_residential,457900,143,0,1585000,2030400,1572500,0
2023-01-12,ATM003,corporate_park,531500,166,0,1532000,2349800,1818300,0
2023-01-12,ATM004,rural_branch,287000,90,0,1022000,1270200,983200,0
2023-01-12,ATM005,transit_hub,910200,284,0,0,2209100,1298800,0
2023-01-13,ATM001,metro_retail,1230100,384,0,2511000,3539800,2309700,0
2023-01-13,ATM002,urban_residential,643900,201,0,0,1572500,928600,0
2023-01-13,ATM003,corporate_park,622300,194,0,0,1818300,1196000,0
2023-01-13,ATM004,rural_branch,440800,138,0,0,983200,542400,0
2023-01-13,ATM005,transit_hub,1186000,371,0,0,1298800,112800,0
2023-01-14,ATM001,metro_retail,1523300,476,0,0,2309700,786400,0
2023-01-14,ATM002,urban_residential,914500,286,0,0,928600,14000,0
2023-01-14,ATM003,corporate_park,877500,274,0,0,1196000,318400,0
2023-01-14,ATM004,rural_branch,542400,170,0,0,542400,0,1
2023-01-14,ATM005,transit_hub,1456500,455,0,3567000,3679800,2223300,0
2023-01-15,ATM001,metro_retail,1466900,458,0,2754000,3540400,2073500,0
2023-01-15,ATM002,urban_residential,867700,271,0,2016000,2030000,1162400,0
2023-01-15,ATM003,corporate_park,994400,311,0,2032000,2350400,1356000,0
2023-01-15,ATM004,rural_branch,545100,170,0,1270000,1270000,724900,0
2023-01-15,ATM005,transit_hub,1455300,455,0,0,2223300,768000,0
2023-01-16,ATM001,metro_retail,1176100,368,0,0,2073500,897400,0
2023-01-16,ATM002,urban_residential,533200,167,0,0,1162400,629100,0
2023-01-16,ATM003,corporate_park,736900,230,0,0,1356000,619100,0
2023-01-16,ATM004,rural_branch,402600,126,0,0,724900,322300,0
2023-01-16,ATM005,transit_hub,1129000,353,0,2912000,3680000,2551000,0
2023-01-17,ATM001,metro_retail,871400,272,0,2643000,3540400,2669000,0
2023-01-17,ATM002,urban_residential,472600,148,0,1401000,2030100,1557500,0
2023-01-17,ATM003,corporate_park,529900,166,0,1731000,2350100,1820200,0
2023-01-17,ATM004,rural_branch,306100,96,0,948000,1270300,964200,0
2023-01-17,ATM005,transit_hub,862800,270,0,0,2551000,1688100,0
2023-01-18,ATM001,metro_retail,806300,252,0,0,2669000,1862800,0
2023-01-18,ATM002,urban_residential,488300,153,0,0,1557500,1069200,0
2023-01-18,ATM003,corporate_park,623500,195,0,0,1820200,1196700,0
2023-01-18,ATM004,rural_branch,313900,98,0,0,964200,650300,0
2023-01-18,ATM005,transit_hub,969600,303,0,0,1688100,718500,0
2023-01-19,ATM001,metro_retail,840200,263,0,0,1862800,1022600,0
2023-01-19,ATM002,urban_residential,432500,135,0,0,1069200,636700,0
2023-01-19,ATM003,corporate_park,590900,185,0,0,1196700,605800,0
2023-01-19,ATM004,rural_branch,343200,107,0,0,650300,307200,0
2023-01-19,ATM005,transit_hub,785400,245,0,2961000,3679500,2894200,0
2023-01-20,ATM001,metro_retail,1227100,383,0,2517000,3539600,2312500,0
2023-01-20,ATM002,urban_residential,651200,203,0,1393000,2029700,1378500,0
2023-01-20,ATM003,corporate_park,889500,278,0,1744000,2349800,1460300,0
2023-01-20,ATM004,rural_branch,509800,159,0,963000,1270200,760400,0
2023-01-20,ATM005,transit_hub,1109100,347,0,0,2894200,1785100,0
2023-01-21,ATM001,metro_retail,1742300,544,0,0,2312500,570200,0
2023-01-21,ATM002,urban_residential,904700,283,0,0,1378500,473900,0
2023-01-21,ATM003,corporate_park,1077400,337,0,0,1460300,382900,0
2023-01-21,ATM004,rural_branch,577500,180,0,0,760400,182900,0
2023-01-21,ATM005,transit_hub,1485700,464,0,0,1785100,299400,0
2023-01-22,ATM001,metro_retail,1312800,410,0,2970000,3540200,2227400,0
2023-01-22,ATM002,urban_residential,797500,249,0,1556000,2029900,1232400,0
2023-01-22,ATM003,corporate_park,887000,277,0,1967000,2349900,1463000,0
2023-01-22,ATM004,rural_branch,560800,175,0,1087000,1269900,709100,0
2023-01-22,ATM005,transit_hub,1515100,473,0,3381000,3680400,2165400,0
2023-01-23,ATM001,metro_retail,1147900,359,0,0,2227400,1079500,0
2023-01-23,ATM002,urban_residential,555000,173,0,0,1232400,677400,0
2023-01-23,ATM003,corporate_park,582600,182,0,0,1463000,880400,0
2023-01-23,ATM004,rural_branch,410500,128,0,0,709100,298600,0
2023-01-23,ATM005,transit_hub,1038900,325,0,0,2165400,1126500,0
2023-01-24,ATM001,metro_retail,768600,240,0,2460000,3539500,2771000,0
2023-01-24,ATM002,urban_residential,435200,136,0,1353000,2030400,1595200,0
2023-01-24,ATM003,corporate_park,450300,141,0,0,880400,430100,0
2023-01-24,ATM004,rural_branch,314800,98,0,971000,1269600,954800,0
2023-01-24,ATM005,transit_hub,745200,233,0,2554000,3680500,2935200,0
2023-01-25,ATM001,metro_retail,797800,249,0,0,2771000,1973200,0
2023-01-25,ATM002,urban_residential,434000,136,0,0,1595200,1161200,0
2023-01-25,ATM003,corporate_park,452200,141,0,1920000,2350100,1898000,0
2023-01-25,ATM004,rural_branch,303900,95,0,0,954800,650800,0
2023-01-25,ATM005,transit_hub,885400,277,0,0,2935200,2049800,0
2023-01-26,ATM001,metro_retail,1086600,340,1,0,1973200,886600,0
2023-01-26,ATM002,urban_residential,522900,163,1,0,1161200,638200,0
2023-01-26,ATM003,corporate_park,606900,190,1,0,1898000,1291100,0
2023-01-26,ATM004,rural_branch,295600,92,1,0,650800,355200,0
2023-01-26,ATM005,transit_hub,929300,290,1,0,2049800,1120600,0
2023-01-27,ATM001,metro_retail,1109800,347,0,2653000,3539600,2429800,0
2023-01-27,ATM002,urban_residential,680500,213,0,1392000,2030200,1349800,0
2023-01-27,ATM003,corporate_park,756300,236,0,0,1291100,534800,0
2023-01-27,ATM004,rural_branch,562200,176,0,915000,1270200,708000,0
2023-01-27,ATM005,transit_hub,1366500,427,0,2559000,3679600,2313000,0
2023-01-28,ATM001,metro_retail,1759100,550,0,0,2429800,670700,0
2023-01-28,ATM002,urban_residential,875400,274,0,0,1349800,474400,0
2023-01-28,ATM003,corporate_park,988900,309,0,1815000,2349800,1360900,0
2023-01-28,ATM004,rural_branch,553800,173,0,0,708000,154200,0
2023-01-28,ATM005,transit_hub,1666400,521,0,0,2313000,646600,0
2023-01-29,ATM001,metro_retail,1581600,494,0,2869000,3539700,1958100,0
2023-01-29,ATM002,urban_residential,896600,280,0,1556000,2030400,1133800,0
2023-01-29,ATM003,corporate_park,1068600,334,0,0,1360900,292300,0
2023-01-29,ATM004,rural_branch,631800,197,0,1116000,1270200,638400,0
2023-01-29,ATM005,transit_hub,1729900,541,0,3033000,3679600,1949700,0
2023-01-30,ATM001,metro_retail,1362300,426,0,0,1958100,595800,0
2023-01-30,ATM002,urban_residential,689000,215,0,0,1133800,444800,0
2023-01-30,ATM003,corporate_park,892400,279,0,2058000,2350300,1458000,0
2023-01-30,ATM004,rural_branch,503400,157,0,0,638400,135100,0
2023-01-30,ATM005,transit_hub,1560100,488,0,0,1949700,389600,0
2023-01-31,ATM001,metro_retail,1075200,336,0,2944000,3539800,2464600,0
2023-01-31,ATM002,urban_residential,614400,192,0,1585000,2029800,1415400,0
2023-01-31,ATM003,corporate_park,739300,231,0,0,1458000,718700,0
2023-01-31,ATM004,rural_branch,351000,110,0,1135000,1270100,919100,0
2023-01-31,ATM005,transit_hub,1168900,365,0,3290000,3679600,2510700,0
2023-02-01,ATM001,metro_retail,1238400,387,0,0,2464600,1226200,0
2023-02-01,ATM002,urban_residential,597400,187,0,0,1415400,818000,0
2023-02-01,ATM003,corporate_park,701800,219,0,1631000,2349700,1647900,0
2023-02-01,ATM004,rural_branch,518600,162,0,0,919100,400500,0
2023-02-01,ATM005,transit_hub,1358100,424,0,0,2510700,1152600,0
2023-02-02,ATM001,metro_retail,995300,311,0,2314000,3540200,2544800,0
2023-02-02,ATM002,urban_residential,635300,199,0,0,818000,182800,0
2023-02-02,ATM003,corporate_park,709400,222,0,0,1647900,938500,0
2023-02-02,ATM004,rural_branch,423800,132,0,870000,1270500,846700,0
2023-02-02,ATM005,transit_hub,1171800,366,0,2527000,3679600,2507800,0
2023-02-03,ATM001,metro_retail,1396600,436,0,0,2544800,1148200,0
2023-02-03,ATM002,urban_residential,805500,252,0,1847000,2029800,1224200,0
2023-02-03,ATM003,corporate_park,747000,233,0,0,938500,191500,0
2023-02-03,ATM004,rural_branch,542600,170,0,0,846700,304100,0
2023-02-03,ATM005,transit_hub,1524600,476,0,0,2507800,983200,0
2023-02-04,ATM001,metro_retail,1585400,495,0,2392000,3540200,1954900,0
2023-02-04,ATM002,urban_residential,841100,263,0,0,1224200,383100,0
2023-02-04,ATM003,corporate_park,1034700,323,0,2159000,2350500,1315800,0
2023-02-04,ATM004,rural_branch,559400,175,0,966000,1270100,710600,0
2023-02-04,ATM005,transit_hub,1844700,576,0,2697000,3680200,1835500,0
2023-02-05,ATM001,metro_retail,1364400,426,0,0,1954900,590500,0
2023-02-05,ATM002,urban_residential,760900,238,0,1647000,2030100,1269300,0
2023-02-05,ATM003,corporate_park,768500,240,0,0,1315800,547200,0
2023-02-05,ATM004,rural_branch,550700,172,0,0,710600,160000,0
2023-02-05,ATM005,transit_hub,1535100,480,0,0,1835500,300400,0
2023-02-06,ATM001,metro_retail,999900,312,0,2950000,3540500,2540500,0
2023-02-06,ATM002,urban_residential,643800,201,0,0,1269300,625400,0
2023-02-06,ATM003,corporate_park,606200,189,0,1803000,2350200,1744000,0
2023-02-06,ATM004,rural_branch,460500,144,0,1110000,1270000,809500,0
2023-02-06,ATM005,transit_hub,1141600,357,0,3380000,3680400,2538800,0
2023-02-07,ATM001,metro_retail,908300,284,0,0,2540500,1632200,0
2023-02-07,ATM002,urban_residential,507800,159,0,1405000,2030400,1522600,0
2023-02-07,ATM003,corporate_park,619200,193,0,0,1744000,1124900,0
2023-02-07,ATM004,rural_branch,348400,109,0,0,809500,461000,0
2023-02-07,ATM005,transit_hub,866600,271,0,0,2538800,1672200,0
2023-02-08,ATM001,metro_retail,758000,237,0,0,1632200,874200,0
2023-02-08,ATM002,urban_residential,439900,137,0,0,1522600,1082700,0
2023-02-08,ATM003,corporate_park,525600,164,0,0,1124900,599300,0
2023-02-08,ATM004,rural_branch,278400,87,0,0,461000,182600,0
2023-02-08,ATM005,transit_hub,764600,239,0,0,1672200,907600,0
2023-02-09,ATM001,metro_retail,870800,272,0,2666000,3540200,2669300,0
2023-02-09,ATM002,urban_residential,418100,131,0,0,1082700,664600,0
2023-02-09,ATM003,corporate_park,573700,179,0,1751000,2350300,1776600,0
2023-02-09,ATM004,rural_branch,381800,119,0,1087000,1269600,887800,0
2023-02-09,ATM005,transit_hub,801000,250,0,2772000,3679600,2878600,0
2023-02-10,ATM001,metro_retail,1193000,373,0,0,2669300,1476300,0
2023-02-10,ATM002,urban_residential,685600,214,0,1365000,2029600,1343900,0
2023-02-10,ATM003,corporate_park,824800,258,0,0,1776600,951800,0
2023-02-10,ATM004,rural_branch,479000,150,0,0,887800,408800,0
2023-02-10,ATM005,transit_hub,1157000,362,0,0,2878600,1721600,0
2023-02-11,ATM001,metro_retail,1476300,461,0,0,1476300,0,1
2023-02-11,ATM002,urban_residential,950800,297,0,0,1343900,393100,0
2023-02-11,ATM003,corporate_park,867400,271,0,0,951800,84400,0
2023-02-11,ATM004,rural_branch,566400,177,0,861000,1269800,703400,0
2023-02-11,ATM005,transit_hub,1614500,505,0,0,1721600,107100,0
2023-02-12,ATM001,metro_retail,1411500,441,0,3540000,3540000,2128500,0
2023-02-12,ATM002,urban_residential,793100,248,0,1637000,2030100,1237000,0
2023-02-12,ATM003,corporate_park,807500,252,0,2266000,2350400,1542900,0
2023-02-12,ATM004,rural_branch,524200,164,0,0,703400,179300,0
2023-02-12,ATM005,transit_hub,1278100,399,0,3573000,3680100,2402000,0
2023-02-13,ATM001,metro_retail,1151200,360,0,0,2128500,977200,0
2023-02-13,ATM002,urban_residential,621800,194,0,0,1237000,615200,0
2023-02-13,ATM003,corporate_park,626500,196,0,0,1542900,916400,0
2023-02-13,ATM004,rural_branch,406500,127,0,1091000,1270300,863800,0
2023-02-13,ATM005,transit_hub,1186000,371,0,0,2402000,1216100,0
2023-02-14,ATM001,metro_retail,805500,252,0,2563000,3540200,2734700,0
2023-02-14,ATM002,urban_residential,468100,146,0,1415000,2030200,1562100,0
2023-02-14,ATM003,corporate_park,608600,190,0,0,916400,307800,0
2023-02-14,ATM004,rural_branch,316100,99,0,0,863800,547700,0
2023-02-14,ATM005,transit_hub,686700,215,0,2464000,3680100,2993300,0
2023-02-15,ATM001,metro_retail,879600,275,0,0,2734700,1855200,0
2023-02-15,ATM002,urban_residential,451400,141,0,0,1562100,1110700,0
2023-02-15,ATM003,corporate_park,575600,180,0,2042000,2349800,1774200,0
2023-02-15,ATM004,rural_branch,331500,104,0,0,547700,216200,0
2023-02-15,ATM005,transit_hub,858600,268,0,0,2993300,2134700,0
2023-02-16,ATM001,metro_retail,895800,280,0,0,1855200,959300,0
2023-02-16,ATM002,urban_residential,462500,145,0,0,1110700,648200,0
2023-02-16,ATM003,corporate_park,528200,165,0,0,1774200,1246000,0
2023-02-16,ATM004,rural_branch,335800,105,0,1054000,1270200,934300,0
2023-02-16,ATM005,transit_hub,851500,266,0,0,2134700,1283200,0
2023-02-17,ATM001,metro_retail,1234800,386,0,2581000,3540300,2305600,0
2023-02-17,ATM002,urban_residential,686800,215,0,1382000,2030200,1343400,0
2023-02-17,ATM003,corporate_park,817000,255,0,0,1246000,429000,0
2023-02-17,ATM004,rural_branch,561800,176,0,0,934300,372500,0
2023-02-17,ATM005,transit_hub,1316300,411,0,2397000,3680200,2364000,0
2023-02-18,ATM001,metro_retail,1639400,512,0,0,2305600,666200,0
2023-02-18,ATM002,urban_residential,924300,289,0,0,1343400,419000,0
2023-02-18,ATM003,corporate_park,990500,310,0,1921000,2350000,1359500,0
2023-02-18,ATM004,rural_branch,809500,253,0,897000,1269500,460000,0
2023-02-18,ATM005,transit_hub,1713200,535,0,0,2364000,650700,0
2023-02-19,ATM001,metro_retail,1242800,388,0,2874000,3540200,2297400,0
2023-02-19,ATM002,urban_residential,735000,230,0,1611000,2030000,1295100,0
2023-02-19,ATM003,corporate_park,816100,255,0,0,1359500,543400,0
2023-02-19,ATM004,rural_branch,460000,144,0,0,460000,0,1
2023-02-19,ATM005,transit_hub,1275400,399,0,3029000,3679700,2404300,0
2023-02-20,ATM001,metro_retail,1081600,338,0,0,2297400,1215800,0
2023-02-20,ATM002,urban_residential,571000,178,0,0,1295100,724100,0
2023-02-20,ATM003,corporate_park,686900,215,0,1807000,2350400,1663500,0
2023-02-20,ATM004,rural_branch,366600,115,0,1270000,1270000,903400,0
2023-02-20,ATM005,transit_hub,1141400,357,0,0,2404300,1262900,0
2023-02-21,ATM001,metro_retail,794100,248,0,2324000,3539800,2745600,0
2023-02-21,ATM002,urban_residential,464900,145,0,0,724100,259200,0
2023-02-21,ATM003,corporate_park,562600,176,0,0,1663500,1100900,0
2023-02-21,ATM004,rural_branch,278400,87,0,0,903400,625000,0
2023-02-21,ATM005,transit_hub,777200,243,0,2417000,3679900,2902700,0
2023-02-22,ATM001,metro_retail,770500,241,0,0,2745600,1975100,0
2023-02-22,ATM002,urban_residential,491800,154,0,1771000,2030200,1538400,0
2023-02-22,ATM003,corporate_park,478300,149,0,0,1100900,622600,0
2023-02-22,ATM004,rural_branch,327400,102,0,0,625000,297700,0
2023-02-22,ATM005,transit_hub,852800,266,0,0,2902700,2050000,0
2023-02-23,ATM001,metro_retail,813100,254,0,0,1975100,1162000,0
2023-02-23,ATM002,urban_residential,498200,156,0,0,1538400,1040100,0
2023-02-23,ATM003,corporate_park,482700,151,0,1727000,2349600,1866900,0
2023-02-23,ATM004,rural_branch,285300,89,0,972000,1269700,984400,0
2023-02-23,ATM005,transit_hub,816300,255,0,0,2050000,1233700,0
2023-02-24,ATM001,metro_retail,1349300,422,0,2378000,3540000,2190700,0
2023-02-24,ATM002,urban_residential,693300,217,0,0,1040100,346800,0
2023-02-24,ATM003,corporate_park,782400,245,0,0,1866900,1084500,0
2023-02-24,ATM004,rural_branch,458600,143,0,0,984400,525800,0
2023-02-24,ATM005,transit_hub,1267900,396,0,2446000,3679700,2411700,0
2023-02-25,ATM001,metro_retail,1632800,510,0,0,2190700,557900,0
2023-02-25,ATM002,urban_residential,904300,283,0,1683000,2029800,1125500,0
2023-02-25,ATM003,corporate_park,935700,292,0,0,1084500,148900,0
2023-02-25,ATM004,rural_branch,525800,164,0,0,525800,0,1
2023-02-25,ATM005,transit_hub,1849800,578,0,0,2411700,561900,0
2023-02-26,ATM001,metro_retail,1903600,595,0,2982000,3539900,1636300,0
2023-02-26,ATM002,urban_residential,921300,288,0,0,1125500,204200,0
2023-02-26,ATM003,corporate_park,967800,302,0,2201000,2349900,1382100,0
2023-02-26,ATM004,rural_branch,701100,219,0,1270000,1270000,568900,0
2023-02-26,ATM005,transit_hub,2156200,674,0,3118000,3679900,1523800,0
2023-02-27,ATM001,metro_retail,1399600,437,0,0,1636300,236700,0
2023-02-27,ATM002,urban_residential,690900,216,0,1826000,2030200,1339300,0
2023-02-27,ATM003,corporate_park,799400,250,0,0,1382100,582700,0
2023-02-27,ATM004,rural_branch,502400,157,0,0,568900,66500,0
2023-02-27,ATM005,transit_hub,1523800,476,0,0,1523800,0,1
2023-02-28,ATM001,metro_retail,986000,308,0,3303000,3539700,2553700,0
2023-02-28,ATM002,urban_residential,585900,183,0,0,1339300,753400,0
2023-02-28,ATM003,corporate_park,662800,207,0,1767000,2349700,1686900,0
2023-02-28,ATM004,rural_branch,483800,151,0,1204000,1270500,786600,0
2023-02-28,ATM005,transit_hub,1012500,316,0,3680000,3680000,2667500,0
2023-03-01,ATM001,metro_retail,1110300,347,0,0,2553700,1443500,0
2023-03-01,ATM002,urban_residential,702300,219,0,0,753400,51100,0
2023-03-01,ATM003,corporate_park,704500,220,0,0,1686900,982300,0
2023-03-01,ATM004,rural_branch,474700,148,0,0,786600,312000,0
2023-03-01,ATM005,transit_hub,1160100,363,0,0,2667500,1507500,0
2023-03-02,ATM001,metro_retail,1265300,395,0,0,1443500,178200,0
2023-03-02,ATM002,urban_residential,645000,202,0,1979000,2030100,1385100,0
2023-03-02,ATM003,corporate_park,767500,240,0,0,982300,214900,0
2023-03-02,ATM004,rural_branch,432800,135,0,958000,1270000,837100,0
2023-03-02,ATM005,transit_hub,1128700,353,0,0,1507500,378800,0
2023-03-03,ATM001,metro_retail,1504400,470,0,3362000,3540200,2035700,0
2023-03-03,ATM002,urban_residential,862200,269,0,0,1385100,522800,0
2023-03-03,ATM003,corporate_park,929800,291,0,2135000,2349900,1420000,0
2023-03-03,ATM004,rural_branch,632400,198,0,0,837100,204800,0
2023-03-03,ATM005,transit_hub,1495500,467,0,3301000,3679800,2184200,0
2023-03-04,ATM001,metro_retail,1544400,483,0,0,2035700,491400,0
2023-03-04,ATM002,urban_residential,792500,248,0,1507000,2029800,1237300,0
2023-03-04,ATM003,corporate_park,998300,312,0,0,1420000,421700,0
2023-03-04,ATM004,rural_branch,600500,188,0,1065000,1269800,669200,0
2023-03-04,ATM005,transit_hub,1431600,447,0,0,2184200,752600,0
2023-03-05,ATM001,metro_retail,1353900,423,0,3049000,3540400,2186500,0
2023-03-05,ATM002,urban_residential,688000,215,0,0,1237300,549400,0
2023-03-05,ATM003,corporate_park,798400,250,0,1928000,2349700,1551300,0
2023-03-05,ATM004,rural_branch,503800,157,0,0,669200,165500,0
2023-03-05,ATM005,transit_hub,1340900,419,0,2927000,3679600,2338700,0
2023-03-06,ATM001,metro_retail,1049300,328,0,0,2186500,1137200,0
2023-03-06,ATM002,urban_residential,621400,194,0,1481000,2030400,1409000,0
2023-03-06,ATM003,corporate_park,692500,216,0,0,1551300,858800,0
2023-03-06,ATM004,rural_branch,387000,121,0,1105000,1270500,883500,0
2023-03-06,ATM005,transit_hub,1228000,384,0,0,2338700,1110700,0
2023-03-07,ATM001,metro_retail,870800,272,0,2403000,3540200,2669400,0
2023-03-07,ATM002,urban_residential,498200,156,0,0,1409000,910800,0
2023-03-07,ATM003,corporate_park,595100,186,0,0,858800,263700,0
2023-03-07,ATM004,rural_branch,384000,120,0,0,883500,499500,0
2023-03-07,ATM005,transit_hub,1113600,348,0,2569000,3679700,2566100,0
2023-03-08,ATM001,metro_retail,922700,288,1,0,2669400,1746700,0
2023-03-08,ATM002,urban_residential,472800,148,1,0,910800,438100,0
2023-03-08,ATM003,corporate_park,587000,183,1,2086000,2349700,1762700,0
2023-03-08,ATM004,rural_branch,329300,103,1,0,499500,170200,0
2023-03-08,ATM005,transit_hub,994000,311,1,0,2566100,1572100,0
2023-03-09,ATM001,metro_retail,871400,272,0,0,1746700,875300,0
2023-03-09,ATM002,urban_residential,494800,155,0,1592000,2030100,1535200,0
2023-03-09,ATM003,corporate_park,615400,192,0,0,1762700,1147300,0
2023-03-09,ATM004,rural_branch,334200,104,0,1100000,1270200,936000,0
2023-03-09,ATM005,transit_hub,916600,286,0,0,1572100,655500,0
2023-03-10,ATM001,metro_retail,1080200,338,0,2665000,3540300,2460100,0
2023-03-10,ATM002,urban_residential,675900,211,0,0,1535200,859400,0
2023-03-10,ATM003,corporate_park,739600,231,0,0,1147300,407700,0
2023-03-10,ATM004,rural_branch,518800,162,0,0,936000,417100,0
2023-03-10,ATM005,transit_hub,1327100,415,0,3024000,3679500,2352400,0
2023-03-11,ATM001,metro_retail,1701500,532,0,0,2460100,758600,0
2023-03-11,ATM002,urban_residential,859400,269,0,0,859400,0,1
2023-03-11,ATM003,corporate_park,831100,260,0,1942000,2349700,1518600,0
2023-03-11,ATM004,rural_branch,631600,197,0,853000,1270100,638600,0
2023-03-11,ATM005,transit_hub,1452400,454,0,0,2352400,900100,0
2023-03-12,ATM001,metro_retail,1305200,408,0,2781000,3539600,2234500,0
2023-03-12,ATM002,urban_residential,832500,260,0,2030000,2030000,1197500,0
2023-03-12,ATM003,corporate_park,820400,256,0,0,1518600,698200,0
2023-03-12,ATM004,rural_branch,544200,170,0,0,638600,94400,0
2023-03-12,ATM005,transit_hub,1319300,412,0,2780000,3680100,2360700,0
2023-03-13,ATM001,metro_retail,1148400,359,0,0,2234500,1086100,0
2023-03-13,ATM002,urban_residential,589200,184,0,0,1197500,608400,0
2023-03-13,ATM003,corporate_park,709500,222,0,1652000,2350200,1640700,0
2023-03-13,ATM004,rural_branch,377700,118,0,1176000,1270400,892700,0
2023-03-13,ATM005,transit_hub,1198900,375,0,0,2360700,1161800,0
2023-03-14,ATM001,metro_retail,786100,246,0,2454000,3540100,2754000,0
2023-03-14,ATM002,urban_residential,449600,140,0,1422000,2030400,1580800,0
2023-03-14,ATM003,corporate_park,523200,163,0,0,1640700,1117500,0
2023-03-14,ATM004,rural_branch,392200,123,0,0,892700,500400,0
2023-03-14,ATM005,transit_hub,831900,260,0,2518000,3679800,2848000,0
2023-03-15,ATM001,metro_retail,819700,256,0,0,2754000,1934200,0
2023-03-15,ATM002,urban_residential,504300,158,0,0,1580800,1076500,0
2023-03-15,ATM003,corporate_park,549200,172,0,0,1117500,568300,0
2023-03-15,ATM004,rural_branch,362000,113,0,0,500400,138400,0
2023-03-15,ATM005,transit_hub,892500,279,0,0,2848000,1955400,0
2023-03-16,ATM001,metro_retail,964200,301,0,0,1934200,970000,0
2023-03-16,ATM002,urban_residential,462200,144,0,0,1076500,614200,0
2023-03-16,ATM003,corporate_park,463400,145,0,1782000,2350300,1886900,0
2023-03-16,ATM004,rural_branch,266000,83,0,1132000,1270400,1004400,0
2023-03-16,ATM005,transit_hub,966600,302,0,0,1955400,988800,0
2023-03-17,ATM001,metro_retail,1148800,359,0,2570000,3540000,2391200,0
2023-03-17,ATM002,urban_residential,600700,188,0,1416000,2030200,1429500,0
2023-03-17,ATM003,corporate_park,704200,220,0,0,1886900,1182800,0
2023-03-17,ATM004,rural_branch,534600,167,0,0,1004400,469700,0
2023-03-17,ATM005,transit_hub,1080700,338,0,2691000,3679800,2599100,0
2023-03-18,ATM001,metro_retail,1591200,497,0,0,2391200,800000,0
2023-03-18,ATM002,urban_residential,941000,294,0,0,1429500,488500,0
2023-03-18,ATM003,corporate_park,1007400,315,0,0,1182800,175400,0
2023-03-18,ATM004,rural_branch,469700,147,0,0,469700,0,1
2023-03-18,ATM005,transit_hub,1811300,566,0,0,2599100,787800,0
2023-03-19,ATM001,metro_retail,1422200,444,0,2740000,3540000,2117900,0
2023-03-19,ATM002,urban_residential,778200,243,0,1542000,2030500,1252200,0
2023-03-19,ATM003,corporate_park,886500,277,0,2175000,2350400,1463900,0
2023-03-19,ATM004,rural_branch,463900,145,0,1270000,1270000,806100,0
2023-03-19,ATM005,transit_hub,1324200,414,0,2892000,3679800,2355600,0
2023-03-20,ATM001,metro_retail,1042500,326,0,0,2117900,1075400,0
2023-03-20,ATM002,urban_residential,474600,148,0,0,1252200,777700,0
2023-03-20,ATM003,corporate_park,616900,193,0,0,1463900,846900,0
2023-03-20,ATM004,rural_branch,377100,118,0,0,806100,429000,0
2023-03-20,ATM005,transit_hub,1177100,368,0,0,2355600,1178500,0
2023-03-21,ATM001,metro_retail,763600,239,0,2465000,3540400,2776800,0
2023-03-21,ATM002,urban_residential,435000,136,0,0,777700,342700,0
2023-03-21,ATM003,corporate_park,539800,169,0,0,846900,307100,0
2023-03-21,ATM004,rural_branch,352900,110,0,841000,1270000,917100,0
2023-03-21,ATM005,transit_hub,848400,265,0,2502000,3680500,2832100,0
2023-03-22,ATM001,metro_retail,829700,259,0,0,2776800,1947100,0
2023-03-22,ATM002,urban_residential,426000,133,0,1687000,2029700,1603700,0
2023-03-22,ATM003,corporate_park,455400,142,0,2043000,2350100,1894700,0
2023-03-22,ATM004,rural_branch,295600,92,0,0,917100,621600,0
2023-03-22,ATM005,transit_hub,886700,277,0,0,2832100,1945400,0
2023-03-23,ATM001,metro_retail,888700,278,0,0,1947100,1058400,0
2023-03-23,ATM002,urban_residential,499100,156,0,0,1603700,1104600,0
2023-03-23,ATM003,corporate_park,488000,153,0,0,1894700,1406700,0
2023-03-23,ATM004,rural_branch,344900,108,0,0,621600,276700,0
2023-03-23,ATM005,transit_hub,978300,306,0,0,1945400,967000,0
2023-03-24,ATM001,metro_retail,1366400,427,0,2482000,3540400,2174100,0
2023-03-24,ATM002,urban_residential,662900,207,0,0,1104600,441700,0
2023-03-24,ATM003,corporate_park,764300,239,0,0,1406700,642400,0
2023-03-24,ATM004,rural_branch,397700,124,0,993000,1269700,872000,0
2023-03-24,ATM005,transit_hub,1162100,363,0,2713000,3680000,2517900,0
2023-03-25,ATM001,metro_retail,1714800,536,0,0,2174100,459300,0
2023-03-25,ATM002,urban_residential,979500,306,0,1588000,2029700,1050200,0
2023-03-25,ATM003,corporate_park,979200,306,0,1708000,2350400,1371200,0
2023-03-25,ATM004,rural_branch,684400,214,0,0,872000,187700,0
2023-03-25,ATM005,transit_hub,1765900,552,0,0,2517900,752000,0
2023-03-26,ATM001,metro_retail,1648400,515,0,3081000,3540300,1891900,0
2023-03-26,ATM002,urban_residential,683500,214,0,0,1050200,366700,0
2023-03-26,ATM003,corporate_park,857100,268,0,0,1371200,514100,0
2023-03-26,ATM004,rural_branch,518900,162,0,1082000,1269700,750800,0
2023-03-26,ATM005,transit_hub,1473000,460,0,2928000,3680000,2207000,0
2023-03-27,ATM001,metro_retail,964600,301,0,0,1891900,927400,0
2023-03-27,ATM002,urban_residential,534200,167,0,1663000,2029700,1495400,0
2023-03-27,ATM003,corporate_park,705200,220,0,1836000,2350100,1644900,0
2023-03-27,ATM004,rural_branch,356000,111,0,0,750800,394800,0
2023-03-27,ATM005,transit_hub,1262400,395,0,0,2207000,944500,0
2023-03-28,ATM001,metro_retail,843400,264,0,2613000,3540400,2697000,0
2023-03-28,ATM002,urban_residential,490400,153,0,0,1495400,1005000,0
2023-03-28,ATM003,corporate_park,607700,190,0,0,1644900,1037200,0
2023-03-28,ATM004,rural_branch,321900,101,0,875000,1269800,947800,0
2023-03-28,ATM005,transit_hub,814100,254,0,2735000,3679500,2865400,0
2023-03-29,ATM001,metro_retail,1001700,313,0,0,2697000,1695300,0
2023-03-29,ATM002,urban_residential,561100,175,0,0,1005000,443900,0
2023-03-29,ATM003,corporate_park,687700,215,0,0,1037200,349400,0
2023-03-29,ATM004,rural_branch,415300,130,0,0,947800,532500,0
2023-03-29,ATM005,transit_hub,1197000,374,0,0,2865400,1668400,0
2023-03-30,ATM001,metro_retail,1254300,392,0,0,1695300,441000,0
2023-03-30,ATM002,urban_residential,563000,176,0,1586000,2029900,1466900,0
2023-03-30,ATM003,corporate_park,681600,213,0,2001000,2350400,1668800,0
2023-03-30,ATM004,rural_branch,443400,139,0,0,532500,89100,0
2023-03-30,ATM005,transit_hub,1246500,390,0,0,1668400,421800,0
2023-03-31,ATM001,metro_retail,1730000,541,0,3099000,3540000,1810100,0
2023-03-31,ATM002,urban_residential,833800,261,0,0,1466900,633100,0
2023-03-31,ATM003,corporate_park,1075000,336,0,0,1668800,593800,0
2023-03-31,ATM004,rural_branch,696300,218,0,1181000,1270100,573800,0
2023-03-31,ATM005,transit_hub,1582800,495,0,3258000,3679800,2097000,0
2023-04-01,ATM001,metro_retail,1810100,566,0,0,1810100,0,1
2023-04-01,ATM002,urban_residential,1214600,380,0,1397000,2030100,815500,0
2023-04-01,ATM003,corporate_park,1220700,381,0,1756000,2349800,1129000,0
2023-04-01,ATM004,rural_branch,573800,179,0,0,573800,0,1
2023-04-01,ATM005,transit_hub,2097000,655,0,0,2097000,0,1
2023-04-02,ATM001,metro_retail,1772500,554,0,3540000,3540000,1767500,0
2023-04-02,ATM002,urban_residential,815500,255,0,0,815500,0,1
2023-04-02,ATM003,corporate_park,1127300,352,0,0,1129000,1800,0
2023-04-02,ATM004,rural_branch,837400,262,0,1270000,1270000,432600,0
2023-04-02,ATM005,transit_hub,1855500,580,0,3680000,3680000,1824500,0
2023-04-03,ATM001,metro_retail,1274300,398,0,0,1767500,493200,0
2023-04-03,ATM002,urban_residential,779300,244,0,2030000,2030000,1250700,0
2023-04-03,ATM003,corporate_park,908100,284,0,2348000,2349800,1441700,0
2023-04-03,ATM004,rural_branch,504200,158,0,837000,1269600,765300,0
2023-04-03,ATM005,transit_hub,1516200,474,0,0,1824500,308300,0
2023-04-04,ATM001,metro_retail,748600,234,0,3047000,3540200,2791500,0
2023-04-04,ATM002,urban_residential,407600,127,0,0,1250700,843000,0
2023-04-04,ATM003,corporate_park,555800,174,0,0,1441700,885900,0
2023-04-04,ATM004,rural_branch,315600,99,0,0,765300,449800,0
2023-04-04,ATM005,transit_hub,843300,264,0,3372000,3680300,2837000,0
2023-04-05,ATM001,metro_retail,911300,285,0,0,2791500,1880200,0
2023-04-05,ATM002,urban_residential,443100,138,0,0,843000,399900,0
2023-04-05,ATM003,corporate_park,523600,164,0,0,885900,362300,0
2023-04-05,ATM004,rural_branch,332200,104,0,0,449800,117600,0
2023-04-05,ATM005,transit_hub,845500,264,0,0,2837000,1991500,0
2023-04-06,ATM001,metro_retail,929400,290,0,0,1880200,950800,0
2023-04-06,ATM002,urban_residential,467200,146,0,1630000,2029900,1562600,0
2023-04-06,ATM003,corporate_park,643600,201,0,1988000,2350300,1706700,0
2023-04-06,ATM004,rural_branch,380300,119,0,1152000,1269600,889200,0
2023-04-06,ATM005,transit_hub,910400,285,0,0,1991500,1081100,0
2023-04-07,ATM001,metro_retail,1373500,429,0,2589000,3539800,2166300,0
2023-04-07,ATM002,urban_residential,736900,230,0,0,1562600,825700,0
2023-04-07,ATM003,corporate_park,782400,244,0,0,1706700,924300,0
2023-04-07,ATM004,rural_branch,501600,157,0,0,889200,387600,0
2023-04-07,ATM005,transit_hub,1506300,471,0,2599000,3680100,2173800,0
2023-04-08,ATM001,metro_retail,1755200,548,0,0,2166300,411100,0
2023-04-08,ATM002,urban_residential,825700,258,0,0,825700,0,1
2023-04-08,ATM003,corporate_park,924300,289,0,0,924300,0,1
2023-04-08,ATM004,rural_branch,744500,233,0,882000,1269600,525200,0
2023-04-08,ATM005,transit_hub,1643400,514,0,0,2173800,530400,0
2023-04-09,ATM001,metro_retail,1440900,450,0,3129000,3540100,2099200,0
2023-04-09,ATM002,urban_residential,771800,241,0,2030000,2030000,1258200,0
2023-04-09,ATM003,corporate_park,821000,257,0,2350000,2350000,1529000,0
2023-04-09,ATM004,rural_branch,525200,164,0,0,525200,0,1
2023-04-09,ATM005,transit_hub,1484800,464,0,3150000,3680400,2195500,0
2023-04-10,ATM001,metro_retail,1131800,354,0,0,2099200,967400,0
2023-04-10,ATM002,urban_residential,554100,173,0,0,1258200,704100,0
2023-04-10,ATM003,corporate_park,730900,228,0,0,1529000,798100,0
2023-04-10,ATM004,rural_branch,406400,127,0,1270000,1270000,863600,0
2023-04-10,ATM005,transit_hub,1184100,370,0,0,2195500,1011400,0
2023-04-11,ATM001,metro_retail,768100,240,0,2573000,3540400,2772300,0
2023-04-11,ATM002,urban_residential,421800,132,0,1326000,2030100,1608300,0
2023-04-11,ATM003,corporate_park,528700,165,0,1552000,2350100,1821400,0
2023-04-11,ATM004,rural_branch,326800,102,0,0,863600,536800,0
2023-04-11,ATM005,transit_hub,794400,248,0,2669000,3680400,2886000,0
2023-04-12,ATM001,metro_retail,789000,247,0,0,2772300,1983300,0
2023-04-12,ATM002,urban_residential,398400,124,0,0,1608300,1210000,0
2023-04-12,ATM003,corporate_park,521700,163,0,0,1821400,1299700,0
2023-04-12,ATM004,rural_branch,280100,88,0,0,536800,256700,0
2023-04-12,ATM005,transit_hub,903400,282,0,0,2886000,1982500,0
2023-04-13,ATM001,metro_retail,913300,285,0,0,1983300,1070000,0
2023-04-13,ATM002,urban_residential,455200,142,0,0,1210000,754800,0
2023-04-13,ATM003,corporate_park,623200,195,0,0,1299700,676500,0
2023-04-13,ATM004,rural_branch,287800,90,0,1013000,1269700,981900,0
2023-04-13,ATM005,transit_hub,1019800,319,0,0,1982500,962800,0
2023-04-14,ATM001,metro_retail,1453100,454,1,2470000,3540000,2087000,0
2023-04-14,ATM002,urban_residential,747400,234,1,0,754800,7300,0
2023-04-14,ATM003,corporate_park,901800,282,1,1674000,2350500,1448700,0
2023-04-14,ATM004,rural_branch,649600,203,1,0,981900,332300,0
2023-04-14,ATM005,transit_hub,1474700,461,1,2717000,3679800,2205100,0
2023-04-15,ATM001,metro_retail,1935900,605,0,0,2087000,151000,0
2023-04-15,ATM002,urban_residential,1038300,324,0,2023000,2030300,992000,0
2023-04-15,ATM003,corporate_park,1038200,324,0,0,1448700,410600,0
2023-04-15,ATM004,rural_branch,755500,236,0,938000,1270300,514800,0
2023-04-15,ATM005,transit_hub,1882300,588,0,0,2205100,322900,0
2023-04-16,ATM001,metro_retail,1298200,406,0,3389000,3540000,2241800,0
2023-04-16,ATM002,urban_residential,746000,233,0,0,992000,246000,0
2023-04-16,ATM003,corporate_park,801400,250,0,1939000,2349600,1548100,0
2023-04-16,ATM004,rural_branch,488200,153,0,0,514800,26600,0
2023-04-16,ATM005,transit_hub,1325400,414,0,3357000,3679900,2354500,0
2023-04-17,ATM001,metro_retail,1077000,337,0,0,2241800,1164700,0
2023-04-17,ATM002,urban_residential,679500,212,0,1784000,2030000,1350500,0
2023-04-17,ATM003,corporate_park,621400,194,0,0,1548100,926700,0
2023-04-17,ATM004,rural_branch,412500,129,0,1243000,1269600,857100,0
2023-04-17,ATM005,transit_hub,1252600,391,0,0,2354500,1101900,0
2023-04-18,ATM001,metro_retail,967700,302,0,2375000,3539700,2572000,0
2023-04-18,ATM002,urban_residential,453900,142,0,0,1350500,896600,0
2023-04-18,ATM003,corporate_park,574700,180,0,0,926700,352100,0
2023-04-18,ATM004,rural_branch,333300,104,0,0,857100,523900,0
2023-04-18,ATM005,transit_hub,753500,235,0,2578000,3679900,2926400,0
2023-04-19,ATM001,metro_retail,859600,269,0,0,2572000,1712400,0
2023-04-19,ATM002,urban_residential,438000,137,0,0,896600,458600,0
2023-04-19,ATM003,corporate_park,547500,171,0,1998000,2350100,1802600,0
2023-04-19,ATM004,rural_branch,291100,91,0,0,523900,232800,0
2023-04-19,ATM005,transit_hub,849600,266,0,0,2926400,2076800,0
2023-04-20,ATM001,metro_retail,952200,298,0,0,1712400,760200,0
2023-04-20,ATM002,urban_residential,480200,150,0,1571000,2029600,1549400,0
2023-04-20,ATM003,corporate_park,530700,166,0,0,1802600,1271800,0
2023-04-20,ATM004,rural_branch,392200,123,0,1037000,1269800,877600,0
2023-04-20,ATM005,transit_hub,1027100,321,0,0,2076800,1049700,0
2023-04-21,ATM001,metro_retail,1270200,397,0,2780000,3540200,2270000,0
2023-04-21,ATM002,urban_residential,623400,195,0,0,1549400,926000,0
2023-04-21,ATM003,corporate_park,646700,202,0,0,1271800,625100,0
2023-04-21,ATM004,rural_branch,450100,141,0,0,877600,427500,0
2023-04-21,ATM005,transit_hub,1197400,374,0,2630000,3679700,2482300,0
2023-04-22,ATM001,metro_retail,1742300,544,0,0,2270000,527700,0
2023-04-22,ATM002,urban_residential,898700,281,0,0,926000,27300,0
2023-04-22,ATM003,corporate_park,909000,284,0,1725000,2350100,1441100,0
2023-04-22,ATM004,rural_branch,683000,213,0,842000,1269500,586600,0
2023-04-22,ATM005,transit_hub,1731300,541,0,0,2482300,751000,0
2023-04-23,ATM001,metro_retail,1538900,481,0,3012000,3539700,2000800,0
2023-04-23,ATM002,urban_residential,663500,207,0,2003000,2030300,1366700,0
2023-04-23,ATM003,corporate_park,861800,269,0,0,1441100,579300,0
2023-04-23,ATM004,rural_branch,503500,157,0,0,586600,83000,0
2023-04-23,ATM005,transit_hub,1340100,419,0,2929000,3680000,2339900,0
2023-04-24,ATM001,metro_retail,1077100,337,0,0,2000800,923700,0
2023-04-24,ATM002,urban_residential,606000,189,0,0,1366700,760700,0
2023-04-24,ATM003,corporate_park,607800,190,0,1771000,2350300,1742500,0
2023-04-24,ATM004,rural_branch,428700,134,0,1187000,1270000,841300,0
2023-04-24,ATM005,transit_hub,1192100,373,0,0,2339900,1147700,0
2023-04-25,ATM001,metro_retail,913600,285,0,2616000,3539700,2626200,0
2023-04-25,ATM002,urban_residential,458900,143,0,0,760700,301900,0
2023-04-25,ATM003,corporate_park,439100,137,0,0,1742500,1303500,0
2023-04-25,ATM004,rural_branch,366200,114,0,0,841300,475100,0
2023-04-25,ATM005,transit_hub,761400,238,0,2532000,3679700,2918300,0
2023-04-26,ATM001,metro_retail,783500,245,0,0,2626200,1842700,0
2023-04-26,ATM002,urban_residential,460200,144,0,1728000,2029900,1569700,0
2023-04-26,ATM003,corporate_park,467700,146,0,0,1303500,835800,0
2023-04-26,ATM004,rural_branch,321000,100,0,0,475100,154200,0
2023-04-26,ATM005,transit_hub,813500,254,0,0,2918300,2104800,0
2023-04-27,ATM001,metro_retail,937600,293,0,0,1842700,905100,0
2023-04-27,ATM002,urban_residential,473100,148,0,0,1569700,1096600,0
2023-04-27,ATM003,corporate_park,451800,141,0,0,835800,384000,0
2023-04-27,ATM004,rural_branch,324100,101,0,1116000,1270200,946000,0
2023-04-27,ATM005,transit_hub,863100,270,0,0,2104800,1241800,0
2023-04-28,ATM001,metro_retail,1747600,546,0,2635000,3540100,1792500,0
2023-04-28,ATM002,urban_residential,794100,248,0,0,1096600,302500,0
2023-04-28,ATM003,corporate_park,1019400,319,0,1966000,2350000,1330600,0
2023-04-28,ATM004,rural_branch,629600,197,0,0,946000,316500,0
2023-04-28,ATM005,transit_hub,1659900,519,0,2438000,3679800,2019900,0
2023-04-29,ATM001,metro_retail,1792500,560,0,0,1792500,0,1
2023-04-29,ATM002,urban_residential,1082100,338,0,1727000,2029500,947400,0
2023-04-29,ATM003,corporate_park,1207300,377,0,0,1330600,123300,0
2023-04-29,ATM004,rural_branch,865800,271,0,954000,1270500,404700,0
2023-04-29,ATM005,transit_hub,1883200,589,0,0,2019900,136600,0
2023-04-30,ATM001,metro_retail,1920100,600,0,3540000,3540000,1619900,0
2023-04-30,ATM002,urban_residential,947400,296,0,0,947400,0,1
2023-04-30,ATM003,corporate_park,1083900,339,0,2227000,2350300,1266400,0
2023-04-30,ATM004,rural_branch,669000,209,0,865000,1269700,600700,0
2023-04-30,ATM005,transit_hub,2085200,652,0,3543000,3679600,1594500,0
2023-05-01,ATM001,metro_retail,1492200,466,0,0,1619900,127700,0
2023-05-01,ATM002,urban_residential,868400,271,0,2030000,2030000,1161600,0
2023-05-01,ATM003,corporate_park,1079000,337,0,0,1266400,187400,0
2023-05-01,ATM004,rural_branch,568900,178,0,0,600700,31800,0
2023-05-01,ATM005,transit_hub,1594500,498,0,0,1594500,0,1
2023-05-02,ATM001,metro_retail,1093300,342,0,3412000,3539700,2446400,0
2023-05-02,ATM002,urban_residential,591800,185,0,0,1161600,569800,0
2023-05-02,ATM003,corporate_park,651900,204,0,2163000,2350400,1698500,0
2023-05-02,ATM004,rural_branch,505700,158,0,1238000,1269800,764100,0
2023-05-02,ATM005,transit_hub,1108100,346,0,3680000,3680000,2571900,0
2023-05-03,ATM001,metro_retail,1033400,323,0,0,2446400,1413000,0
2023-05-03,ATM002,urban_residential,584200,183,0,1460000,2029800,1445600,0
2023-05-03,ATM003,corporate_park,501800,157,0,0,1698500,1196800,0
2023-05-03,ATM004,rural_branch,440700,138,0,0,764100,323400,0
2023-05-03,ATM005,transit_hub,1185100,370,0,0,2571900,1386800,0
2023-05-04,ATM001,metro_retail,1017500,318,0,0,1413000,395500,0
2023-05-04,ATM002,urban_residential,481900,151,0,0,1445600,963600,0
2023-05-04,ATM003,corporate_park,541700,169,0,0,1196800,655000,0
2023-05-04,ATM004,rural_branch,319000,100,0,947000,1270400,951400,0
2023-05-04,ATM005,transit_hub,907400,284,0,0,1386800,479400,0
2023-05-05,ATM001,metro_retail,1298800,406,0,3144000,3539500,2240700,0
2023-05-05,ATM002,urban_residential,766400,239,0,0,963600,197200,0
2023-05-05,ATM003,corporate_park,794800,248,0,1695000,2350000,1555300,0
2023-05-05,ATM004,rural_branch,415800,130,0,0,951400,535600,0
2023-05-05,ATM005,transit_hub,1294100,404,0,3201000,3680400,2386300,0
2023-05-06,ATM001,metro_retail,1764500,551,0,0,2240700,476200,0
2023-05-06,ATM002,urban_residential,958900,300,0,1833000,2030200,1071300,0
2023-05-06,ATM003,corporate_park,847000,265,0,0,1555300,708200,0
2023-05-06,ATM004,rural_branch,535600,167,0,0,535600,0,1
2023-05-06,ATM005,transit_hub,1700300,531,0,0,2386300,686000,0
2023-05-07,ATM001,metro_retail,1457600,456,0,3064000,3540200,2082500,0
2023-05-07,ATM002,urban_residential,869500,272,0,0,1071300,201800,0
2023-05-07,ATM003,corporate_park,882900,276,0,1642000,2350200,1467300,0
2023-05-07,ATM004,rural_branch,529300,165,0,1270000,1270000,740700,0
2023-05-07,ATM005,transit_hub,1778000,556,0,2994000,3680000,1902100,0
2023-05-08,ATM001,metro_retail,1078000,337,0,0,2082500,1004500,0
2023-05-08,ATM002,urban_residential,561100,175,0,1828000,2029800,1468800,0
2023-05-08,ATM003,corporate_park,642200,201,0,0,1467300,825100,0
2023-05-08,ATM004,rural_branch,397300,124,0,0,740700,343300,0
2023-05-08,ATM005,transit_hub,1147600,359,0,0,1902100,754400,0
2023-05-09,ATM001,metro_retail,793100,248,0,2535000,3539500,2746500,0
2023-05-09,ATM002,urban_residential,518300,162,0,0,1468800,950400,0
2023-05-09,ATM003,corporate_park,525600,164,0,0,825100,299600,0
2023-05-09,ATM004,rural_branch,312200,98,0,927000,1270300,958100,0
2023-05-09,ATM005,transit_hub,784500,245,0,2926000,3680400,2896000,0
2023-05-10,ATM001,metro_retail,800000,250,0,0,2746500,1946500,0
2023-05-10,ATM002,urban_residential,451000,141,0,0,950400,499400,0
2023-05-10,ATM003,corporate_park,461000,144,0,2050000,2349600,1888500,0
2023-05-10,ATM004,rural_branch,267400,84,0,0,958100,690700,0
2023-05-10,ATM005,transit_hub,848500,265,0,0,2896000,2047500,0
2023-05-11,ATM001,metro_retail,953900,298,0,0,1946500,992600,0
2023-05-11,ATM002,urban_residential,441100,138,0,1531000,2030400,1589300,0
2023-05-11,ATM003,corporate_park,690600,216,0,0,1888500,1197900,0
2023-05-11,ATM004,rural_branch,346700,108,0,0,690700,344000,0
2023-05-11,ATM005,transit_hub,941200,294,0,0,2047500,1106300,0
2023-05-12,ATM001,metro_retail,1273700,398,0,2547000,3539600,2265900,0
2023-05-12,ATM002,urban_residential,614200,192,0,0,1589300,975200,0
2023-05-12,ATM003,corporate_park,744500,233,0,0,1197900,453400,0
2023-05-12,ATM004,rural_branch,355400,111,0,926000,1270000,914600,0
2023-05-12,ATM005,transit_hub,1266400,396,0,2574000,3680300,2413900,0
2023-05-13,ATM001,metro_retail,1822300,569,0,0,2265900,443600,0
2023-05-13,ATM002,urban_residential,836000,261,0,0,975200,139200,0
2023-05-13,ATM003,corporate_park,980200,306,0,1897000,2350400,1370200,0
2023-05-13,ATM004,rural_branch,630100,197,0,0,914600,284500,0
2023-05-13,ATM005,transit_hub,1579000,493,0,0,2413900,834900,0
2023-05-14,ATM001,metro_retail,1369700,428,0,3096000,3539600,2169900,0
2023-05-14,ATM002,urban_residential,749300,234,0,1891000,2030200,1280900,0
2023-05-14,ATM003,corporate_park,794700,248,0,0,1370200,575500,0
2023-05-14,ATM004,rural_branch,632800,198,0,985000,1269500,636700,0
2023-05-14,ATM005,transit_hub,1335400,417,0,2845000,3679900,2344500,0
2023-05-15,ATM001,metro_retail,1167900,365,0,0,2169900,1002100,0
2023-05-15,ATM002,urban_residential,672500,210,0,0,1280900,608300,0
2023-05-15,ATM003,corporate_park,574800,180,0,1774000,2349500,1774700,0
2023-05-15,ATM004,rural_branch,398800,125,0,0,636700,237900,0
2023-05-15,ATM005,transit_hub,1089400,340,0,0,2344500,1255100,0
2023-05-16,ATM001,metro_retail,920000,288,0,2538000,3540100,2620100,0
2023-05-16,ATM002,urban_residential,488100,153,0,1422000,2030300,1542200,0
2023-05-16,ATM003,corporate_park,593900,186,0,0,1774700,1180800,0
2023-05-16,ATM004,rural_branch,236200,74,0,1032000,1269900,1033700,0
2023-05-16,ATM005,transit_hub,888900,278,0,2425000,3680100,2791200,0
2023-05-17,ATM001,metro_retail,797300,249,0,0,2620100,1822800,0
2023-05-17,ATM002,urban_residential,492700,154,0,0,1542200,1049500,0
2023-05-17,ATM003,corporate_park,367000,115,0,0,1180800,813800,0
2023-05-17,ATM004,rural_branch,312700,98,0,0,1033700,721000,0
2023-05-17,ATM005,transit_hub,788800,247,0,0,2791200,2002400,0
2023-05-18,ATM001,metro_retail,829300,259,0,0,1822800,993500,0
2023-05-18,ATM002,urban_residential,474200,148,0,0,1049500,575200,0
2023-05-18,ATM003,corporate_park,614300,192,0,1536000,2349800,1735500,0
2023-05-18,ATM004,rural_branch,366700,115,0,0,721000,354200,0
2023-05-18,ATM005,transit_hub,865400,270,0,0,2002400,1137000,0
2023-05-19,ATM001,metro_retail,1382000,432,0,2547000,3540500,2158500,0
2023-05-19,ATM002,urban_residential,709600,222,0,1455000,2030200,1320600,0
2023-05-19,ATM003,corporate_park,677200,212,0,0,1735500,1058200,0
2023-05-19,ATM004,rural_branch,456800,143,0,916000,1270200,813400,0
2023-05-19,ATM005,transit_hub,1323200,413,0,2543000,3680000,2356800,0
2023-05-20,ATM001,metro_retail,1714600,536,0,0,2158500,443900,0
2023-05-20,ATM002,urban_residential,1041000,325,0,0,1320600,279600,0
2023-05-20,ATM003,corporate_park,853400,267,0,0,1058200,204900,0
2023-05-20,ATM004,rural_branch,636700,199,0,0,813400,176700,0
2023-05-20,ATM005,transit_hub,1815000,567,0,0,2356800,541800,0
2023-05-21,ATM001,metro_retail,1219100,381,0,3096000,3539900,2320800,0
2023-05-21,ATM002,urban_residential,819900,256,0,1750000,2029600,1209600,0
2023-05-21,ATM003,corporate_park,822500,257,0,2145000,2349900,1527400,0
2023-05-21,ATM004,rural_branch,614000,192,0,1093000,1269700,655700,0
2023-05-21,ATM005,transit_hub,1312700,410,0,3138000,3679800,2367200,0
2023-05-22,ATM001,metro_retail,1078700,337,0,0,2320800,1242100,0
2023-05-22,ATM002,urban_residential,648900,203,0,0,1209600,560800,0
2023-05-22,ATM003,corporate_park,808200,253,0,0,1527400,719200,0
2023-05-22,ATM004,rural_branch,485500,152,0,0,655700,170200,0
2023-05-22,ATM005,transit_hub,1104100,345,0,0,2367200,1263100,0
2023-05-23,ATM001,metro_retail,832800,260,0,0,1242100,409300,0
2023-05-23,ATM002,urban_residential,412300,129,0,1469000,2029800,1617500,0
2023-05-23,ATM003,corporate_park,540100,169,0,1631000,2350200,1810100,0
2023-05-23,ATM004,rural_branch,335000,105,0,1100000,1270200,935200,0
2023-05-23,ATM005,transit_hub,829600,259,0,2417000,3680100,2850500,0
2023-05-24,ATM001,metro_retail,921600,288,0,3131000,3540300,2618700,0
2023-05-24,ATM002,urban_residential,432000,135,0,0,1617500,1185500,0
2023-05-24,ATM003,corporate_park,479500,150,0,0,1810100,1330600,0
2023-05-24,ATM004,rural_branch,272200,85,0,0,935200,663000,0
2023-05-24,ATM005,transit_hub,879000,275,0,0,2850500,1971500,0
2023-05-25,ATM001,metro_retail,870700,272,0,0,2618700,1748000,0
2023-05-25,ATM002,urban_residential,445500,139,0,0,1185500,740000,0
2023-05-25,ATM003,corporate_park,507700,159,0,0,1330600,822900,0
2023-05-25,ATM004,rural_branch,348300,109,0,0,663000,314700,0
2023-05-25,ATM005,transit_hub,839100,262,0,0,1971500,1132400,0
2023-05-26,ATM001,metro_retail,1236100,386,0,0,1748000,512000,0
2023-05-26,ATM002,urban_residential,555600,174,0,0,740000,184400,0
2023-05-26,ATM003,corporate_park,809200,253,0,0,822900,13700,0
2023-05-26,ATM004,rural_branch,431300,135,0,955000,1269700,838400,0
2023-05-26,ATM005,transit_hub,1192600,373,0,2548000,3680400,2487800,0
2023-05-27,ATM001,metro_retail,1585600,496,0,3028000,3540000,1954300,0
2023-05-27,ATM002,urban_residential,894100,279,0,1846000,2030400,1136300,0
2023-05-27,ATM003,corporate_park,933300,292,0,2336000,2349700,1416400,0
2023-05-27,ATM004,rural_branch,622300,194,0,0,838400,216100,0
2023-05-27,ATM005,transit_hub,1723500,539,0,0,2487800,764300,0
2023-05-28,ATM001,metro_retail,1304800,408,0,0,1954300,649500,0
2023-05-28,ATM002,urban_residential,848800,265,0,0,1136300,287500,0
2023-05-28,ATM003,corporate_park,886200,277,0,0,1416400,530200,0
2023-05-28,ATM004,rural_branch,527600,165,0,1054000,1270100,742500,0
2023-05-28,ATM005,transit_hub,1360200,425,0,2916000,3680300,2320100,0
2023-05-29,ATM001,metro_retail,1342700,420,0,2890000,3539500,2196900,0
2023-05-29,ATM002,urban_residential,726900,227,0,1743000,2030500,1303600,0
2023-05-29,ATM003,corporate_park,722900,226,0,1820000,2350200,1627300,0
2023-05-29,ATM004,rural_branch,504300,158,0,0,742500,238300,0
2023-05-29,ATM005,transit_hub,1360900,425,0,0,2320100,959200,0
2023-05-30,ATM001,metro_retail,1019000,318,0,0,2196900,1177900,0
2023-05-30,ATM002,urban_residential,604500,189,0,0,1303600,699100,0
2023-05-30,ATM003,corporate_park,715900,224,0,0,1627300,911400,0
2023-05-30,ATM004,rural_branch,478900,150,0,1032000,1270300,791400,0
2023-05-30,ATM005,transit_hub,1113100,348,0,2721000,3680200,2567000,0
2023-05-31,ATM001,metro_retail,1015500,317,0,2362000,3539900,2524300,0
2023-05-31,ATM002,urban_residential,557600,174,0,1331000,2030100,1472400,0
2023-05-31,ATM003,corporate_park,652900,204,0,0,911400,258500,0
2023-05-31,ATM004,rural_branch,392000,123,0,0,791400,399400,0
2023-05-31,ATM005,transit_hub,1020900,319,0,0,2567000,1546200,0
2023-06-01,ATM001,metro_retail,1199300,375,0,0,2524300,1325000,0
2023-06-01,ATM002,urban_residential,658400,206,0,0,1472400,814000,0
2023-06-01,ATM003,corporate_park,698300,218,0,2092000,2350500,1652200,0
2023-06-01,ATM004,rural_branch,428900,134,0,871000,1270400,841600,0
2023-06-01,ATM005,transit_hub,1295000,405,0,0,1546200,251200,0
2023-06-02,ATM001,metro_retail,1325000,414,0,0,1325000,0,1
2023-06-02,ATM002,urban_residential,814000,254,0,0,814000,0,1
2023-06-02,ATM003,corporate_park,939300,294,0,0,1652200,712900,0
2023-06-02,ATM004,rural_branch,669400,209,0,0,841600,172200,0
2023-06-02,ATM005,transit_hub,1904300,595,0,3429000,3680200,1775900,0
2023-06-03,ATM001,metro_retail,1908800,596,0,3540000,3540000,1631200,0
2023-06-03,ATM002,urban_residential,1023500,320,0,2030000,2030000,1006500,0
2023-06-03,ATM003,corporate_park,1190900,372,0,1637000,2349900,1159000,0
2023-06-03,ATM004,rural_branch,835700,261,0,1098000,1270200,434500,0
2023-06-03,ATM005,transit_hub,1775900,555,0,0,1775900,0,1
2023-06-04,ATM001,metro_retail,1348900,422,0,0,1631200,282300,0
2023-06-04,ATM002,urban_residential,836700,261,0,0,1006500,169900,0
2023-06-04,ATM003,corporate_park,795900,249,0,0,1159000,363100,0
2023-06-04,ATM004,rural_branch,544100,170,0,836000,1270500,726400,0
2023-06-04,ATM005,transit_hub,1413300,442,0,3680000,3680000,2266700,0
2023-06-05,ATM001,metro_retail,1035200,324,0,3258000,3540300,2505100,0
2023-06-05,ATM002,urban_residential,508000,159,0,1860000,2029900,1521900,0
2023-06-05,ATM003,corporate_park,681500,213,0,1987000,2350100,1668600,0
2023-06-05,ATM004,rural_branch,380600,119,0,0,726400,345800,0
2023-06-05,ATM005,transit_hub,1095800,342,0,0,2266700,1170900,0
2023-06-06,ATM001,metro_retail,794800,248,0,0,2505100,1710400,0
2023-06-06,ATM002,urban_residential,469500,147,0,0,1521900,1052400,0
2023-06-06,ATM003,corporate_park,461700,144,0,0,1668600,1206900,0
2023-06-06,ATM004,rural_branch,303100,95,0,924000,1269800,966600,0
2023-06-06,ATM005,transit_hub,759600,237,0,2509000,3679900,2920300,0
2023-06-07,ATM001,metro_retail,942000,294,0,0,1710400,768400,0
2023-06-07,ATM002,urban_residential,484400,151,0,0,1052400,568000,0
2023-06-07,ATM003,corporate_park,496100,155,0,0,1206900,710800,0
2023-06-07,ATM004,rural_branch,320400,100,0,0,966600,646200,0
2023-06-07,ATM005,transit_hub,943700,295,0,0,2920300,1976600,0
2023-06-08,ATM001,metro_retail,909400,284,0,2772000,3540400,2631000,0
2023-06-08,ATM002,urban_residential,522100,163,0,1462000,2030000,1507900,0
2023-06-08,ATM003,corporate_park,658700,206,0,1639000,2349800,1691100,0
2023-06-08,ATM004,rural_branch,326600,102,0,0,646200,319600,0
2023-06-08,ATM005,transit_hub,991200,310,0,0,1976600,985400,0
2023-06-09,ATM001,metro_retail,1250400,391,0,0,2631000,1380700,0
2023-06-09,ATM002,urban_residential,708000,221,0,0,1507900,799900,0
2023-06-09,ATM003,corporate_park,708200,221,0,0,1691100,982900,0
2023-06-09,ATM004,rural_branch,445700,139,0,950000,1269600,823900,0
2023-06-09,ATM005,transit_hub,1409600,441,0,2695000,3680400,2270800,0
2023-06-10,ATM001,metro_retail,1380700,431,0,0,1380700,0,1
2023-06-10,ATM002,urban_residential,770100,241,0,0,799900,29800,0
2023-06-10,ATM003,corporate_park,929600,290,0,0,982900,53300,0
2023-06-10,ATM004,rural_branch,611500,191,0,0,823900,212400,0
2023-06-10,ATM005,transit_hub,2098100,656,0,0,2270800,172700,0
2023-06-11,ATM001,metro_retail,1533300,479,0,3540000,3540000,2006700,0
2023-06-11,ATM002,urban_residential,651000,203,0,2000000,2029800,1378800,0
2023-06-11,ATM003,corporate_park,818800,256,0,2297000,2350300,1531500,0
2023-06-11,ATM004,rural_branch,473400,148,0,1058000,1270400,797000,0
2023-06-11,ATM005,transit_hub,1396900,437,0,3507000,3679700,2282700,0
2023-06-12,ATM001,metro_retail,1095600,342,0,0,2006700,911100,0
2023-06-12,ATM002,urban_residential,542100,169,0,0,1378800,836700,0
2023-06-12,ATM003,corporate_park,647900,202,0,0,1531500,883700,0
2023-06-12,ATM004,rural_branch,422200,132,0,0,797000,374700,0
2023-06-12,ATM005,transit_hub,1157500,362,0,0,2282700,1125300,0
2023-06-13,ATM001,metro_retail,881300,275,0,2629000,3540100,2658800,0
2023-06-13,ATM002,urban_residential,443600,139,0,0,836700,393100,0
2023-06-13,ATM003,corporate_park,586000,183,0,0,883700,297700,0
2023-06-13,ATM004,rural_branch,293200,92,0,895000,1269700,976500,0
2023-06-13,ATM005,transit_hub,786400,246,0,2555000,3680300,2893900,0
2023-06-14,ATM001,metro_retail,713400,223,0,0,2658800,1945300,0
2023-06-14,ATM002,urban_residential,450200,141,0,1637000,2030100,1579900,0
2023-06-14,ATM003,corporate_park,464100,145,0,2052000,2349700,1885600,0
2023-06-14,ATM004,rural_branch,337800,106,0,0,976500,638700,0
2023-06-14,ATM005,transit_hub,981900,307,0,0,2893900,1912000,0
2023-06-15,ATM001,metro_retail,965800,302,0,0,1945300,979500,0
2023-06-15,ATM002,urban_residential,519000,162,0,0,1579900,1061000,0
2023-06-15,ATM003,corporate_park,647300,202,0,0,1885600,1238300,0
2023-06-15,ATM004,rural_branch,393100,123,0,0,638700,245600,0
2023-06-15,ATM005,transit_hub,1089200,340,0,0,1912000,822800,0
2023-06-16,ATM001,metro_retail,1127900,352,0,2561000,3540500,2412600,0
2023-06-16,ATM002,urban_residential,704300,220,0,0,1061000,356700,0
2023-06-16,ATM003,corporate_park,707700,221,0,0,1238300,530600,0
2023-06-16,ATM004,rural_branch,556700,174,0,1024000,1269600,712900,0
2023-06-16,ATM005,transit_hub,1377400,430,0,2857000,3679800,2302400,0
2023-06-17,ATM001,metro_retail,1638700,512,0,0,2412600,773900,0
2023-06-17,ATM002,urban_residential,810500,253,0,1673000,2029700,1219200,0
2023-06-17,ATM003,corporate_park,1036100,324,0,1819000,2349600,1313500,0
2023-06-17,ATM004,rural_branch,546300,171,0,0,712900,166600,0
2023-06-17,ATM005,transit_hub,1753300,548,0,0,2302400,549100,0
2023-06-18,ATM001,metro_retail,1426900,446,0,2766000,3539900,2113000,0
2023-06-18,ATM002,urban_residential,680600,213,0,0,1219200,538700,0
2023-06-18,ATM003,corporate_park,816500,255,0,0,1313500,497000,0
2023-06-18,ATM004,rural_branch,625300,195,0,1103000,1269600,644400,0
2023-06-18,ATM005,transit_hub,1416700,443,0,3131000,3680100,2263400,0
2023-06-19,ATM001,metro_retail,1038500,325,0,0,2113000,1074500,0
2023-06-19,ATM002,urban_residential,592400,185,0,1491000,2029700,1437300,0
2023-06-19,ATM003,corporate_park,654300,204,0,1853000,2350000,1695700,0
2023-06-19,ATM004,rural_branch,407800,127,0,0,644400,236600,0
2023-06-19,ATM005,transit_hub,930600,291,0,0,2263400,1332800,0
2023-06-20,ATM001,metro_retail,884800,276,0,2465000,3539500,2654700,0
2023-06-20,ATM002,urban_residential,448400,140,0,0,1437300,989000,0
2023-06-20,ATM003,corporate_park,521800,163,0,0,1695700,1173900,0
2023-06-20,ATM004,rural_branch,337800,106,0,1033000,1269600,931800,0
2023-06-20,ATM005,transit_hub,950000,297,0,0,1332800,382800,0
2023-06-21,ATM001,metro_retail,784600,245,0,0,2654700,1870100,0
2023-06-21,ATM002,urban_residential,453300,142,0,0,989000,535700,0
2023-06-21,ATM003,corporate_park,513700,161,0,0,1173900,660200,0
2023-06-21,ATM004,rural_branch,338800,106,0,0,931800,593000,0
2023-06-21,ATM005,transit_hub,894100,279,0,3297000,3679800,2785800,0
2023-06-22,ATM001,metro_retail,946500,296,0,0,1870100,923700,0
2023-06-22,ATM002,urban_residential,450500,141,0,1494000,2029700,1579200,0
2023-06-22,ATM003,corporate_park,489600,153,0,1690000,2350200,1860600,0
2023-06-22,ATM004,rural_branch,379300,119,0,0,593000,213700,0
2023-06-22,ATM005,transit_hub,934700,292,0,0,2785800,1851100,0
2023-06-23,ATM001,metro_retail,1172000,366,0,2616000,3539700,2367700,0
2023-06-23,ATM002,urban_residential,664300,208,0,0,1579200,914900,0
2023-06-23,ATM003,corporate_park,700800,219,0,0,1860600,1159800,0
2023-06-23,ATM004,rural_branch,482500,151,0,1056000,1269700,787100,0
2023-06-23,ATM005,transit_hub,1195100,373,0,0,1851100,656100,0
2023-06-24,ATM001,metro_retail,1657000,518,0,0,2367700,710700,0
2023-06-24,ATM002,urban_residential,914900,286,0,0,914900,0,1
2023-06-24,ATM003,corporate_park,1159800,362,0,0,1159800,0,1
2023-06-24,ATM004,rural_branch,656300,205,0,0,787100,130900,0
2023-06-24,ATM005,transit_hub,1793500,560,0,3024000,3680100,1886500,0
2023-06-25,ATM001,metro_retail,1432800,448,0,2829000,3539700,2106900,0
2023-06-25,ATM002,urban_residential,689600,216,0,2030000,2030000,1340400,0
2023-06-25,ATM003,corporate_park,871700,272,0,2350000,2350000,1478300,0
2023-06-25,ATM004,rural_branch,538900,168,0,1139000,1269900,731000,0
2023-06-25,ATM005,transit_hub,1467900,459,0,0,1886500,418700,0
2023-06-26,ATM001,metro_retail,1118100,349,0,0,2106900,988800,0
2023-06-26,ATM002,urban_residential,534600,167,0,0,1340400,805800,0
2023-06-26,ATM003,corporate_park,643800,201,0,0,1478300,834500,0
2023-06-26,ATM004,rural_branch,444400,139,0,0,731000,286600,0
2023-06-26,ATM005,transit_hub,1159700,362,0,3261000,3679700,2520000,0
2023-06-27,ATM001,metro_retail,852200,266,0,2551000,3539800,2687600,0
2023-06-27,ATM002,urban_residential,481400,150,0,0,805800,324400,0
2023-06-27,ATM003,corporate_park,557500,174,0,0,834500,277000,0
2023-06-27,ATM004,rural_branch,290900,91,0,983000,1269600,978700,0
2023-06-27,ATM005,transit_hub,787500,246,0,0,2520000,1732400,0
2023-06-28,ATM001,metro_retail,1220000,381,0,0,2687600,1467600,0
2023-06-28,ATM002,urban_residential,662900,207,0,1706000,2030400,1367500,0
2023-06-28,ATM003,corporate_park,632400,198,0,2073000,2350000,1717600,0
2023-06-28,ATM004,rural_branch,420200,131,0,0,978700,558500,0
2023-06-28,ATM005,transit_hub,1008200,315,0,0,1732400,724200,0
2023-06-29,ATM001,metro_retail,1160900,363,0,0,1467600,306700,0
2023-06-29,ATM002,urban_residential,604300,189,0,0,1367500,763200,0
2023-06-29,ATM003,corporate_park,579000,181,0,0,1717600,1138600,0
2023-06-29,ATM004,rural_branch,523300,164,0,0,558500,35300,0
2023-06-29,ATM005,transit_hub,1183000,370,0,2956000,3680200,2497200,0
2023-06-30,ATM001,metro_retail,1629900,509,0,3233000,3539700,1909800,0
2023-06-30,ATM002,urban_residential,763200,238,0,0,763200,0,1
2023-06-30,ATM003,corporate_park,1009300,315,0,0,1138600,129200,0
2023-06-30,ATM004,rural_branch,763200,238,0,1235000,1270300,507100,0
2023-06-30,ATM005,transit_hub,1647400,515,0,0,2497200,849900,0
2023-07-01,ATM001,metro_retail,1909800,597,0,0,1909800,0,1
2023-07-01,ATM002,urban_residential,1126000,352,0,2030000,2030000,904000,0
2023-07-01,ATM003,corporate_park,1387600,434,0,2221000,2350200,962700,0
2023-07-01,ATM004,rural_branch,507100,158,0,0,507100,0,1
2023-07-01,ATM005,transit_hub,2234800,698,0,2830000,3679900,1445100,0
2023-07-02,ATM001,metro_retail,2100000,656,0,3540000,3540000,1440000,0
2023-07-02,ATM002,urban_residential,904000,283,0,0,904000,0,1
2023-07-02,ATM003,corporate_park,962700,301,0,0,962700,0,1
2023-07-02,ATM004,rural_branch,851000,266,0,1270000,1270000,419000,0
2023-07-02,ATM005,transit_hub,1445100,452,0,0,1445100,0,1
2023-07-03,ATM001,metro_retail,1325400,414,0,0,1440000,114600,0
2023-07-03,ATM002,urban_residential,667700,209,0,2030000,2030000,1362300,0
2023-07-03,ATM003,corporate_park,775700,242,0,2350000,2350000,1574300,0
2023-07-03,ATM004,rural_branch,545100,170,0,851000,1270000,724900,0
2023-07-03,ATM005,transit_hub,1378700,431,0,3680000,3680000,2301300,0
2023-07-04,ATM001,metro_retail,801300,250,0,3425000,3539600,2738300,0
2023-07-04,ATM002,urban_residential,536400,168,0,0,1362300,825900,0
2023-07-04,ATM003,corporate_park,516200,161,0,0,1574300,1058100,0
2023-07-04,ATM004,rural_branch,353900,111,0,0,724900,371000,0
2023-07-04,ATM005,transit_hub,856800,268,0,0,2301300,1444400,0
2023-07-05,ATM001,metro_retail,905400,283,0,0,2738300,1832900,0
2023-07-05,ATM002,urban_residential,538800,168,0,0,825900,287100,0
2023-07-05,ATM003,corporate_park,542400,169,0,0,1058100,515700,0
2023-07-05,ATM004,rural_branch,377600,118,0,899000,1270000,892400,0
2023-07-05,ATM005,transit_hub,867100,271,0,0,1444400,577300,0
2023-07-06,ATM001,metro_retail,987200,309,0,0,1832900,845700,0
2023-07-06,ATM002,urban_residential,479500,150,0,1743000,2030100,1550600,0
2023-07-06,ATM003,corporate_park,538400,168,0,1834000,2349700,1811400,0
2023-07-06,ATM004,rural_branch,343800,107,0,0,892400,548600,0
2023-07-06,ATM005,transit_hub,1032100,323,0,3103000,3680300,2648200,0
2023-07-07,ATM001,metro_retail,1428000,446,0,2694000,3539700,2111700,0
2023-07-07,ATM002,urban_residential,766500,240,0,0,1550600,784100,0
2023-07-07,ATM003,corporate_park,810300,253,0,0,1811400,1001100,0
2023-07-07,ATM004,rural_branch,451500,141,0,0,548600,97100,0
2023-07-07,ATM005,transit_hub,1322600,413,0,0,2648200,1325600,0
2023-07-08,ATM001,metro_retail,1548400,484,0,0,2111700,563300,0
2023-07-08,ATM002,urban_residential,784100,245,0,0,784100,0,1
2023-07-08,ATM003,corporate_park,1000300,313,0,0,1001100,800,0
2023-07-08,ATM004,rural_branch,618400,193,0,1173000,1270100,651700,0
2023-07-08,ATM005,transit_hub,1325600,414,0,0,1325600,0,1
2023-07-09,ATM001,metro_retail,1436400,449,0,2977000,3540300,2104000,0
2023-07-09,ATM002,urban_residential,838300,262,0,2030000,2030000,1191700,0
2023-07-09,ATM003,corporate_park,804700,251,0,2349000,2349800,1545100,0
2023-07-09,ATM004,rural_branch,555700,174,0,0,651700,96000,0
2023-07-09,ATM005,transit_hub,1296900,405,0,3680000,3680000,2383100,0
2023-07-10,ATM001,metro_retail,1045800,327,0,0,2104000,1058200,0
2023-07-10,ATM002,urban_residential,583300,182,0,0,1191700,608300,0
2023-07-10,ATM003,corporate_park,732900,229,0,0,1545100,812200,0
2023-07-10,ATM004,rural_branch,381700,119,0,1174000,1270000,888300,0
2023-07-10,ATM005,transit_hub,1243600,389,0,0,2383100,1139500,0
2023-07-11,ATM001,metro_retail,802600,251,0,2482000,3540200,2737600,0
2023-07-11,ATM002,urban_residential,463100,145,0,1422000,2030300,1567200,0
2023-07-11,ATM003,corporate_park,518600,162,0,1538000,2350200,1831600,0
2023-07-11,ATM004,rural_branch,283000,88,0,0,888300,605300,0
2023-07-11,ATM005,transit_hub,892100,279,0,2540000,3679500,2787400,0
2023-07-12,ATM001,metro_retail,891600,279,0,0,2737600,1846100,0
2023-07-12,ATM002,urban_residential,503400,157,0,0,1567200,1063800,0
2023-07-12,ATM003,corporate_park,505900,158,0,0,1831600,1325700,0
2023-07-12,ATM004,rural_branch,296400,93,0,0,605300,308900,0
2023-07-12,ATM005,transit_hub,860900,269,0,0,2787400,1926500,0
2023-07-13,ATM001,metro_retail,807600,252,0,0,1846100,1038500,0
2023-07-13,ATM002,urban_residential,493600,154,0,0,1063800,570200,0
2023-07-13,ATM003,corporate_park,512500,160,0,0,1325700,813200,0
2023-07-13,ATM004,rural_branch,306100,96,0,961000,1269900,963900,0
2023-07-13,ATM005,transit_hub,939500,294,0,0,1926500,987000,0
2023-07-14,ATM001,metro_retail,1336100,418,0,2502000,3540500,2204400,0
2023-07-14,ATM002,urban_residential,782600,245,0,1460000,2030200,1247700,0
2023-07-14,ATM003,corporate_park,684700,214,0,1537000,2350200,1665500,0
2023-07-14,ATM004,rural_branch,527800,165,0,0,963900,436000,0
2023-07-14,ATM005,transit_hub,1480800,463,0,2693000,3680000,2199200,0
2023-07-15,ATM001,metro_retail,1910700,597,0,0,2204400,293700,0
2023-07-15,ATM002,urban_residential,877800,274,0,0,1247700,369900,0
2023-07-15,ATM003,corporate_park,1136600,355,0,0,1665500,528900,0
2023-07-15,ATM004,rural_branch,821800,257,0,834000,1270000,448200,0
2023-07-15,ATM005,transit_hub,1829900,572,0,0,2199200,369300,0
2023-07-16,ATM001,metro_retail,1586200,496,0,3246000,3539700,1953500,0
2023-07-16,ATM002,urban_residential,745100,233,0,1660000,2029900,1284800,0
2023-07-16,ATM003,corporate_park,854100,267,0,1821000,2349900,1495800,0
2023-07-16,ATM004,rural_branch,448200,140,0,0,448200,0,1
2023-07-16,ATM005,transit_hub,1371900,429,0,3311000,3680300,2308300,0
2023-07-17,ATM001,metro_retail,1108300,346,0,0,1953500,845300,0
2023-07-17,ATM002,urban_residential,548200,171,0,0,1284800,736700,0
2023-07-17,ATM003,corporate_park,705400,220,0,0,1495800,790400,0
2023-07-17,ATM004,rural_branch,361100,113,0,1270000,1270000,908900,0
2023-07-17,ATM005,transit_hub,1092900,342,0,0,2308300,1215500,0
2023-07-18,ATM001,metro_retail,761900,238,0,2695000,3540300,2778400,0
2023-07-18,ATM002,urban_residential,489400,153,0,0,736700,247200,0
2023-07-18,ATM003,corporate_park,563200,176,0,1560000,2350400,1787200,0
2023-07-18,ATM004,rural_branch,326200,102,0,0,908900,582800,0
2023-07-18,ATM005,transit_hub,937200,293,0,2465000,3680500,2743200,0
2023-07-19,ATM001,metro_retail,797500,249,0,0,2778400,1980900,0
2023-07-19,ATM002,urban_residential,442500,138,0,1783000,2030200,1587700,0
2023-07-19,ATM003,corporate_park,429200,134,0,0,1787200,1358000,0
2023-07-19,ATM004,rural_branch,286200,89,0,0,582800,296600,0
2023-07-19,ATM005,transit_hub,891900,279,0,0,2743200,1851300,0
2023-07-20,ATM001,metro_retail,922600,288,0,0,1980900,1058300,0
2023-07-20,ATM002,urban_residential,493200,154,0,0,1587700,1094500,0
2023-07-20,ATM003,corporate_park,552200,173,0,0,1358000,805700,0
2023-07-20,ATM004,rural_branch,356500,111,0,973000,1269600,913100,0
2023-07-20,ATM005,transit_hub,955300,299,0,0,1851300,896000,0
2023-07-21,ATM001,metro_retail,1321000,413,0,2482000,3540300,2219300,0
2023-07-21,ATM002,urban_residential,621700,194,0,0,1094500,472900,0
2023-07-21,ATM003,corporate_park,639800,200,0,1544000,2349700,1709900,0
2023-07-21,ATM004,rural_branch,444400,139,0,0,913100,468700,0
2023-07-21,ATM005,transit_hub,1217100,380,0,2784000,3680000,2463000,0
2023-07-22,ATM001,metro_retail,1794400,561,0,0,2219300,424900,0
2023-07-22,ATM002,urban_residential,889700,278,0,1557000,2029900,1140200,0
2023-07-22,ATM003,corporate_park,1015400,317,0,0,1709900,694500,0
2023-07-22,ATM004,rural_branch,468700,146,0,0,468700,0,1
2023-07-22,ATM005,transit_hub,1755000,548,0,0,2463000,708000,0
2023-07-23,ATM001,metro_retail,1248500,390,0,3115000,3539900,2291400,0
2023-07-23,ATM002,urban_residential,910500,285,0,0,1140200,229700,0
2023-07-23,ATM003,corporate_park,756900,237,0,1656000,2350500,1593500,0
2023-07-23,ATM004,rural_branch,587000,183,0,1270000,1270000,683000,0
2023-07-23,ATM005,transit_hub,1509800,472,0,2972000,3680000,2170100,0
2023-07-24,ATM001,metro_retail,1066900,333,0,0,2291400,1224500,0
2023-07-24,ATM002,urban_residential,655500,205,0,1800000,2029700,1374200,0
2023-07-24,ATM003,corporate_park,695100,217,0,0,1593500,898500,0
2023-07-24,ATM004,rural_branch,402600,126,0,0,683000,280400,0
2023-07-24,ATM005,transit_hub,1155600,361,0,0,2170100,1014600,0
2023-07-25,ATM001,metro_retail,914900,286,0,2316000,3540500,2625600,0
2023-07-25,ATM002,urban_residential,404900,127,0,0,1374200,969300,0
2023-07-25,ATM003,corporate_park,563000,176,0,0,898500,335500,0
2023-07-25,ATM004,rural_branch,336500,105,0,990000,1270400,933900,0
2023-07-25,ATM005,transit_hub,854800,267,0,2665000,3679600,2824700,0
2023-07-26,ATM001,metro_retail,921100,288,0,0,2625600,1704500,0
2023-07-26,ATM002,urban_residential,470300,147,0,0,969300,498900,0
2023-07-26,ATM003,corporate_park,467000,146,0,2015000,2350500,1883500,0
2023-07-26,ATM004,rural_branch,314300,98,0,0,933900,619600,0
2023-07-26,ATM005,transit_hub,884700,276,0,0,2824700,1940000,0
2023-07-27,ATM001,metro_retail,1028900,322,0,0,1704500,675600,0
2023-07-27,ATM002,urban_residential,501400,157,0,1531000,2029900,1528500,0
2023-07-27,ATM003,corporate_park,545500,170,0,0,1883500,1338100,0
2023-07-27,ATM004,rural_branch,412700,129,0,0,619600,206900,0
2023-07-27,ATM005,transit_hub,950100,297,0,0,1940000,990000,0
2023-07-28,ATM001,metro_retail,1264800,395,0,2864000,3539600,2274800,0
2023-07-28,ATM002,urban_residential,652300,204,0,0,1528500,876200,0
2023-07-28,ATM003,corporate_park,856000,268,0,0,1338100,482100,0
2023-07-28,ATM004,rural_branch,399600,125,0,1063000,1269900,870300,0
2023-07-28,ATM005,transit_hub,1234800,386,0,2690000,3680000,2445200,0
2023-07-29,ATM001,metro_retail,2274800,711,0,0,2274800,0,1
2023-07-29,ATM002,urban_residential,876200,274,0,0,876200,0,1
2023-07-29,ATM003,corporate_park,1086100,339,0,1868000,2350100,1263900,0
2023-07-29,ATM004,rural_branch,856100,268,0,0,870300,14200,0
2023-07-29,ATM005,transit_hub,2132200,666,0,0,2445200,312900,0
2023-07-30,ATM001,metro_retail,2025600,633,0,3540000,3540000,1514400,0
2023-07-30,ATM002,urban_residential,1056500,330,0,2030000,2030000,973500,0
2023-07-30,ATM003,corporate_park,1150300,359,0,0,1263900,113600,0
2023-07-30,ATM004,rural_branch,806700,252,0,1256000,1270200,463500,0
2023-07-30,ATM005,transit_hub,1632400,510,0,3367000,3679900,2047500,0
2023-07-31,ATM001,metro_retail,1514400,473,0,0,1514400,0,1
2023-07-31,ATM002,urban_residential,765800,239,0,0,973500,207600,0
2023-07-31,ATM003,corporate_park,876100,274,0,2236000,2349600,1473500,0
2023-07-31,ATM004,rural_branch,463500,145,0,0,463500,0,1
2023-07-31,ATM005,transit_hub,1564000,489,0,0,2047500,483500,0
2023-08-01,ATM001,metro_retail,1308800,409,0,3540000,3540000,2231200,0
2023-08-01,ATM002,urban_residential,696600,218,0,1822000,2029600,1333000,0
2023-08-01,ATM003,corporate_park,833200,260,0,0,1473500,640300,0
2023-08-01,ATM004,rural_branch,442000,138,0,1270000,1270000,828000,0
2023-08-01,ATM005,transit_hub,1243000,388,0,3197000,3680500,2437500,0
2023-08-02,ATM001,metro_retail,1192700,373,0,0,2231200,1038500,0
2023-08-02,ATM002,urban_residential,612700,191,0,0,1333000,720300,0
2023-08-02,ATM003,corporate_park,570600,178,0,1710000,2350300,1779600,0
2023-08-02,ATM004,rural_branch,429800,134,0,0,828000,398200,0
2023-08-02,ATM005,transit_hub,1303000,407,0,0,2437500,1134600,0
2023-08-03,ATM001,metro_retail,1098400,343,0,2501000,3539500,2441100,0
2023-08-03,ATM002,urban_residential,697000,218,0,0,720300,23400,0
2023-08-03,ATM003,corporate_park,683800,214,0,0,1779600,1095800,0
2023-08-03,ATM004,rural_branch,396500,124,0,872000,1270200,873700,0
2023-08-03,ATM005,transit_hub,998200,312,0,2545000,3679600,2681400,0
2023-08-04,ATM001,metro_retail,1188500,371,0,0,2441100,1252600,0
2023-08-04,ATM002,urban_residential,634000,198,0,2007000,2030400,1396400,0
2023-08-04,ATM003,corporate_park,847400,265,0,0,1095800,248400,0
2023-08-04,ATM004,rural_branch,458700,143,0,0,873700,415000,0
2023-08-04,ATM005,transit_hub,1302000,407,0,0,2681400,1379400,0
2023-08-05,ATM001,metro_retail,1252600,391,0,0,1252600,0,1
2023-08-05,ATM002,urban_residential,866500,271,0,0,1396400,529900,0
2023-08-05,ATM003,corporate_park,1096300,343,0,2102000,2350400,1254100,0
2023-08-05,ATM004,rural_branch,571300,179,0,855000,1270000,698700,0
2023-08-05,ATM005,transit_hub,1379400,431,0,0,1379400,0,1
2023-08-06,ATM001,metro_retail,1378800,431,0,3540000,3540000,2161200,0
2023-08-06,ATM002,urban_residential,805100,252,0,1500000,2029900,1224800,0
2023-08-06,ATM003,corporate_park,779600,244,0,0,1254100,474400,0
2023-08-06,ATM004,rural_branch,539200,168,0,0,698700,159500,0
2023-08-06,ATM005,transit_hub,1363500,426,0,3680000,3680000,2316500,0
2023-08-07,ATM001,metro_retail,1198100,374,0,0,2161200,963100,0
2023-08-07,ATM002,urban_residential,677900,212,0,0,1224800,547000,0
2023-08-07,ATM003,corporate_park,715600,224,0,1876000,2350400,1634800,0
2023-08-07,ATM004,rural_branch,372100,116,0,1110000,1269500,897400,0
2023-08-07,ATM005,transit_hub,1312700,410,0,0,2316500,1003900,0
2023-08-08,ATM001,metro_retail,835800,261,0,2577000,3540100,2704200,0
2023-08-08,ATM002,urban_residential,420000,131,0,1483000,2030000,1609900,0
2023-08-08,ATM003,corporate_park,623100,195,0,0,1634800,1011700,0
2023-08-08,ATM004,rural_branch,302200,94,0,0,897400,595200,0
2023-08-08,ATM005,transit_hub,885500,277,0,2676000,3679900,2794400,0
2023-08-09,ATM001,metro_retail,822100,257,0,0,2704200,1882100,0
2023-08-09,ATM002,urban_residential,502900,157,0,0,1609900,1107000,0
2023-08-09,ATM003,corporate_park,431800,135,0,0,1011700,579900,0
2023-08-09,ATM004,rural_branch,331200,104,0,0,595200,264000,0
2023-08-09,ATM005,transit_hub,890400,278,0,0,2794400,1904000,0
2023-08-10,ATM001,metro_retail,935500,292,0,0,1882100,946600,0
2023-08-10,ATM002,urban_residential,428000,134,0,0,1107000,679000,0
2023-08-10,ATM003,corporate_park,544900,170,0,1770000,2349900,1804900,0
2023-08-10,ATM004,rural_branch,335300,105,0,1006000,1270000,934600,0
2023-08-10,ATM005,transit_hub,905000,283,0,0,1904000,999000,0
2023-08-11,ATM001,metro_retail,1220800,382,0,2593000,3539600,2318800,0
2023-08-11,ATM002,urban_residential,676700,211,0,1351000,2030000,1353300,0
2023-08-11,ATM003,corporate_park,780000,244,0,0,1804900,1024900,0
2023-08-11,ATM004,rural_branch,465200,145,0,0,934600,469400,0
2023-08-11,ATM005,transit_hub,997200,312,0,2681000,3680000,2682900,0
2023-08-12,ATM001,metro_retail,1705400,533,0,0,2318800,613400,0
2023-08-12,ATM002,urban_residential,878800,275,0,0,1353300,474500,0
2023-08-12,ATM003,corporate_park,986000,308,0,0,1024900,38900,0
2023-08-12,ATM004,rural_branch,469400,147,0,0,469400,0,1
2023-08-12,ATM005,transit_hub,1695900,530,0,0,2682900,986900,0
2023-08-13,ATM001,metro_retail,1430600,447,0,2927000,3540400,2109800,0
2023-08-13,ATM002,urban_residential,739700,231,0,1556000,2030500,1290800,0
2023-08-13,ATM003,corporate_park,768500,240,0,2311000,2349900,1581400,0
2023-08-13,ATM004,rural_branch,643600,201,0,1270000,1270000,626400,0
2023-08-13,ATM005,transit_hub,1454200,454,0,2693000,3679900,2225800,0
2023-08-14,ATM001,metro_retail,1087400,340,0,0,2109800,1022500,0
2023-08-14,ATM002,urban_residential,634300,198,0,0,1290800,656500,0
2023-08-14,ATM003,corporate_park,728100,228,0,0,1581400,853300,0
2023-08-14,ATM004,rural_branch,388000,121,0,0,626400,238400,0
2023-08-14,ATM005,transit_hub,1083900,339,0,0,2225800,1141800,0
2023-08-15,ATM001,metro_retail,1002700,313,1,2518000,3540500,2537800,0
2023-08-15,ATM002,urban_residential,475300,149,1,1374000,2030500,1555100,0
2023-08-15,ATM003,corporate_park,692300,216,1,0,853300,161000,0
2023-08-15,ATM004,rural_branch,438700,137,1,1032000,1270400,831700,0
2023-08-15,ATM005,transit_hub,943000,295,1,2538000,3679800,2736800,0
2023-08-16,ATM001,metro_retail,883500,276,0,0,2537800,1654300,0
2023-08-16,ATM002,urban_residential,436700,136,0,0,1555100,1118400,0
2023-08-16,ATM003,corporate_park,578200,181,0,2189000,2350000,1771900,0
2023-08-16,ATM004,rural_branch,263400,82,0,0,831700,568300,0
2023-08-16,ATM005,transit_hub,890800,278,0,0,2736800,1846000,0
2023-08-17,ATM001,metro_retail,1033500,323,0,0,1654300,620700,0
2023-08-17,ATM002,urban_residential,445400,139,0,0,1118400,673000,0
2023-08-17,ATM003,corporate_park,509800,159,0,0,1771900,1262100,0
2023-08-17,ATM004,rural_branch,320500,100,0,0,568300,247800,0
2023-08-17,ATM005,transit_hub,952700,298,0,0,1846000,893300,0
2023-08-18,ATM001,metro_retail,1253600,392,0,2919000,3539700,2286100,0
2023-08-18,ATM002,urban_residential,719700,225,0,1357000,2030000,1310300,0
2023-08-18,ATM003,corporate_park,735500,230,0,0,1262100,526600,0
2023-08-18,ATM004,rural_branch,512200,160,0,1022000,1269800,757600,0
2023-08-18,ATM005,transit_hub,1460300,456,0,2787000,3680300,2220100,0
2023-08-19,ATM001,metro_retail,1831300,572,0,0,2286100,454900,0
2023-08-19,ATM002,urban_residential,1001700,313,0,0,1310300,308600,0
2023-08-19,ATM003,corporate_park,1071800,335,0,1823000,2349600,1277700,0
2023-08-19,ATM004,rural_branch,651400,204,0,0,757600,106200,0
2023-08-19,ATM005,transit_hub,1581300,494,0,0,2220100,638800,0
2023-08-20,ATM001,metro_retail,1488800,465,0,3085000,3539900,2051100,0
2023-08-20,ATM002,urban_residential,821300,257,0,1721000,2029600,1208300,0
2023-08-20,ATM003,corporate_park,984900,308,0,0,1277700,292900,0
2023-08-20,ATM004,rural_branch,557100,174,0,1164000,1270200,713100,0
2023-08-20,ATM005,transit_hub,1588400,496,0,3041000,3679800,2091300,0
2023-08-21,ATM001,metro_retail,932800,292,0,0,2051100,1118300,0
2023-08-21,ATM002,urban_residential,646600,202,0,0,1208300,561700,0
2023-08-21,ATM003,corporate_park,667300,209,0,2057000,2349900,1682600,0
2023-08-21,ATM004,rural_branch,456100,143,0,0,713100,257000,0
2023-08-21,ATM005,transit_hub,1152000,360,0,0,2091300,939400,0
2023-08-22,ATM001,metro_retail,828800,259,0,2422000,3540300,2711400,0
2023-08-22,ATM002,urban_residential,396600,124,0,1468000,2029700,1633100,0
2023-08-22,ATM003,corporate_park,460600,144,0,0,1682600,1222000,0
2023-08-22,ATM004,rural_branch,315500,99,0,1013000,1270000,954600,0
2023-08-22,ATM005,transit_hub,833600,260,0,2741000,3680400,2846800,0
2023-08-23,ATM001,metro_retail,812300,254,0,0,2711400,1899100,0
2023-08-23,ATM002,urban_residential,465400,145,0,0,1633100,1167800,0
2023-08-23,ATM003,corporate_park,481800,151,0,0,1222000,740300,0
2023-08-23,ATM004,rural_branch,339100,106,0,0,954600,615500,0
2023-08-23,ATM005,transit_hub,890000,278,0,0,2846800,1956800,0
2023-08-24,ATM001,metro_retail,969300,303,0,0,1899100,929900,0
2023-08-24,ATM002,urban_residential,431000,135,0,0,1167800,736800,0
2023-08-24,ATM003,corporate_park,597500,187,0,1610000,2350300,1752800,0
2023-08-24,ATM004,rural_branch,332700,104,0,0,615500,282800,0
2023-08-24,ATM005,transit_hub,991000,310,0,0,1956800,965800,0
2023-08-25,ATM001,metro_retail,1316100,411,0,2610000,3539900,2223800,0
2023-08-25,ATM002,urban_residential,660000,206,0,0,736800,76800,0
2023-08-25,ATM003,corporate_park,816800,255,0,0,1752800,936000,0
2023-08-25,ATM004,rural_branch,456600,143,0,987000,1269800,813200,0
2023-08-25,ATM005,transit_hub,1235200,386,0,2714000,3679800,2444600,0
2023-08-26,ATM001,metro_retail,1751800,547,0,0,2223800,471900,0
2023-08-26,ATM002,urban_residential,914900,286,0,1953000,2029800,1114800,0
2023-08-26,ATM003,corporate_park,936000,292,0,0,936000,0,1
2023-08-26,ATM004,rural_branch,527100,165,0,0,813200,286100,0
2023-08-26,ATM005,transit_hub,1914400,598,0,0,2444600,530200,0
2023-08-27,ATM001,metro_retail,1468200,459,0,3068000,3539900,2071700,0
2023-08-27,ATM002,urban_residential,783700,245,0,0,1114800,331100,0
2023-08-27,ATM003,corporate_park,995100,311,0,2350000,2350000,1354900,0
2023-08-27,ATM004,rural_branch,589900,184,0,984000,1270100,680100,0
2023-08-27,ATM005,transit_hub,1448300,453,0,3150000,3680200,2231900,0
2023-08-28,ATM001,metro_retail,1037700,324,0,0,2071700,1034000,0
2023-08-28,ATM002,urban_residential,646300,202,0,1699000,2030100,1383800,0
2023-08-28,ATM003,corporate_park,642800,201,0,0,1354900,712100,0
2023-08-28,ATM004,rural_branch,384100,120,0,0,680100,296000,0
2023-08-28,ATM005,transit_hub,1043400,326,0,0,2231900,1188500,0
2023-08-29,ATM001,metro_retail,1079800,337,0,2506000,3540000,2460200,0
2023-08-29,ATM002,urban_residential,524900,164,0,0,1383800,858900,0
2023-08-29,ATM003,corporate_park,633600,198,0,1638000,2350100,1716400,0
2023-08-29,ATM004,rural_branch,463600,145,0,974000,1270000,806500,0
2023-08-29,ATM005,transit_hub,1030400,322,0,2491000,3679500,2649100,0
2023-08-30,ATM001,metro_retail,1275900,399,1,0,2460200,1184300,0
2023-08-30,ATM002,urban_residential,705700,221,1,0,858900,153200,0
2023-08-30,ATM003,corporate_park,716700,224,1,0,1716400,999700,0
2023-08-30,ATM004,rural_branch,565700,177,1,0,806500,240800,0
2023-08-30,ATM005,transit_hub,1515600,474,1,0,2649100,1133500,0
2023-08-31,ATM001,metro_retail,1191600,372,0,2356000,3540300,2348700,0
2023-08-31,ATM002,urban_residential,557000,174,0,1877000,2030200,1473200,0
2023-08-31,ATM003,corporate_park,704700,220,0,0,999700,295000,0
2023-08-31,ATM004,rural_branch,444800,139,0,1029000,1269800,825000,0
2023-08-31,ATM005,transit_hub,1150200,359,0,2546000,3679500,2529300,0
2023-09-01,ATM001,metro_retail,1875800,586,0,0,2348700,472900,0
2023-09-01,ATM002,urban_residential,876700,274,0,0,1473200,596500,0
2023-09-01,ATM003,corporate_park,1222000,382,0,2055000,2350000,1128000,0
2023-09-01,ATM004,rural_branch,712300,223,0,0,825000,112700,0
2023-09-01,ATM005,transit_hub,1883200,588,0,0,2529300,646100,0
2023-09-02,ATM001,metro_retail,2325300,727,0,3067000,3539900,1214600,0
2023-09-02,ATM002,urban_residential,1303900,407,0,1434000,2030500,726600,0
2023-09-02,ATM003,corporate_park,1128000,353,0,0,1128000,0,1
2023-09-02,ATM004,rural_branch,876800,274,0,1157000,1269700,392900,0
2023-09-02,ATM005,transit_hub,2300900,719,0,3034000,3680100,1379200,0
2023-09-03,ATM001,metro_retail,1693200,529,0,2325000,3539600,1846400,0
2023-09-03,ATM002,urban_residential,726600,227,0,0,726600,0,1
2023-09-03,ATM003,corporate_park,1067400,334,0,2350000,2350000,1282600,0
2023-09-03,ATM004,rural_branch,676200,211,0,877000,1269900,593700,0
2023-09-03,ATM005,transit_hub,1379200,431,0,0,1379200,0,1
2023-09-04,ATM001,metro_retail,1157900,362,0,0,1846400,688500,0
2023-09-04,ATM002,urban_residential,655100,205,0,2030000,2030000,1374900,0
2023-09-04,ATM003,corporate_park,669500,209,0,0,1282600,613100,0
2023-09-04,ATM004,rural_branch,362600,113,0,0,593700,231100,0
2023-09-04,ATM005,transit_hub,1246600,390,0,3680000,3680000,2433400,0
2023-09-05,ATM001,metro_retail,919000,287,0,2851000,3539500,2620600,0
2023-09-05,ATM002,urban_residential,504300,158,0,0,1374900,870600,0
2023-09-05,ATM003,corporate_park,522700,163,0,1737000,2350100,1827300,0
2023-09-05,ATM004,rural_branch,373100,117,0,1039000,1270100,897000,0
2023-09-05,ATM005,transit_hub,836200,261,0,0,2433400,1597200,0
2023-09-06,ATM001,metro_retail,928300,290,0,0,2620600,1692300,0
2023-09-06,ATM002,urban_residential,463000,145,0,0,870600,407600,0
2023-09-06,ATM003,corporate_park,549100,172,0,0,1827300,1278200,0
2023-09-06,ATM004,rural_branch,297800,93,0,0,897000,599200,0
2023-09-06,ATM005,transit_hub,784100,245,0,0,1597200,813100,0
2023-09-07,ATM001,metro_retail,1064400,333,0,0,1692300,627900,0
2023-09-07,ATM002,urban_residential,488900,153,0,1622000,2029600,1540700,0
2023-09-07,ATM003,corporate_park,563200,176,0,0,1278200,715000,0
2023-09-07,ATM004,rural_branch,406400,127,0,0,599200,192800,0
2023-09-07,ATM005,transit_hub,847000,265,0,2867000,3680100,2833100,0
2023-09-08,ATM001,metro_retail,1319200,412,0,2912000,3539900,2220700,0
2023-09-08,ATM002,urban_residential,727500,227,0,0,1540700,813200,0
2023-09-08,ATM003,corporate_park,762100,238,0,1635000,2350000,1587900,0
2023-09-08,ATM004,rural_branch,502100,157,0,1077000,1269800,767700,0
2023-09-08,ATM005,transit_hub,1278600,400,0,0,2833100,1554400,0
2023-09-09,ATM001,metro_retail,1777300,555,0,0,2220700,443400,0
2023-09-09,ATM002,urban_residential,813200,254,0,0,813200,0,1
2023-09-09,ATM003,corporate_park,965900,302,0,0,1587900,622000,0
2023-09-09,ATM004,rural_branch,656500,205,0,0,767700,111200,0
2023-09-09,ATM005,transit_hub,1554400,486,0,0,1554400,0,1
2023-09-10,ATM001,metro_retail,1469600,459,0,3097000,3540400,2070800,0
2023-09-10,ATM002,urban_residential,717100,224,0,2030000,2030000,1312900,0
2023-09-10,ATM003,corporate_park,835700,261,0,1728000,2350000,1514300,0
2023-09-10,ATM004,rural_branch,565300,177,0,1159000,1270200,705000,0
2023-09-10,ATM005,transit_hub,1599900,500,0,3680000,3680000,2080100,0
2023-09-11,ATM001,metro_retail,1055800,330,0,0,2070800,1015000,0
2023-09-11,ATM002,urban_residential,542500,170,0,0,1312900,770500,0
2023-09-11,ATM003,corporate_park,787200,246,0,0,1514300,727100,0
2023-09-11,ATM004,rural_branch,460300,144,0,0,705000,244600,0
2023-09-11,ATM005,transit_hub,1090600,341,0,0,2080100,989500,0
2023-09-12,ATM001,metro_retail,940900,294,0,2525000,3540000,2599100,0
2023-09-12,ATM002,urban_residential,468500,146,0,0,770500,301900,0
2023-09-12,ATM003,corporate_park,488500,153,0,1623000,2350100,1861600,0
2023-09-12,ATM004,rural_branch,296400,93,0,1025000,1269600,973200,0
2023-09-12,ATM005,transit_hub,944100,295,0,2691000,3680500,2736300,0
2023-09-13,ATM001,metro_retail,939100,293,0,0,2599100,1660000,0
2023-09-13,ATM002,urban_residential,503900,157,0,1728000,2029900,1526000,0
2023-09-13,ATM003,corporate_park,613700,192,0,0,1861600,1248000,0
2023-09-13,ATM004,rural_branch,348600,109,0,0,973200,624700,0
2023-09-13,ATM005,transit_hub,838100,262,0,0,2736300,1898200,0
2023-09-14,ATM001,metro_retail,1045300,327,0,0,1660000,614700,0
2023-09-14,ATM002,urban_residential,477800,149,0,0,1526000,1048200,0
2023-09-14,ATM003,corporate_park,517200,162,0,0,1248000,730700,0
2023-09-14,ATM004,rural_branch,356800,111,0,0,624700,267900,0
2023-09-14,ATM005,transit_hub,1063300,332,0,0,1898200,834900,0
2023-09-15,ATM001,metro_retail,1439900,450,0,2925000,3539700,2099800,0
2023-09-15,ATM002,urban_residential,814100,254,0,0,1048200,234100,0
2023-09-15,ATM003,corporate_park,786400,246,0,1619000,2349700,1563300,0
2023-09-15,ATM004,rural_branch,539400,169,0,1002000,1269900,730500,0
2023-09-15,ATM005,transit_hub,1314800,411,0,2845000,3679900,2365100,0
2023-09-16,ATM001,metro_retail,1742700,545,0,0,2099800,357100,0
2023-09-16,ATM002,urban_residential,907500,284,0,1796000,2030100,1122700,0
2023-09-16,ATM003,corporate_park,917000,287,0,0,1563300,646300,0
2023-09-16,ATM004,rural_branch,612700,191,0,0,730500,117800,0
2023-09-16,ATM005,transit_hub,1639900,512,0,0,2365100,725200,0
2023-09-17,ATM001,metro_retail,1454500,455,0,3183000,3540100,2085600,0
2023-09-17,ATM002,urban_residential,757600,237,0,0,1122700,365100,0
2023-09-17,ATM003,corporate_park,888600,278,0,1704000,2350300,1461700,0
2023-09-17,ATM004,rural_branch,551300,172,0,1152000,1269800,718400,0
2023-09-17,ATM005,transit_hub,1531400,479,0,2955000,3680200,2148800,0
2023-09-18,ATM001,metro_retail,1099200,343,0,0,2085600,986400,0
2023-09-18,ATM002,urban_residential,711900,222,0,1665000,2030100,1318200,0
2023-09-18,ATM003,corporate_park,668500,209,0,0,1461700,793300,0
2023-09-18,ATM004,rural_branch,445900,139,0,0,718400,272500,0
2023-09-18,ATM005,transit_hub,1270100,397,0,0,2148800,878700,0
2023-09-19,ATM001,metro_retail,905000,283,0,2554000,3540400,2635500,0
2023-09-19,ATM002,urban_residential,528200,165,0,0,1318200,790000,0
2023-09-19,ATM003,corporate_park,585800,183,0,1557000,2350300,1764500,0
2023-09-19,ATM004,rural_branch,288100,90,0,997000,1269500,981500,0
2023-09-19,ATM005,transit_hub,931600,291,0,2801000,3679700,2748000,0
2023-09-20,ATM001,metro_retail,842000,263,0,0,2635500,1793400,0
2023-09-20,ATM002,urban_residential,468000,146,0,0,790000,322000,0
2023-09-20,ATM003,corporate_park,457100,143,0,0,1764500,1307300,0
2023-09-20,ATM004,rural_branch,266100,83,0,0,981500,715300,0
2023-09-20,ATM005,transit_hub,771600,241,0,0,2748000,1976400,0
2023-09-21,ATM001,metro_retail,918800,287,0,0,1793400,874600,0
2023-09-21,ATM002,urban_residential,449500,140,0,1708000,2030000,1580500,0
2023-09-21,ATM003,corporate_park,472200,148,0,0,1307300,835100,0
2023-09-21,ATM004,rural_branch,341900,107,0,0,715300,373400,0
2023-09-21,ATM005,transit_hub,1011900,316,0,0,1976400,964500,0
2023-09-22,ATM001,metro_retail,1453500,454,0,2665000,3539600,2086200,0
2023-09-22,ATM002,urban_residential,607400,190,0,0,1580500,973100,0
2023-09-22,ATM003,corporate_park,744800,233,0,0,835100,90300,0
2023-09-22,ATM004,rural_branch,524700,164,0,897000,1270400,745600,0
2023-09-22,ATM005,transit_hub,1292400,404,0,2715000,3679500,2387100,0
2023-09-23,ATM001,metro_retail,1728300,540,0,0,2086200,357900,0
2023-09-23,ATM002,urban_residential,928200,290,0,0,973100,44900,0
2023-09-23,ATM003,corporate_park,998500,312,0,2260000,2350300,1351800,0
2023-09-23,ATM004,rural_branch,620800,194,0,0,745600,124800,0
2023-09-23,ATM005,transit_hub,1488000,465,0,0,2387100,899100,0
2023-09-24,ATM001,metro_retail,1426100,446,0,3182000,3539900,2113800,0
2023-09-24,ATM002,urban_residential,767300,240,0,1985000,2029900,1262600,0
2023-09-24,ATM003,corporate_park,734700,230,0,0,1351800,617100,0
2023-09-24,ATM004,rural_branch,636200,199,0,1145000,1269800,633600,0
2023-09-24,ATM005,transit_hub,1388400,434,0,2781000,3680100,2291700,0
2023-09-25,ATM001,metro_retail,1160500,363,0,0,2113800,953200,0
2023-09-25,ATM002,urban_residential,608500,190,0,0,1262600,654100,0
2023-09-25,ATM003,corporate_park,663300,207,0,1733000,2350100,1686800,0
2023-09-25,ATM004,rural_branch,479800,150,0,0,633600,153800,0
2023-09-25,ATM005,transit_hub,1124300,351,0,0,2291700,1167400,0
2023-09-26,ATM001,metro_retail,881000,275,0,2587000,3540200,2659300,0
2023-09-26,ATM002,urban_residential,476000,149,0,1376000,2030100,1554100,0
2023-09-26,ATM003,corporate_park,556000,174,0,0,1686800,1130700,0
2023-09-26,ATM004,rural_branch,373200,117,0,1116000,1269800,896700,0
2023-09-26,ATM005,transit_hub,817700,256,0,2513000,3680400,2862700,0
2023-09-27,ATM001,metro_retail,864200,270,0,0,2659300,1795000,0
2023-09-27,ATM002,urban_residential,476300,149,0,0,1554100,1077700,0
2023-09-27,ATM003,corporate_park,458100,143,0,0,1130700,672700,0
2023-09-27,ATM004,rural_branch,366100,114,0,0,896700,530600,0
2023-09-27,ATM005,transit_hub,954100,298,0,0,2862700,1908600,0
2023-09-28,ATM001,metro_retail,1205300,377,0,0,1795000,589700,0
2023-09-28,ATM002,urban_residential,671500,210,0,0,1077700,406300,0
2023-09-28,ATM003,corporate_park,663000,207,0,1677000,2349700,1686700,0
2023-09-28,ATM004,rural_branch,469800,147,0,0,530600,60800,0
2023-09-28,ATM005,transit_hub,1259900,394,0,0,1908600,648700,0
2023-09-29,ATM001,metro_retail,1582200,494,0,2950000,3539700,1957500,0
2023-09-29,ATM002,urban_residential,904200,283,0,1624000,2030300,1126000,0
2023-09-29,ATM003,corporate_park,907700,284,0,0,1686700,779000,0
2023-09-29,ATM004,rural_branch,674000,211,0,1209000,1269800,595800,0
2023-09-29,ATM005,transit_hub,1843700,576,0,3031000,3679700,1836000,0
2023-09-30,ATM001,metro_retail,1957500,612,0,0,1957500,0,1
2023-09-30,ATM002,urban_residential,1116200,349,0,0,1126000,9800,0
2023-09-30,ATM003,corporate_park,1250200,391,0,1571000,2350000,1099800,0
2023-09-30,ATM004,rural_branch,595800,186,0,0,595800,0,1
2023-09-30,ATM005,transit_hub,1836000,574,0,0,1836000,0,1
2023-10-01,ATM001,metro_retail,1926200,602,0,3540000,3540000,1613800,0
2023-10-01,ATM002,urban_residential,1074200,336,0,2020000,2029800,955700,0
2023-10-01,ATM003,corporate_park,1099800,344,0,0,1099800,0,1
2023-10-01,ATM004,rural_branch,615800,192,0,1270000,1270000,654200,0
2023-10-01,ATM005,transit_hub,1843800,576,0,3680000,3680000,1836200,0
2023-10-02,ATM001,metro_retail,1613800,504,1,0,1613800,0,1
2023-10-02,ATM002,urban_residential,911800,285,1,0,955700,43900,0
2023-10-02,ATM003,corporate_park,1274100,398,1,2350000,2350000,1075900,0
2023-10-02,ATM004,rural_branch,652800,204,1,0,654200,1400,0
2023-10-02,ATM005,transit_hub,1781800,557,1,0,1836200,54400,0
2023-10-03,ATM001,metro_retail,1017900,318,0,3540000,3540000,2522100,0
2023-10-03,ATM002,urban_residential,540100,169,0,1986000,2029900,1489800,0
2023-10-03,ATM003,corporate_park,736000,230,0,0,1075900,339900,0
2023-10-03,ATM004,rural_branch,375900,117,0,1269000,1270400,894500,0
2023-10-03,ATM005,transit_hub,1093600,342,0,3626000,3680400,2586800,0
2023-10-04,ATM001,metro_retail,898400,281,0,0,2522100,1623700,0
2023-10-04,ATM002,urban_residential,486200,152,0,0,1489800,1003600,0
2023-10-04,ATM003,corporate_park,439900,137,0,2010000,2349900,1910000,0
2023-10-04,ATM004,rural_branch,310800,97,0,0,894500,583800,0
2023-10-04,ATM005,transit_hub,921800,288,0,0,2586800,1665000,0
2023-10-05,ATM001,metro_retail,974700,305,0,0,1623700,649000,0
2023-10-05,ATM002,urban_residential,501700,157,0,0,1003600,501900,0
2023-10-05,ATM003,corporate_park,478500,150,0,0,1910000,1431500,0
2023-10-05,ATM004,rural_branch,274900,86,0,0,583800,308800,0
2023-10-05,ATM005,transit_hub,979800,306,0,0,1665000,685300,0
2023-10-06,ATM001,metro_retail,1333400,417,0,2891000,3540000,2206500,0
2023-10-06,ATM002,urban_residential,678900,212,0,1528000,2029900,1351000,0
2023-10-06,ATM003,corporate_park,763300,239,0,0,1431500,668200,0
2023-10-06,ATM004,rural_branch,536700,168,0,961000,1269800,733100,0
2023-10-06,ATM005,transit_hub,1312200,410,0,2995000,3680300,2368100,0
2023-10-07,ATM001,metro_retail,1875900,586,0,0,2206500,330700,0
2023-10-07,ATM002,urban_residential,941400,294,0,0,1351000,409500,0
2023-10-07,ATM003,corporate_park,1235200,386,0,1682000,2350200,1115000,0
2023-10-07,ATM004,rural_branch,691600,216,0,0,733100,41500,0
2023-10-07,ATM005,transit_hub,1991900,622,0,0,2368100,376200,0
2023-10-08,ATM001,metro_retail,1460000,456,0,3209000,3539700,2079700,0
2023-10-08,ATM002,urban_residential,691000,216,0,1620000,2029500,1338500,0
2023-10-08,ATM003,corporate_park,890700,278,0,0,1115000,224300,0
2023-10-08,ATM004,rural_branch,524400,164,0,1228000,1269500,745100,0
2023-10-08,ATM005,transit_hub,1463700,457,0,3304000,3680200,2216500,0
2023-10-09,ATM001,metro_retail,980800,306,0,0,2079700,1098900,0
2023-10-09,ATM002,urban_residential,545300,170,0,0,1338500,793200,0
2023-10-09,ATM003,corporate_park,639300,200,0,2126000,2350300,1711000,0
2023-10-09,ATM004,rural_branch,376600,118,0,0,745100,368400,0
2023-10-09,ATM005,transit_hub,1177600,368,0,0,2216500,1038900,0
2023-10-10,ATM001,metro_retail,819500,256,0,2441000,3539900,2720400,0
2023-10-10,ATM002,urban_residential,416000,130,0,0,793200,377200,0
2023-10-10,ATM003,corporate_park,580500,181,0,0,1711000,1130500,0
2023-10-10,ATM004,rural_branch,299900,94,0,902000,1270400,970500,0
2023-10-10,ATM005,transit_hub,1023200,320,0,2641000,3679900,2656800,0
2023-10-11,ATM001,metro_retail,843800,264,0,0,2720400,1876600,0
2023-10-11,ATM002,urban_residential,463600,145,0,1653000,2030200,1566600,0
2023-10-11,ATM003,corporate_park,558100,174,0,0,1130500,572400,0
2023-10-11,ATM004,rural_branch,291800,91,0,0,970500,678700,0
2023-10-11,ATM005,transit_hub,954700,298,0,0,2656800,1702000,0
2023-10-12,ATM001,metro_retail,952600,298,0,0,1876600,924000,0
2023-10-12,ATM002,urban_residential,463100,145,0,0,1566600,1103500,0
2023-10-12,ATM003,corporate_park,627100,196,0,1778000,2350400,1723300,0
2023-10-12,ATM004,rural_branch,320400,100,0,0,678700,358300,0
2023-10-12,ATM005,transit_hub,855200,267,0,0,1702000,846800,0
2023-10-13,ATM001,metro_retail,1306600,408,0,2616000,3540000,2233400,0
2023-10-13,ATM002,urban_residential,639000,200,0,0,1103500,464500,0
2023-10-13,ATM003,corporate_park,700800,219,0,0,1723300,1022500,0
2023-10-13,ATM004,rural_branch,426600,133,0,912000,1270300,843700,0
2023-10-13,ATM005,transit_hub,1143000,357,0,2833000,3679800,2536800,0
2023-10-14,ATM001,metro_retail,1617300,505,0,0,2233400,616200,0
2023-10-14,ATM002,urban_residential,961700,301,0,1566000,2030500,1068700,0
2023-10-14,ATM003,corporate_park,1014400,317,0,0,1022500,8100,0
2023-10-14,ATM004,rural_branch,629200,197,0,0,843700,214500,0
2023-10-14,ATM005,transit_hub,1895100,592,0,0,2536800,641800,0
2023-10-15,ATM001,metro_retail,1580900,494,0,2924000,3540200,1959200,0
2023-10-15,ATM002,urban_residential,869300,272,0,0,1068700,199400,0
2023-10-15,ATM003,corporate_park,823300,257,0,2342000,2350100,1526700,0
2023-10-15,ATM004,rural_branch,592500,185,0,1055000,1269500,677000,0
2023-10-15,ATM005,transit_hub,1546900,483,0,3038000,3679800,2132900,0
2023-10-16,ATM001,metro_retail,1075200,336,0,0,1959200,884000,0
2023-10-16,ATM002,urban_residential,592400,185,0,1831000,2030400,1438000,0
2023-10-16,ATM003,corporate_park,623800,195,0,0,1526700,902900,0
2023-10-16,ATM004,rural_branch,461400,144,0,0,677000,215600,0
2023-10-16,ATM005,transit_hub,1147400,359,0,0,2132900,985500,0
2023-10-17,ATM001,metro_retail,821900,257,0,2656000,3540000,2718100,0
2023-10-17,ATM002,urban_residential,485100,152,0,0,1438000,952900,0
2023-10-17,ATM003,corporate_park,473000,148,0,0,902900,429900,0
2023-10-17,ATM004,rural_branch,273500,85,0,1054000,1269600,996100,0
2023-10-17,ATM005,transit_hub,840800,263,0,2694000,3679500,2838800,0
2023-10-18,ATM001,metro_retail,869400,272,0,0,2718100,1848600,0
2023-10-18,ATM002,urban_residential,498000,156,0,0,952900,454900,0
2023-10-18,ATM003,corporate_park,481800,151,0,1920000,2349900,1868100,0
2023-10-18,ATM004,rural_branch,304200,95,0,0,996100,692000,0
2023-10-18,ATM005,transit_hub,884800,277,0,0,2838800,1953900,0
2023-10-19,ATM001,metro_retail,922500,288,0,0,1848600,926100,0
2023-10-19,ATM002,urban_residential,427300,134,0,1575000,2029900,1602600,0
2023-10-19,ATM003,corporate_park,483400,151,0,0,1868100,1384600,0
2023-10-19,ATM004,rural_branch,323400,101,0,0,692000,368600,0
2023-10-19,ATM005,transit_hub,900900,282,0,0,1953900,1053100,0
2023-10-20,ATM001,metro_retail,1412300,441,0,2614000,3540100,2127800,0
2023-10-20,ATM002,urban_residential,716700,224,0,0,1602600,885800,0
2023-10-20,ATM003,corporate_park,827500,259,0,0,1384600,557100,0
2023-10-20,ATM004,rural_branch,509200,159,0,901000,1269600,760400,0
2023-10-20,ATM005,transit_hub,1180500,369,0,2627000,3680100,2499500,0
2023-10-21,ATM001,metro_retail,1790000,559,0,0,2127800,337800,0
2023-10-21,ATM002,urban_residential,797800,249,0,0,885800,88000,0
2023-10-21,ATM003,corporate_park,974700,305,0,1793000,2350100,1375400,0
2023-10-21,ATM004,rural_branch,640100,200,0,0,760400,120300,0
2023-10-21,ATM005,transit_hub,1475300,461,0,0,2499500,1024200,0
2023-10-22,ATM001,metro_retail,1491900,466,0,3202000,3539800,2047900,0
2023-10-22,ATM002,urban_residential,741400,232,0,1942000,2030000,1288600,0
2023-10-22,ATM003,corporate_park,777500,243,0,0,1375400,597900,0
2023-10-22,ATM004,rural_branch,607500,190,0,1150000,1270300,662800,0
2023-10-22,ATM005,transit_hub,1203800,376,0,2656000,3680200,2476500,0
2023-10-23,ATM001,metro_retail,1127800,352,0,0,2047900,920100,0
2023-10-23,ATM002,urban_residential,634300,198,0,0,1288600,654300,0
2023-10-23,ATM003,corporate_park,701100,219,0,1752000,2349900,1648900,0
2023-10-23,ATM004,rural_branch,509600,159,0,0,662800,153200,0
2023-10-23,ATM005,transit_hub,1066800,333,0,0,2476500,1409700,0
2023-10-24,ATM001,metro_retail,1292800,404,1,2620000,3540100,2247300,0
2023-10-24,ATM002,urban_residential,759600,237,1,1376000,2030300,1270700,0
2023-10-24,ATM003,corporate_park,944600,295,1,0,1648900,704200,0
2023-10-24,ATM004,rural_branch,505800,158,1,1117000,1270200,764400,0
2023-10-24,ATM005,transit_hub,1409700,441,1,0,1409700,0,1
2023-10-25,ATM001,metro_retail,806900,252,0,0,2247300,1440400,0
2023-10-25,ATM002,urban_residential,485600,152,0,0,1270700,785100,0
2023-10-25,ATM003,corporate_park,509200,159,0,1646000,2350200,1841100,0
2023-10-25,ATM004,rural_branch,335800,105,0,0,764400,428500,0
2023-10-25,ATM005,transit_hub,800500,250,0,3680000,3680000,2879500,0
2023-10-26,ATM001,metro_retail,856400,268,0,0,1440400,584000,0
2023-10-26,ATM002,urban_residential,484600,151,0,0,785100,300500,0
2023-10-26,ATM003,corporate_park,522200,163,0,0,1841100,1318800,0
2023-10-26,ATM004,rural_branch,328500,103,0,841000,1269500,941000,0
2023-10-26,ATM005,transit_hub,930400,291,0,0,2879500,1949200,0
2023-10-27,ATM001,metro_retail,1564300,489,0,2956000,3540000,1975700,0
2023-10-27,ATM002,urban_residential,753700,236,0,1730000,2030500,1276800,0
2023-10-27,ATM003,corporate_park,752700,235,0,0,1318800,566100,0
2023-10-27,ATM004,rural_branch,486600,152,0,0,941000,454400,0
2023-10-27,ATM005,transit_hub,1421800,444,0,0,1949200,527400,0
2023-10-28,ATM001,metro_retail,1614100,504,0,0,1975700,361700,0
2023-10-28,ATM002,urban_residential,813600,254,0,0,1276800,463200,0
2023-10-28,ATM003,corporate_park,967200,302,0,1784000,2350100,1382900,0
2023-10-28,ATM004,rural_branch,454400,142,0,0,454400,0,1
2023-10-28,ATM005,transit_hub,1892200,591,0,3153000,3680400,1788200,0
2023-10-29,ATM001,metro_retail,1834900,573,0,3178000,3539700,1704800,0
2023-10-29,ATM002,urban_residential,998300,312,0,1567000,2030200,1031900,0
2023-10-29,ATM003,corporate_park,1026200,321,0,0,1382900,356700,0
2023-10-29,ATM004,rural_branch,899800,281,0,1270000,1270000,370200,0
2023-10-29,ATM005,transit_hub,1788200,559,0,0,1788200,0,1
2023-10-30,ATM001,metro_retail,1409200,440,0,0,1704800,295600,0
2023-10-30,ATM002,urban_residential,771400,241,0,0,1031900,260500,0
2023-10-30,ATM003,corporate_park,748200,234,0,1993000,2349700,1601500,0
2023-10-30,ATM004,rural_branch,492600,154,0,900000,1270200,777600,0
2023-10-30,ATM005,transit_hub,1598800,500,0,3680000,3680000,2081200,0
2023-10-31,ATM001,metro_retail,1123000,351,0,3244000,3539600,2416600,0
2023-10-31,ATM002,urban_residential,700500,219,0,1769000,2029500,1329000,0
2023-10-31,ATM003,corporate_park,667500,209,0,0,1601500,933900,0
2023-10-31,ATM004,rural_branch,419200,131,0,0,777600,358400,0
2023-10-31,ATM005,transit_hub,1105100,345,0,0,2081200,976100,0
2023-11-01,ATM001,metro_retail,1196400,374,0,0,2416600,1220200,0
2023-11-01,ATM002,urban_residential,722800,226,0,0,1329000,606100,0
2023-11-01,ATM003,corporate_park,800800,250,0,0,933900,133100,0
2023-11-01,ATM004,rural_branch,463400,145,0,912000,1270400,807000,0
2023-11-01,ATM005,transit_hub,1072400,335,0,2704000,3680100,2607700,0
2023-11-02,ATM001,metro_retail,1130300,353,0,2320000,3540200,2409900,0
2023-11-02,ATM002,urban_residential,695200,217,0,1424000,2030100,1334900,0
2023-11-02,ATM003,corporate_park,690100,216,0,2217000,2350100,1660000,0
2023-11-02,ATM004,rural_branch,444000,139,0,0,807000,363100,0
2023-11-02,ATM005,transit_hub,1359800,425,0,0,2607700,1247900,0
2023-11-03,ATM001,metro_retail,1551500,485,0,0,2409900,858400,0
2023-11-03,ATM002,urban_residential,809800,253,0,0,1334900,525200,0
2023-11-03,ATM003,corporate_park,811700,254,0,0,1660000,848300,0
2023-11-03,ATM004,rural_branch,639100,200,0,907000,1270100,630900,0
2023-11-03,ATM005,transit_hub,1640700,513,0,2432000,3679900,2039200,0
2023-11-04,ATM001,metro_retail,1586200,496,0,2682000,3540400,1954200,0
2023-11-04,ATM002,urban_residential,1061700,332,0,1505000,2030200,968400,0
2023-11-04,ATM003,corporate_park,848300,265,0,0,848300,0,1
2023-11-04,ATM004,rural_branch,630900,197,0,0,630900,0,1
2023-11-04,ATM005,transit_hub,1589600,497,0,0,2039200,449600,0
2023-11-05,ATM001,metro_retail,1420300,444,0,0,1954200,533900,0
2023-11-05,ATM002,urban_residential,811500,254,0,0,968400,156900,0
2023-11-05,ATM003,corporate_park,929100,290,0,2350000,2350000,1420900,0
2023-11-05,ATM004,rural_branch,566400,177,0,1270000,1270000,703600,0
2023-11-05,ATM005,transit_hub,1484800,464,0,3230000,3679600,2194800,0
2023-11-06,ATM001,metro_retail,1064400,333,0,3006000,3539900,2475500,0
2023-11-06,ATM002,urban_residential,551700,172,0,1873000,2029900,1478300,0
2023-11-06,ATM003,corporate_park,575300,180,0,0,1420900,845600,0
2023-11-06,ATM004,rural_branch,395700,124,0,0,703600,307900,0
2023-11-06,ATM005,transit_hub,1194400,373,0,0,2194800,1000400,0
2023-11-07,ATM001,metro_retail,928500,290,0,0,2475500,1547000,0
2023-11-07,ATM002,urban_residential,606300,189,0,0,1478300,872000,0
2023-11-07,ATM003,corporate_park,594800,186,0,0,845600,250800,0
2023-11-07,ATM004,rural_branch,387500,121,0,962000,1269900,882500,0
2023-11-07,ATM005,transit_hub,977400,305,0,2680000,3680400,2703000,0
2023-11-08,ATM001,metro_retail,866800,271,0,0,1547000,680200,0
2023-11-08,ATM002,urban_residential,420200,131,0,0,872000,451800,0
2023-11-08,ATM003,corporate_park,512800,160,0,2099000,2349800,1837000,0
2023-11-08,ATM004,rural_branch,291100,91,0,0,882500,591400,0
2023-11-08,ATM005,transit_hub,800100,250,0,0,2703000,1902900,0
2023-11-09,ATM001,metro_retail,905500,283,0,2860000,3540200,2634700,0
2023-11-09,ATM002,urban_residential,451000,141,0,1578000,2029800,1578800,0
2023-11-09,ATM003,corporate_park,578300,181,0,0,1837000,1258700,0
2023-11-09,ATM004,rural_branch,342200,107,0,0,591400,249200,0
2023-11-09,ATM005,transit_hub,921000,288,0,0,1902900,981900,0
2023-11-10,ATM001,metro_retail,1395300,436,0,0,2634700,1239300,0
2023-11-10,ATM002,urban_residential,672800,210,0,0,1578800,906100,0
2023-11-10,ATM003,corporate_park,812700,254,0,0,1258700,446000,0
2023-11-10,ATM004,rural_branch,538000,168,0,1021000,1270200,732200,0
2023-11-10,ATM005,transit_hub,1334600,417,0,2698000,3679900,2345300,0
2023-11-11,ATM001,metro_retail,1686800,527,0,2301000,3540300,1853500,0
2023-11-11,ATM002,urban_residential,847600,265,0,0,906100,58500,0
2023-11-11,ATM003,corporate_park,1032300,323,0,1904000,2350000,1317700,0
2023-11-11,ATM004,rural_branch,732200,229,0,0,732200,0,1
2023-11-11,ATM005,transit_hub,1812900,567,0,0,2345300,532500,0
2023-11-12,ATM001,metro_retail,1853500,579,1,0,1853500,0,1
2023-11-12,ATM002,urban_residential,1182300,369,1,1972000,2030500,848200,0
2023-11-12,ATM003,corporate_park,1058400,331,1,0,1317700,259300,0
2023-11-12,ATM004,rural_branch,754000,236,1,1270000,1270000,516000,0
2023-11-12,ATM005,transit_hub,2083500,651,1,3148000,3680500,1597000,0
2023-11-13,ATM001,metro_retail,1025600,320,0,3540000,3540000,2514400,0
2023-11-13,ATM002,urban_residential,604000,189,0,0,848200,244200,0
2023-11-13,ATM003,corporate_park,710500,222,0,2091000,2350300,1639800,0
2023-11-13,ATM004,rural_branch,453300,142,0,0,516000,62700,0
2023-11-13,ATM005,transit_hub,1067500,334,0,0,1597000,529500,0
2023-11-14,ATM001,metro_retail,916100,286,0,0,2514400,1598300,0
2023-11-14,ATM002,urban_residential,471800,147,0,1786000,2030200,1558400,0
2023-11-14,ATM003,corporate_park,602100,188,0,0,1639800,1037800,0
2023-11-14,ATM004,rural_branch,325000,102,0,1207000,1269700,944700,0
2023-11-14,ATM005,transit_hub,908000,284,0,3151000,3680500,2772500,0
2023-11-15,ATM001,metro_retail,919700,287,0,0,1598300,678600,0
2023-11-15,ATM002,urban_residential,583700,182,0,0,1558400,974700,0
2023-11-15,ATM003,corporate_park,533100,167,0,0,1037800,504700,0
2023-11-15,ATM004,rural_branch,390600,122,0,0,944700,554000,0
2023-11-15,ATM005,transit_hub,1050900,328,0,0,2772500,1721600,0
2023-11-16,ATM001,metro_retail,962200,301,0,2861000,3539600,2577300,0
2023-11-16,ATM002,urban_residential,427800,134,0,0,974700,546900,0
2023-11-16,ATM003,corporate_park,570000,178,0,1845000,2349700,1779700,0
2023-11-16,ATM004,rural_branch,359700,112,0,0,554000,194400,0
2023-11-16,ATM005,transit_hub,891400,279,0,0,1721600,830200,0
2023-11-17,ATM001,metro_retail,1347500,421,0,0,2577300,1229800,0
2023-11-17,ATM002,urban_residential,753100,235,0,1483000,2029900,1276800,0
2023-11-17,ATM003,corporate_park,705900,221,0,0,1779700,1073800,0
2023-11-17,ATM004,rural_branch,586600,183,0,1076000,1270400,683700,0
2023-11-17,ATM005,transit_hub,1357400,424,0,2850000,3680200,2322700,0
2023-11-18,ATM001,metro_retail,1710600,535,0,2310000,3539800,1829200,0
2023-11-18,ATM002,urban_residential,857600,268,0,0,1276800,419200,0
2023-11-18,ATM003,corporate_park,1073800,336,0,0,1073800,0,1
2023-11-18,ATM004,rural_branch,683700,214,0,0,683700,0,1
2023-11-18,ATM005,transit_hub,1857900,581,0,0,2322700,464800,0
2023-11-19,ATM001,metro_retail,1453500,454,0,0,1829200,375700,0
2023-11-19,ATM002,urban_residential,871200,272,0,1611000,2030200,1159000,0
2023-11-19,ATM003,corporate_park,796600,249,0,2350000,2350000,1553400,0
2023-11-19,ATM004,rural_branch,509300,159,0,1270000,1270000,760700,0
2023-11-19,ATM005,transit_hub,1592700,498,0,3215000,3679800,2087200,0
2023-11-20,ATM001,metro_retail,1086400,340,0,3164000,3539700,2453300,0
2023-11-20,ATM002,urban_residential,677500,212,0,0,1159000,481500,0
2023-11-20,ATM003,corporate_park,780100,244,0,0,1553400,773300,0
2023-11-20,ATM004,rural_branch,412800,129,0,0,760700,347800,0
2023-11-20,ATM005,transit_hub,1297600,405,0,0,2087200,789600,0
2023-11-21,ATM001,metro_retail,956000,299,0,0,2453300,1497200,0
2023-11-21,ATM002,urban_residential,550400,172,0,1549000,2030500,1480100,0
2023-11-21,ATM003,corporate_park,514200,161,0,1577000,2350300,1836000,0
2023-11-21,ATM004,rural_branch,304500,95,0,922000,1269800,965300,0
2023-11-21,ATM005,transit_hub,898700,281,0,2890000,3679600,2780900,0
2023-11-22,ATM001,metro_retail,907200,284,0,0,1497200,590000,0
2023-11-22,ATM002,urban_residential,459000,143,0,0,1480100,1021100,0
2023-11-22,ATM003,corporate_park,525800,164,0,0,1836000,1310300,0
2023-11-22,ATM004,rural_branch,317800,99,0,0,965300,647500,0
2023-11-22,ATM005,transit_hub,969500,303,0,0,2780900,1811400,0
2023-11-23,ATM001,metro_retail,967700,302,0,2950000,3540000,2572300,0
2023-11-23,ATM002,urban_residential,442500,138,0,0,1021100,578600,0
2023-11-23,ATM003,corporate_park,525700,164,0,0,1310300,784500,0
2023-11-23,ATM004,rural_branch,297000,93,0,0,647500,350500,0
2023-11-23,ATM005,transit_hub,1042700,326,0,0,1811400,768700,0
2023-11-24,ATM001,metro_retail,1232300,385,0,0,2572300,1340000,0
2023-11-24,ATM002,urban_residential,700900,219,0,1451000,2029600,1328700,0
2023-11-24,ATM003,corporate_park,916300,286,0,1565000,2349500,1433300,0
2023-11-24,ATM004,rural_branch,419400,131,0,920000,1270500,851100,0
2023-11-24,ATM005,transit_hub,1221300,382,0,2911000,3679700,2458400,0
2023-11-25,ATM001,metro_retail,1340000,419,0,0,1340000,0,1
2023-11-25,ATM002,urban_residential,905900,283,0,0,1328700,422800,0
2023-11-25,ATM003,corporate_park,819200,256,0,0,1433300,614000,0
2023-11-25,ATM004,rural_branch,717900,224,0,0,851100,133200,0
2023-11-25,ATM005,transit_hub,1753100,548,0,0,2458400,705300,0
2023-11-26,ATM001,metro_retail,1380400,431,0,3540000,3540000,2159600,0
2023-11-26,ATM002,urban_residential,695700,217,0,1607000,2029800,1334000,0
2023-11-26,ATM003,corporate_park,871100,272,0,1736000,2350000,1478900,0
2023-11-26,ATM004,rural_branch,581700,182,0,1137000,1270200,688500,0
2023-11-26,ATM005,transit_hub,1492600,466,0,2975000,3680300,2187700,0
2023-11-27,ATM001,metro_retail,1097000,343,0,0,2159600,1062700,0
2023-11-27,ATM002,urban_residential,624800,195,0,0,1334000,709300,0
2023-11-27,ATM003,corporate_park,558000,174,0,0,1478900,920900,0
2023-11-27,ATM004,rural_branch,460600,144,0,0,688500,227800,0
2023-11-27,ATM005,transit_hub,1104200,345,0,0,2187700,1083500,0
2023-11-28,ATM001,metro_retail,1179100,368,0,2477000,3539700,2360600,0
2023-11-28,ATM002,urban_residential,571400,179,0,1321000,2030300,1458900,0
2023-11-28,ATM003,corporate_park,621000,194,0,0,920900,299800,0
2023-11-28,ATM004,rural_branch,390400,122,0,1042000,1269800,879400,0
2023-11-28,ATM005,transit_hub,1113500,348,0,2597000,3680500,2567000,0
2023-11-29,ATM001,metro_retail,1058000,331,0,0,2360600,1302500,0
2023-11-29,ATM002,urban_residential,669400,209,0,0,1458900,789400,0
2023-11-29,ATM003,corporate_park,762800,238,0,2050000,2349800,1587000,0
2023-11-29,ATM004,rural_branch,375500,117,0,0,879400,503900,0
2023-11-29,ATM005,transit_hub,959900,300,0,0,2567000,1607000,0
2023-11-30,ATM001,metro_retail,1302500,407,0,0,1302500,0,1
2023-11-30,ATM002,urban_residential,668200,209,0,0,789400,121200,0
2023-11-30,ATM003,corporate_park,778500,243,0,0,1587000,808500,0
2023-11-30,ATM004,rural_branch,454900,142,0,0,503900,49000,0
2023-11-30,ATM005,transit_hub,1288900,403,0,0,1607000,318100,0
2023-12-01,ATM001,metro_retail,1920800,600,0,3540000,3540000,1619200,0
2023-12-01,ATM002,urban_residential,974700,305,0,1909000,2030200,1055500,0
2023-12-01,ATM003,corporate_park,936800,293,0,1541000,2349500,1412700,0
2023-12-01,ATM004,rural_branch,826800,258,0,1221000,1270000,443300,0
2023-12-01,ATM005,transit_hub,2027000,633,0,3362000,3680100,1653100,0
2023-12-02,ATM001,metro_retail,1619200,506,0,0,1619200,0,1
2023-12-02,ATM002,urban_residential,1055500,330,0,0,1055500,0,1
2023-12-02,ATM003,corporate_park,1320800,413,0,0,1412700,92000,0
2023-12-02,ATM004,rural_branch,443300,139,0,0,443300,0,1
2023-12-02,ATM005,transit_hub,1653100,517,0,0,1653100,0,1
2023-12-03,ATM001,metro_retail,1747300,546,0,3540000,3540000,1792700,0
2023-12-03,ATM002,urban_residential,968200,303,0,2030000,2030000,1061800,0
2023-12-03,ATM003,corporate_park,996700,311,0,2258000,2350000,1353300,0
2023-12-03,ATM004,rural_branch,716800,224,0,1270000,1270000,553200,0
2023-12-03,ATM005,transit_hub,2041600,638,0,3680000,3680000,1638400,0
2023-12-04,ATM001,metro_retail,954400,298,0,0,1792700,838300,0
2023-12-04,ATM002,urban_residential,575200,180,0,0,1061800,486700,0
2023-12-04,ATM003,corporate_park,708600,221,0,0,1353300,644600,0
2023-12-04,ATM004,rural_branch,481300,150,0,0,553200,71900,0
2023-12-04,ATM005,transit_hub,1112400,348,0,0,1638400,526000,0
2023-12-05,ATM001,metro_retail,845100,264,0,2702000,3540300,2695200,0
2023-12-05,ATM002,urban_residential,582900,182,0,1543000,2029700,1446700,0
2023-12-05,ATM003,corporate_park,629200,197,0,1705000,2349600,1720400,0
2023-12-05,ATM004,rural_branch,342000,107,0,1198000,1269900,927900,0
2023-12-05,ATM005,transit_hub,869100,272,0,3154000,3680000,2810900,0
2023-12-06,ATM001,metro_retail,832000,260,0,0,2695200,1863200,0
2023-12-06,ATM002,urban_residential,436300,136,0,0,1446700,1010400,0
2023-12-06,ATM003,corporate_park,525200,164,0,0,1720400,1195200,0
2023-12-06,ATM004,rural_branch,327300,102,0,0,927900,600700,0
2023-12-06,ATM005,transit_hub,982000,307,0,0,2810900,1828900,0
2023-12-07,ATM001,metro_retail,999400,312,0,0,1863200,863800,0
2023-12-07,ATM002,urban_residential,531000,166,0,0,1010400,479400,0
2023-12-07,ATM003,corporate_park,631600,197,0,0,1195200,563600,0
2023-12-07,ATM004,rural_branch,410200,128,0,0,600700,190500,0
2023-12-07,ATM005,transit_hub,1124400,351,0,0,1828900,704500,0
2023-12-08,ATM001,metro_retail,1300400,406,0,2676000,3539800,2239400,0
2023-12-08,ATM002,urban_residential,735500,230,0,1551000,2030400,1294900,0
2023-12-08,ATM003,corporate_park,810900,253,0,1786000,2349600,1538700,0
2023-12-08,ATM004,rural_branch,487900,152,0,1080000,1270500,782600,0
2023-12-08,ATM005,transit_hub,1232500,385,0,2975000,3679500,2447000,0
2023-12-09,ATM001,metro_retail,1694500,530,0,0,2239400,544900,0
2023-12-09,ATM002,urban_residential,886600,277,0,0,1294900,408300,0
2023-12-09,ATM003,corporate_park,887700,277,0,0,1538700,651100,0
2023-12-09,ATM004,rural_branch,761000,238,0,0,782600,21600,0
2023-12-09,ATM005,transit_hub,1418600,443,0,0,2447000,1028300,0
2023-12-10,ATM001,metro_retail,1389700,434,0,2995000,3539900,2150300,0
2023-12-10,ATM002,urban_residential,754500,236,0,1622000,2030300,1275800,0
2023-12-10,ATM003,corporate_park,898500,281,0,1699000,2350100,1451600,0
2023-12-10,ATM004,rural_branch,558000,174,0,1248000,1269600,711500,0
2023-12-10,ATM005,transit_hub,1441000,450,0,2652000,3680300,2239300,0
2023-12-11,ATM001,metro_retail,1221300,382,0,0,2150300,929000,0
2023-12-11,ATM002,urban_residential,541600,169,0,0,1275800,734200,0
2023-12-11,ATM003,corporate_park,731800,229,0,0,1451600,719800,0
2023-12-11,ATM004,rural_branch,398700,125,0,0,711500,312900,0
2023-12-11,ATM005,transit_hub,1072900,335,0,0,2239300,1166400,0
2023-12-12,ATM001,metro_retail,952100,298,0,2611000,3540000,2588000,0
2023-12-12,ATM002,urban_residential,510500,160,0,0,734200,223600,0
2023-12-12,ATM003,corporate_park,504400,158,0,1630000,2349800,1845400,0
2023-12-12,ATM004,rural_branch,353000,110,0,957000,1269900,916900,0
2023-12-12,ATM005,transit_hub,885600,277,0,2514000,3680400,2794800,0
2023-12-13,ATM001,metro_retail,804000,251,0,0,2588000,1784000,0
2023-12-13,ATM002,urban_residential,490100,153,0,1806000,2029600,1539500,0
2023-12-13,ATM003,corporate_park,467600,146,0,0,1845400,1377800,0
2023-12-13,ATM004,rural_branch,353800,111,0,0,916900,563100,0
2023-12-13,ATM005,transit_hub,939000,293,0,0,2794800,1855900,0
2023-12-14,ATM001,metro_retail,1017300,318,0,0,1784000,766600,0
2023-12-14,ATM002,urban_residential,497400,155,0,0,1539500,1042200,0
2023-12-14,ATM003,corporate_park,629500,197,0,0,1377800,748300,0
2023-12-14,ATM004,rural_branch,341300,107,0,0,563100,221800,0
2023-12-14,ATM005,transit_hub,835900,261,0,0,1855900,1019900,0
2023-12-15,ATM001,metro_retail,1325100,414,0,2773000,3539600,2214600,0
2023-12-15,ATM002,urban_residential,679700,212,0,0,1042200,362500,0
2023-12-15,ATM003,corporate_park,868700,271,0,1602000,2350300,1481600,0
2023-12-15,ATM004,rural_branch,588900,184,0,1048000,1269800,680800,0
2023-12-15,ATM005,transit_hub,1471600,460,0,2660000,3679900,2208300,0
2023-12-16,ATM001,metro_retail,1654300,517,0,0,2214600,560300,0
2023-12-16,ATM002,urban_residential,944300,295,0,1668000,2030500,1086200,0
2023-12-16,ATM003,corporate_park,884600,276,0,0,1481600,597000,0
2023-12-16,ATM004,rural_branch,680800,213,0,0,680800,0,1
2023-12-16,ATM005,transit_hub,1556200,486,0,0,2208300,652100,0
2023-12-17,ATM001,metro_retail,1580000,494,0,2980000,3540300,1960300,0
2023-12-17,ATM002,urban_residential,805000,252,0,0,1086200,281100,0
2023-12-17,ATM003,corporate_park,812400,254,0,1753000,2350000,1537600,0
2023-12-17,ATM004,rural_branch,403900,126,0,1270000,1270000,866100,0
2023-12-17,ATM005,transit_hub,1791900,560,0,3028000,3680100,1888300,0
2023-12-18,ATM001,metro_retail,976900,305,0,0,1960300,983400,0
2023-12-18,ATM002,urban_residential,581000,182,0,1749000,2030100,1449200,0
2023-12-18,ATM003,corporate_park,646700,202,0,0,1537600,890900,0
2023-12-18,ATM004,rural_branch,361100,113,0,0,866100,505000,0
2023-12-18,ATM005,transit_hub,1174700,367,0,0,1888300,713600,0
2023-12-19,ATM001,metro_retail,917300,287,0,2557000,3540400,2623100,0
2023-12-19,ATM002,urban_residential,426900,133,0,0,1449200,1022300,0
2023-12-19,ATM003,corporate_park,530200,166,0,0,890900,360700,0
2023-12-19,ATM004,rural_branch,343700,107,0,0,505000,161300,0
2023-12-19,ATM005,transit_hub,916200,286,0,2966000,3679600,2763500,0
2023-12-20,ATM001,metro_retail,799600,250,0,0,2623100,1823500,0
2023-12-20,ATM002,urban_residential,464800,145,0,0,1022300,557500,0
2023-12-20,ATM003,corporate_park,492500,154,0,1989000,2349700,1857300,0
2023-12-20,ATM004,rural_branch,293700,92,0,1109000,1270300,976600,0
2023-12-20,ATM005,transit_hub,799900,250,0,0,2763500,1963500,0
2023-12-21,ATM001,metro_retail,936600,293,0,0,1823500,886800,0
2023-12-21,ATM002,urban_residential,453200,142,0,1473000,2030500,1577300,0
2023-12-21,ATM003,corporate_park,540500,169,0,0,1857300,1316800,0
2023-12-21,ATM004,rural_branch,424200,133,0,0,976600,552400,0
2023-12-21,ATM005,transit_hub,792100,248,0,0,1963500,1171400,0
2023-12-22,ATM001,metro_retail,1315000,411,0,2653000,3539800,2224800,0
2023-12-22,ATM002,urban_residential,691200,216,0,0,1577300,886100,0
2023-12-22,ATM003,corporate_park,901500,282,0,0,1316800,415300,0
2023-12-22,ATM004,rural_branch,515200,161,0,0,552400,37300,0
2023-12-22,ATM005,transit_hub,1213300,379,0,2509000,3680400,2467200,0
2023-12-23,ATM001,metro_retail,1925800,602,0,0,2224800,299100,0
2023-12-23,ATM002,urban_residential,886100,277,0,0,886100,0,1
2023-12-23,ATM003,corporate_park,1056700,330,0,1935000,2350300,1293600,0
2023-12-23,ATM004,rural_branch,645600,202,0,1233000,1270300,624700,0
2023-12-23,ATM005,transit_hub,1590300,497,0,0,2467200,876800,0
2023-12-24,ATM001,metro_retail,1375100,430,0,3241000,3540100,2165000,0
2023-12-24,ATM002,urban_residential,771300,241,0,2030000,2030000,1258700,0
2023-12-24,ATM003,corporate_park,965000,302,0,0,1293600,328600,0
2023-12-24,ATM004,rural_branch,569100,178,0,0,624700,55600,0
2023-12-24,ATM005,transit_hub,1615200,505,0,2803000,3679800,2064700,0
2023-12-25,ATM001,metro_retail,1448400,453,1,0,2165000,716600,0
2023-12-25,ATM002,urban_residential,823300,257,1,0,1258700,435400,0
2023-12-25,ATM003,corporate_park,752600,235,1,2021000,2349600,1597000,0
2023-12-25,ATM004,rural_branch,537800,168,1,1214000,1269600,731800,0
2023-12-25,ATM005,transit_hub,1388700,434,1,0,2064700,675900,0
2023-12-26,ATM001,metro_retail,921400,288,0,2823000,3539600,2618200,0
2023-12-26,ATM002,urban_residential,468300,146,0,1595000,2030400,1562100,0
2023-12-26,ATM003,corporate_park,538900,168,0,0,1597000,1058100,0
2023-12-26,ATM004,rural_branch,310100,97,0,0,731800,421700,0
2023-12-26,ATM005,transit_hub,943200,295,0,3004000,3679900,2736700,0
2023-12-27,ATM001,metro_retail,850200,266,0,0,2618200,1768100,0
2023-12-27,ATM002,urban_residential,484700,151,0,0,1562100,1077400,0
2023-12-27,ATM003,corporate_park,551300,172,0,0,1058100,506800,0
2023-12-27,ATM004,rural_branch,326700,102,0,848000,1269700,942900,0
2023-12-27,ATM005,transit_hub,900300,281,0,0,2736700,1836400,0
2023-12-28,ATM001,metro_retail,900400,281,0,0,1768100,867600,0
2023-12-28,ATM002,urban_residential,496400,155,0,0,1077400,581000,0
2023-12-28,ATM003,corporate_park,590300,184,0,1843000,2349800,1759500,0
2023-12-28,ATM004,rural_branch,396700,124,0,0,942900,546200,0
2023-12-28,ATM005,transit_hub,932000,291,0,0,1836400,904400,0
2023-12-29,ATM001,metro_retail,1724100,539,0,2672000,3539600,1815500,0
2023-12-29,ATM002,urban_residential,959600,300,0,1449000,2030000,1070400,0
2023-12-29,ATM003,corporate_park,948800,296,0,0,1759500,810700,0
2023-12-29,ATM004,rural_branch,546200,171,0,0,546200,0,1
2023-12-29,ATM005,transit_hub,1397200,437,0,2776000,3680400,2283200,0
2023-12-30,ATM001,metro_retail,1815500,567,0,0,1815500,0,1
2023-12-30,ATM002,urban_residential,1070400,335,0,0,1070400,0,1
2023-12-30,ATM003,corporate_park,1191400,372,0,1539000,2349700,1158300,0
2023-12-30,ATM004,rural_branch,869800,272,0,1270000,1270000,400200,0
2023-12-30,ATM005,transit_hub,2138000,668,0,0,2283200,145200,0
2023-12-31,ATM001,metro_retail,2674900,836,1,3540000,3540000,865100,0
2023-12-31,ATM002,urban_residential,1354100,423,1,2030000,2030000,675900,0
2023-12-31,ATM003,corporate_park,1158300,362,1,0,1158300,0,1
2023-12-31,ATM004,rural_branch,950300,297,1,870000,1270200,319900,0
2023-12-31,ATM005,transit_hub,2791900,872,1,3535000,3680200,888300,0
